"id","word","prefecture","region","indexStatus","qualityGrade","priority","issues","nextActions","sourceCount","hasReading","hasExample","duplicateSeoGroup","notes"
"d4","ほんま？","大阪府","河内","noindex","E","P2","missing_source","source_research|keep_noindex","0","true","true","","記録済み出典がないため、資料確認まで根拠を補完しない。 現時点ではnoindex維持を推奨。"
"d5","めんこい","青森県","津軽","noindex","E","P2","missing_source","source_research|keep_noindex","0","true","true","","記録済み出典がないため、資料確認まで根拠を補完しない。 現時点ではnoindex維持を推奨。"
"d6","けっぱる","青森県","津軽","noindex","E","P2","missing_source","source_research|keep_noindex","0","true","true","","記録済み出典がないため、資料確認まで根拠を補完しない。 現時点ではnoindex維持を推奨。"
"d7","だべ","青森県","南部","noindex","E","P2","missing_source","source_research|keep_noindex","0","true","true","","記録済み出典がないため、資料確認まで根拠を補完しない。 現時点ではnoindex維持を推奨。"
"d14","なんぼ？","大阪府","大阪市","noindex","E","P2","missing_source","source_research|keep_noindex","0","true","true","","記録済み出典がないため、資料確認まで根拠を補完しない。 現時点ではnoindex維持を推奨。"
"d15","知らんけど","大阪府","大阪市","noindex","E","P2","missing_source","source_research|keep_noindex","0","true","true","","記録済み出典がないため、資料確認まで根拠を補完しない。 現時点ではnoindex維持を推奨。"
"d16","いけず","大阪府","河内","noindex","E","P2","missing_source","source_research|keep_noindex","0","true","true","","記録済み出典がないため、資料確認まで根拠を補完しない。 現時点ではnoindex維持を推奨。"
"d17","ほかす","大阪府","泉州","noindex","E","P2","missing_source","source_research|keep_noindex","0","true","true","","記録済み出典がないため、資料確認まで根拠を補完しない。 現時点ではnoindex維持を推奨。"
"d18","あかん","大阪府","大阪市","noindex","E","P2","missing_source","source_research|keep_noindex","0","true","true","","記録済み出典がないため、資料確認まで根拠を補完しない。 現時点ではnoindex維持を推奨。"
"d19","まいね","青森県","津軽","noindex","E","P2","missing_source","source_research|keep_noindex","0","true","true","","記録済み出典がないため、資料確認まで根拠を補完しない。 現時点ではnoindex維持を推奨。"
"d20","わいは","青森県","津軽","noindex","E","P2","missing_source","source_research|keep_noindex","0","true","true","","記録済み出典がないため、資料確認まで根拠を補完しない。 現時点ではnoindex維持を推奨。"
"d21","なげる","青森県","南部","noindex","E","P2","missing_source","source_research|keep_noindex","0","true","true","","記録済み出典がないため、資料確認まで根拠を補完しない。 現時点ではnoindex維持を推奨。"
"d22","けやぐ","青森県","津軽","noindex","E","P2","missing_source","source_research|keep_noindex","0","true","true","","記録済み出典がないため、資料確認まで根拠を補完しない。 現時点ではnoindex維持を推奨。"
"d23","めじゃ","青森県","下北","noindex","E","P2","missing_source","source_research|keep_noindex","0","true","true","","記録済み出典がないため、資料確認まで根拠を補完しない。 現時点ではnoindex維持を推奨。"
"jp-23-aichi-001","でら","愛知県","尾張","noindex","E","P2","publication_basis_review","candidate_for_index","1","true","true","","表示項目は揃っているが、公開根拠・確認状態の編集審査が必要なindex候補。公開状態は未変更。"
"jp-23-aichi-002","～てまう","愛知県","尾張","indexable","A","P3","","manual_editor_review","1","true","true","",""
"jp-23-aichi-003","～ほかねえ","愛知県","尾張","indexable","A","P3","","manual_editor_review","1","true","true","",""
"jp-23-aichi-004","～せせん","愛知県","尾張","indexable","A","P3","","manual_editor_review","1","true","true","",""
"jp-23-aichi-005","ほで","愛知県","尾張","indexable","A","P3","","manual_editor_review","1","true","true","",""
"jp-23-aichi-006","～やっとる","愛知県","尾張","indexable","A","P3","","manual_editor_review","1","true","true","",""
"jp-23-aichi-007","～やっとられる","愛知県","尾張","indexable","A","P3","","manual_editor_review","1","true","true","",""
"jp-23-aichi-008","～せならん","愛知県","尾張","indexable","A","P3","","manual_editor_review","1","true","true","",""
"jp-23-aichi-009","～行きよった","愛知県","尾張","indexable","A","P3","","manual_editor_review","1","true","true","",""
"jp-23-aichi-010","わしんとら","愛知県","尾張","indexable","A","P3","","manual_editor_review","1","true","true","",""
"jp-23-aichi-011","ずつない","愛知県","三河","indexable","A","P3","","manual_editor_review","1","true","true","",""
"jp-23-aichi-012","ひずるい","愛知県","三河","indexable","A","P3","","manual_editor_review","1","true","true","",""
"jp-23-aichi-013","ちんちん","愛知県","三河","indexable","A","P3","","manual_editor_review","1","true","true","",""
"jp-23-aichi-014","じゅるい","愛知県","三河","indexable","A","P3","","manual_editor_review","1","true","true","",""
"jp-23-aichi-015","まっと","愛知県","三河","indexable","A","P3","","manual_editor_review","1","true","true","",""
"jp-23-aichi-016","あかん","愛知県","三河","indexable","A","P3","","manual_editor_review","1","true","true","",""
"jp-23-aichi-017","あらーすか","愛知県","三河","indexable","A","P3","","manual_editor_review","1","true","true","",""
"jp-23-aichi-018","いきる","愛知県","三河","indexable","A","P3","","manual_editor_review","1","true","true","",""
"jp-23-aichi-019","いじる","愛知県","三河","indexable","A","P3","","manual_editor_review","1","true","true","",""
"jp-23-aichi-020","いいじゃ","愛知県","三河","indexable","A","P3","","manual_editor_review","1","true","true","",""
"jp-23-aichi-021","いね","愛知県","三河","indexable","A","P3","","manual_editor_review","1","true","true","",""
"jp-23-aichi-022","えーころはちべー","愛知県","三河","indexable","A","P3","","manual_editor_review","1","true","true","",""
"jp-23-aichi-023","おいでん","愛知県","三河","indexable","A","P3","","manual_editor_review","1","true","true","",""
"jp-23-aichi-024","往生こく","愛知県","三河","indexable","A","P3","","manual_editor_review","1","true","true","",""
"jp-23-aichi-025","おそがい","愛知県","三河","indexable","A","P3","","manual_editor_review","1","true","true","",""
"jp-23-aichi-026","きーない","愛知県","三河","indexable","A","P3","","manual_editor_review","1","true","true","",""
"jp-23-aichi-027","くむ","愛知県","三河","indexable","A","P3","","manual_editor_review","1","true","true","",""
"jp-23-aichi-028","ぐろ","愛知県","三河","indexable","A","P3","","manual_editor_review","1","true","true","",""
"jp-23-aichi-029","けなるい","愛知県","三河","indexable","A","P3","","manual_editor_review","1","true","true","",""
"jp-23-aichi-030","こんぞく","愛知県","三河","indexable","A","P3","","manual_editor_review","1","true","true","",""
"jp-23-aichi-031","さばくる","愛知県","三河","indexable","A","P3","","manual_editor_review","1","true","true","",""
"jp-23-aichi-032","地震がいる","愛知県","三河","indexable","A","P3","","manual_editor_review","1","true","true","",""
"jp-23-aichi-033","しゃーける","愛知県","三河","indexable","A","P3","","manual_editor_review","1","true","true","",""
"jp-23-aichi-034","せんしょ","愛知県","三河","indexable","A","P3","","manual_editor_review","1","true","true","",""
"jp-23-aichi-035","そこどこじゃない","愛知県","三河","indexable","A","P3","","manual_editor_review","1","true","true","",""
"jp-23-aichi-036","そぞくる","愛知県","三河","indexable","A","P3","","manual_editor_review","1","true","true","",""
"jp-23-aichi-037","そぞけがたつ","愛知県","三河","indexable","A","P3","","manual_editor_review","1","true","true","",""
"jp-23-aichi-038","ただくさもない","愛知県","三河","indexable","A","P3","","manual_editor_review","1","true","true","",""
"jp-23-aichi-039","たるい","愛知県","三河","indexable","A","P3","","manual_editor_review","1","true","true","",""
"jp-23-aichi-040","ちみきる","愛知県","三河","indexable","A","P3","","manual_editor_review","1","true","true","",""
"jp-23-aichi-041","ちゃっと","愛知県","三河","indexable","A","P3","","manual_editor_review","1","true","true","",""
"jp-23-aichi-042","ちょっこらちょいと","愛知県","三河","indexable","A","P3","","manual_editor_review","1","true","true","",""
"jp-23-aichi-043","どだいごと","愛知県","三河","indexable","A","P3","","manual_editor_review","1","true","true","",""
"jp-23-aichi-044","とったかみたか","愛知県","三河","indexable","A","P3","","manual_editor_review","1","true","true","",""
"jp-23-aichi-045","とも","愛知県","三河","indexable","A","P3","","manual_editor_review","1","true","true","",""
"jp-23-aichi-046","なんこ","愛知県","三河","indexable","A","P3","","manual_editor_review","1","true","true","",""
"jp-23-aichi-047","はきげる","愛知県","三河","indexable","A","P3","","manual_editor_review","1","true","true","",""
"jp-23-aichi-048","ひとなる","愛知県","三河","indexable","A","P3","","manual_editor_review","1","true","true","",""
"jp-23-aichi-049","ふちゃる","愛知県","三河","indexable","A","P3","","manual_editor_review","1","true","true","",""
"jp-23-aichi-050","へぼい","愛知県","三河","indexable","A","P3","","manual_editor_review","1","true","true","",""
"jp-23-aichi-051","みやいこ","愛知県","三河","indexable","A","P3","","manual_editor_review","1","true","true","",""
"jp-23-aichi-052","めっそー","愛知県","三河","indexable","A","P3","","manual_editor_review","1","true","true","",""
"jp-23-aichi-053","やぐい","愛知県","三河","indexable","A","P3","","manual_editor_review","1","true","true","",""
"jp-23-aichi-054","やけずる","愛知県","三河","indexable","A","P3","","manual_editor_review","1","true","true","",""
"jp-23-aichi-055","らんごく","愛知県","三河","indexable","A","P3","","manual_editor_review","1","true","true","",""
"jp-05-akita-001","んだ","秋田県","男鹿半島","indexable","A","P3","","manual_editor_review","1","true","true","",""
"jp-05-akita-002","おっかねえ","秋田県","男鹿半島","indexable","A","P3","","manual_editor_review","1","true","true","",""
"jp-05-akita-003","しぇば","秋田県","男鹿半島","indexable","A","P3","","manual_editor_review","1","true","true","",""
"jp-05-akita-004","ふぐろ","秋田県","男鹿半島","indexable","A","P3","","manual_editor_review","1","true","true","",""
"jp-05-akita-005","みみづぐ","秋田県","男鹿半島","indexable","A","P3","","manual_editor_review","1","true","true","",""
"jp-05-akita-006","くなんしぇ","秋田県","男鹿半島","indexable","A","P3","","manual_editor_review","1","true","true","",""
"jp-05-akita-007","あぐだえ","秋田県","男鹿半島","indexable","A","P3","","manual_editor_review","1","true","true","",""
"jp-05-akita-008","えがねえ","秋田県","男鹿半島","indexable","A","P3","","manual_editor_review","1","true","true","",""
"jp-05-akita-009","なんぎ","秋田県","男鹿半島","indexable","A","P3","","manual_editor_review","1","true","true","",""
"jp-05-akita-010","アグ","秋田県","県北","indexable","C","P1","missing_reading|missing_example","reading_verification|example_research","1","false","false","",""
"jp-05-akita-011","ンミャ","秋田県","県北","indexable","C","P1","missing_reading|missing_example","reading_verification|example_research","1","false","false","",""
"jp-05-akita-012","へば","秋田県","県央","indexable","C","P1","missing_reading|missing_example","reading_verification|example_research","1","false","false","",""
"jp-05-akita-013","がっこ","秋田県","県南","indexable","C","P1","missing_reading|missing_example","reading_verification|example_research","1","false","false","",""
"jp-05-akita-014","かだる","秋田県","県南","indexable","C","P1","missing_reading|missing_example","reading_verification|example_research","1","false","false","",""
"jp-05-akita-015","ねねね","秋田県","県南","indexable","C","P1","missing_reading|missing_example","reading_verification|example_research","1","false","false","",""
"jp-05-akita-016","ばっけ","秋田県","県南","indexable","C","P1","missing_reading|missing_example","reading_verification|example_research","1","false","false","",""
"jp-05-akita-017","あんぷら","秋田県","男鹿半島","indexable","C","P1","missing_reading|missing_example","reading_verification|example_research","1","false","false","",""
"jp-02-aomori-001","アレー、センセ《ガ°》ツィグエ ハゴンデェ イダ。","青森県","下北","indexable","B","P1","missing_reading","reading_verification","1","false","true","",""
"jp-02-aomori-002","アレー、センセガ タッテイタヨ。","青森県","下北","indexable","B","P1","missing_reading","reading_verification","1","false","true","",""
"jp-02-aomori-003","イッツィモ ヤサシー センセーガ キョーワ キビシカッタナー。","青森県","下北","indexable","B","P1","missing_reading","reading_verification","1","false","true","",""
"jp-02-aomori-004","センセ ワゲ ヒトダッタ。","青森県","下北","indexable","B","P1","missing_reading","reading_verification","1","false","true","",""
"jp-02-aomori-005","タローサ オーキナ オド ギゴエダズィジャ。","青森県","下北","indexable","B","P1","missing_reading","reading_verification","1","false","true","",""
"jp-02-aomori-006","ワーカ゚ タオリエダラー セワシテェ キレロヨ。","青森県","下北","indexable","B","P1","missing_reading","reading_verification","1","false","true","",""
"jp-02-aomori-007","オメガ タオリエダラ ワーカ゚ セワシテヤル。","青森県","下北","indexable","B","P1","missing_reading","reading_verification","1","false","true","",""
"jp-02-aomori-008","アイカ゚ タオリエダラ ダー セワ スルンダベ。","青森県","下北","indexable","B","P1","missing_reading","reading_verification","1","false","true","",""
"jp-02-aomori-009","タローカ゚ タオリエダラ ダーイ セワスルンダベナー。","青森県","下北","indexable","B","P1","missing_reading","reading_verification","1","false","true","",""
"jp-02-aomori-010","オトチャン タオリエダラ タイヘンダナー。","青森県","下北","indexable","B","P1","missing_reading","reading_verification","1","false","true","",""
"jp-02-aomori-011","オンジャ タオリエダラ ワーイカ゚ セワシテヤル。","青森県","下北","indexable","B","P1","missing_reading","reading_verification","1","false","true","",""
"jp-02-aomori-012","トモダジカ゚ タオリエダジ チャーント セワシテヤリエヨ。","青森県","下北","indexable","B","P1","missing_reading","reading_verification","1","false","true","",""
"jp-02-aomori-013","イーノ イヌカ゚ タオリエダラ タイヒェンダカラー チャント イェサ ヤッテェ オギェヨ。","青森県","下北","indexable","B","P1","missing_reading","reading_verification","1","false","true","",""
"jp-02-aomori-014","ソコニ アル カンバンカ゚ タオリエダラ タイヒェンダ。オモルイ ツィキェデェ オギェヨ。","青森県","下北","indexable","B","P1","missing_reading","reading_verification","1","false","true","",""
"jp-02-aomori-015","タロー オモチャ オワシタド。","青森県","下北","indexable","B","P1","missing_reading","reading_verification","1","false","true","",""
"jp-02-aomori-016","カワ シマノ マンナガ ナガリエデェルズィジャー。","青森県","下北","indexable","B","P1","missing_reading","reading_verification","1","false","true","",""
"jp-02-aomori-017","タロー イギェデェ オヨイデェルド。","青森県","下北","indexable","B","P1","missing_reading","reading_verification","1","false","true","",""
"jp-02-aomori-018","タロー イギェデェ オボリエデェ スィンダド。","青森県","下北","indexable","B","P1","missing_reading","reading_verification","1","false","true","",""
"jp-02-aomori-019","ヤー、ビックリスルナー。タローカ゚ ツィクエォ ハゴンデイダ。","青森県","下北","indexable","B","P1","missing_reading","reading_verification","1","false","true","",""
"jp-02-aomori-020","ヨグ ワガナガッタキェドモ ダーレガ ツィグエ ハゴンデェ イッタノガナー。","青森県","下北","indexable","B","P1","missing_reading","reading_verification","1","false","true","",""
"jp-02-aomori-021","イヤ イヤ、ダレデモナイ、タローカ゚ ハゴンデェイッタンダヨ。","青森県","下北","indexable","B","P1","missing_reading","reading_verification","1","false","true","",""
"jp-02-aomori-022","タローカ゚ ツィクエォ ハゴンデェイダトキ ミンナ タダ ミデェダゾ。","青森県","下北","indexable","B","P1","missing_reading","reading_verification","1","false","true","",""
"jp-02-aomori-023","ヤー、ビックリシタ。タロー アルイデェア。","青森県","下北","indexable","B","P1","missing_reading","reading_verification","1","false","true","",""
"jp-02-aomori-024","ダー アルイデェアノ。","青森県","下北","indexable","B","P1","missing_reading","reading_verification","1","false","true","",""
"jp-02-aomori-025","ワイデェ ネ、ワイデェ ネ、タロー アルイデェイッタ。","青森県","下北","indexable","B","P1","missing_reading","reading_verification","1","false","true","",""
"jp-02-aomori-026","タローカ゚ アルイデェア トキニ ナーシニェ オメ コイェ カギェネノヨ。","青森県","下北","indexable","B","P1","missing_reading","reading_verification","1","false","true","",""
"jp-02-aomori-027","タイヒェンダ、タイヒェンダ、タロー タオリエデェラ。","青森県","下北","indexable","B","P1","missing_reading","reading_verification","1","false","true","",""
"jp-02-aomori-028","ダー タオリエデェアンダ。","青森県","下北","indexable","B","P1","missing_reading","reading_verification","1","false","true","",""
"jp-02-aomori-029","ダイダガド オモッタキャ タローカ゚ タオリエデェアンダ。","青森県","下北","indexable","B","P1","missing_reading","reading_verification","1","false","true","",""
"jp-02-aomori-030","ナーシテェ タローカ゚ タオリエダ ドギニ コイェ カギェネノサ。","青森県","下北","indexable","B","P1","missing_reading","reading_verification","1","false","true","",""
"jp-02-aomori-031","タローカ゚ タオリエデェア ドゴ ドコダッタ。","青森県","下北","indexable","B","P1","missing_reading","reading_verification","1","false","true","",""
"jp-02-aomori-032","タローカ゚ タオリエダラ オメスイカ ネンデェネノガ カイゴ°。","青森県","下北","indexable","B","P1","missing_reading","reading_verification","1","false","true","",""
"jp-02-aomori-033","タローカ゚ タオレデ ワイド ビョインサ ヘデッテキタ。","青森県","下北","indexable","B","P1","missing_reading","reading_verification","1","false","true","",""
"jp-02-aomori-034","イノ タロア クィノー オックィ オド クィーダンダッテ。","青森県","下北","indexable","B","P1","missing_reading","reading_verification","1","false","true","",""
"jp-02-aomori-035","ウェノ イノ タロァチサイ オド ナンデモ クィコエルンダッテヨ。","青森県","下北","indexable","B","P1","missing_reading","reading_verification","1","false","true","",""
"jp-02-aomori-036","ウェノ タロ イマ バス マッテダンダネ。","青森県","下北","indexable","B","P1","missing_reading","reading_verification","1","false","true","",""
"jp-02-aomori-037","ウジノ ババ エイゴ デギルズィジャ。","青森県","下北","indexable","B","P1","missing_reading","reading_verification","1","false","true","",""
"jp-02-aomori-038","ウジノ カガ ワイノ デンワバンゴ オボ エデア。","青森県","下北","indexable","B","P1","missing_reading","reading_verification","1","false","true","",""
"jp-02-aomori-039","ワ カガノデンワバンゴ ワスィレデマッタ。","青森県","下北","indexable","B","P1","missing_reading","reading_verification","1","false","true","",""
"jp-02-aomori-040","カガ サゲ ノンデア。","青森県","下北","indexable","B","P1","missing_reading","reading_verification","1","false","true","",""
"jp-02-aomori-041","カガ テ アラッタ。","青森県","下北","indexable","B","P1","missing_reading","reading_verification","1","false","true","",""
"jp-02-aomori-042","ムスコア ジェンコ ネガラ カシタ。","青森県","下北","indexable","B","P1","missing_reading","reading_verification","1","false","true","",""
"jp-02-aomori-043","ワ ジェンコ イッペ ホスィ。","青森県","下北","indexable","B","P1","missing_reading","reading_verification","1","false","true","",""
"jp-02-aomori-044","トナリノ ワラスィ トッチャサ ニェテル。","青森県","下北","indexable","B","P1","missing_reading","reading_verification","1","false","true","",""
"jp-02-aomori-045","ワノ ワラスャ サラ イッペ ワル。","青森県","下北","indexable","B","P1","missing_reading","reading_verification","1","false","true","",""
"jp-02-aomori-046","トナリノ ワラスャ ウェノ イノ サラ オノバ ヨク ワッタ。","青森県","下北","indexable","B","P1","missing_reading","reading_verification","1","false","true","",""
"jp-02-aomori-047","アレ ミナ クッタノガ。","青森県","下北","indexable","B","P1","missing_reading","reading_verification","1","false","true","",""
"jp-02-aomori-048","イヤ、トナリノ ワラスィー クィテサー、ウェノ ブツィダンノ センベー クテシマッタンダネー。","青森県","下北","indexable","B","P1","missing_reading","reading_verification","1","false","true","",""
"jp-02-aomori-049","ウジニ アル サラバ ワッタ。","青森県","下北","indexable","B","P1","missing_reading","reading_verification","1","false","true","",""
"jp-02-aomori-050","ワー ナバ ミデア。","青森県","下北","indexable","B","P1","missing_reading","reading_verification","1","false","true","",""
"jp-02-aomori-051","ワ タロバ ミデア。","青森県","下北","indexable","B","P1","missing_reading","reading_verification","1","false","true","",""
"jp-02-aomori-052","ワ トナリノ コドモ《ォ》 ミデア。","青森県","下北","indexable","B","P1","missing_reading","reading_verification","1","false","true","",""
"jp-02-aomori-053","ワ イヌ ミデア。","青森県","下北","indexable","B","P1","missing_reading","reading_verification","1","false","true","",""
"jp-02-aomori-054","ワ ソドバ ミデア。","青森県","下北","indexable","B","P1","missing_reading","reading_verification","1","false","true","",""
"jp-02-aomori-055","ナ ハナコバ ミデアッタッテ スィギダンダガ。","青森県","下北","indexable","B","P1","missing_reading","reading_verification","1","false","true","",""
"jp-12-chiba-001","あおなじみ","千葉県","北西部","noindex","E","P2","missing_source","source_research|keep_noindex","0","true","true","","記録済み出典がないため、資料確認まで根拠を補完しない。 現時点ではnoindex維持を推奨。"
"jp-12-chiba-002","あにした","千葉県","富津","indexable","A","P3","","manual_editor_review","1","true","true","",""
"jp-12-chiba-003","あっちんほー","千葉県","富津","indexable","A","P3","","manual_editor_review","1","true","true","",""
"jp-12-chiba-004","おいねえ","千葉県","富津","indexable","A","P3","","manual_editor_review","1","true","true","",""
"jp-12-chiba-005","おだす","千葉県","富津","indexable","A","P3","","manual_editor_review","1","true","true","",""
"jp-12-chiba-006","おらが","千葉県","富津","indexable","A","P3","","manual_editor_review","1","true","true","",""
"jp-12-chiba-007","かんだち","千葉県","富津","indexable","A","P3","","manual_editor_review","1","true","true","",""
"jp-12-chiba-008","くむ","千葉県","富津","indexable","A","P3","","manual_editor_review","1","true","true","",""
"jp-12-chiba-009","くんな","千葉県","富津","indexable","A","P3","","manual_editor_review","1","true","true","",""
"jp-12-chiba-010","けえる","千葉県","富津","indexable","A","P3","","manual_editor_review","1","true","true","",""
"jp-12-chiba-011","けんべ","千葉県","富津","indexable","A","P3","","manual_editor_review","1","true","true","",""
"jp-12-chiba-012","こわい","千葉県","富津","indexable","A","P3","","manual_editor_review","1","true","true","",""
"jp-12-chiba-013","こーらんまし","千葉県","富津","indexable","A","P3","","manual_editor_review","1","true","true","",""
"jp-12-chiba-014","そった","千葉県","富津","indexable","A","P3","","manual_editor_review","1","true","true","",""
"jp-12-chiba-015","てっぱつ","千葉県","富津","indexable","A","P3","","manual_editor_review","1","true","true","",""
"jp-12-chiba-016","てばてば","千葉県","富津","indexable","A","P3","","manual_editor_review","1","true","true","",""
"jp-12-chiba-017","びゃく","千葉県","富津","indexable","A","P3","","manual_editor_review","1","true","true","",""
"jp-12-chiba-018","やんで","千葉県","富津","indexable","A","P3","","manual_editor_review","1","true","true","",""
"jp-12-chiba-019","あごむ","千葉県","中央","indexable","B","P1","missing_example","example_research","1","true","false","",""
"jp-12-chiba-020","うっちゃる","千葉県","中央","indexable","B","P1","missing_example","example_research","1","true","false","",""
"jp-12-chiba-021","おっぺす","千葉県","中央","indexable","B","P1","missing_example","example_research","1","true","false","",""
"jp-12-chiba-022","おだよ","千葉県","中央","indexable","B","P1","missing_example","example_research","1","true","false","",""
"jp-12-chiba-023","よんまう","千葉県","中央","indexable","B","P1","missing_example","example_research","1","true","false","",""
"jp-12-chiba-024","きもいる","千葉県","中央","indexable","B","P1","missing_example","example_research","1","true","false","",""
"jp-12-chiba-025","ふっちゃげる","千葉県","中央","indexable","B","P1","missing_example","example_research","1","true","false","",""
"jp-12-chiba-026","ぼっこれる","千葉県","中央","indexable","B","P1","missing_example","example_research","1","true","false","",""
"jp-12-chiba-027","あで","千葉県","中央","indexable","B","P1","missing_example","example_research","1","true","false","",""
"jp-12-chiba-028","あんとんねぇ","千葉県","中央","indexable","B","P1","missing_example","example_research","1","true","false","",""
"jp-12-chiba-029","おーっさ","千葉県","中央","indexable","B","P1","missing_example","example_research","1","true","false","",""
"jp-12-chiba-030","うんたぇ","千葉県","中央","indexable","B","P1","missing_example","example_research","1","true","false","",""
"jp-12-chiba-031","えっかい","千葉県","中央","indexable","B","P1","missing_example","example_research","1","true","false","",""
"jp-12-chiba-032","おいない","千葉県","中央","indexable","B","P1","missing_example","example_research","1","true","false","",""
"jp-12-chiba-033","アーボ","千葉県","南部","indexable","B","P1","missing_example","example_research","1","true","false","",""
"jp-12-chiba-034","アジシタ","千葉県","南部","indexable","B","P1","missing_example","example_research","1","true","false","",""
"jp-12-chiba-035","アンダンケ","千葉県","南部","indexable","B","P1","missing_example","example_research","1","true","false","",""
"jp-12-chiba-036","アブウ","千葉県","南部","indexable","B","P1","missing_example","example_research","1","true","false","",""
"jp-12-chiba-037","アマンブシ","千葉県","南部","indexable","B","P1","missing_example","example_research","1","true","false","",""
"jp-12-chiba-038","アヤッコ","千葉県","南部","indexable","B","P1","missing_example","example_research","1","true","false","",""
"jp-12-chiba-039","アンゴ","千葉県","南部","indexable","B","P1","missing_example","example_research","1","true","false","",""
"jp-12-chiba-040","アソーチ","千葉県","南部","indexable","B","P1","missing_example","example_research","1","true","false","",""
"jp-12-chiba-041","ウップーレル","千葉県","南部","indexable","B","P1","missing_example","example_research","1","true","false","",""
"jp-12-chiba-042","ウラッポ","千葉県","南部","indexable","B","P1","missing_example","example_research","1","true","false","",""
"jp-12-chiba-043","ウンネル","千葉県","南部","indexable","B","P1","missing_example","example_research","1","true","false","",""
"jp-12-chiba-044","ウワッカ","千葉県","南部","indexable","B","P1","missing_example","example_research","1","true","false","",""
"jp-12-chiba-045","エナサ","千葉県","南部","indexable","B","P1","missing_example","example_research","1","true","false","",""
"jp-12-chiba-046","エツコ","千葉県","南部","indexable","B","P1","missing_example","example_research","1","true","false","",""
"jp-12-chiba-047","エマシ","千葉県","南部","indexable","B","P1","missing_example","example_research","1","true","false","",""
"jp-12-chiba-048","エップウ","千葉県","南部","indexable","B","P1","missing_example","example_research","1","true","false","",""
"jp-12-chiba-049","エセエデ","千葉県","南部","indexable","B","P1","missing_example","example_research","1","true","false","",""
"jp-12-chiba-050","オッケヤール","千葉県","南部","indexable","B","P1","missing_example","example_research","1","true","false","",""
"jp-12-chiba-051","オシレエ","千葉県","南部","indexable","B","P1","missing_example","example_research","1","true","false","",""
"jp-12-chiba-052","オッカク","千葉県","南部","indexable","B","P1","missing_example","example_research","1","true","false","",""
"jp-12-chiba-053","オッパレル","千葉県","南部","indexable","B","P1","missing_example","example_research","1","true","false","",""
"jp-12-chiba-054","オトテー","千葉県","南部","indexable","B","P1","missing_example","example_research","1","true","false","",""
"jp-12-chiba-055","カンマース","千葉県","南部","indexable","B","P1","missing_example","example_research","1","true","false","",""
"jp-38-ehime-001","いってこうわい","愛媛県","中予","noindex","E","P2","missing_source","source_research|keep_noindex","0","true","true","","記録済み出典がないため、資料確認まで根拠を補完しない。 現時点ではnoindex維持を推奨。"
"jp-38-ehime-002","イヤタイ","愛媛県","東予","indexable","C","P1","missing_reading|missing_example","reading_verification|example_research","1","false","false","",""
"jp-38-ehime-003","タンネル","愛媛県","東予","indexable","C","P1","missing_reading|missing_example","reading_verification|example_research","1","false","false","",""
"jp-38-ehime-004","ゴーゲニ","愛媛県","東予","indexable","C","P1","missing_reading|missing_example","reading_verification|example_research","1","false","false","",""
"jp-38-ehime-005","タシッポ","愛媛県","東予","indexable","C","P1","missing_reading|missing_example","reading_verification|example_research","1","false","false","",""
"jp-38-ehime-006","オンカレル","愛媛県","東予","indexable","C","P1","missing_reading|missing_example","reading_verification|example_research","1","false","false","",""
"jp-38-ehime-007","ゴーゴー","愛媛県","東予","indexable","B","P1","missing_reading","reading_verification","1","false","true","",""
"jp-38-ehime-008","シテッカー","愛媛県","東予","indexable","C","P1","missing_reading|missing_example","reading_verification|example_research","1","false","false","",""
"jp-38-ehime-009","オイデマヘ","愛媛県","東予","indexable","C","P1","missing_reading|missing_example","reading_verification|example_research","1","false","false","",""
"jp-38-ehime-010","ンダ","愛媛県","東予","indexable","B","P1","missing_reading","reading_verification","1","false","true","",""
"jp-38-ehime-011","ベーロ","愛媛県","東予","indexable","C","P1","missing_reading|missing_example","reading_verification|example_research","1","false","false","",""
"jp-38-ehime-012","スボ","愛媛県","東予","indexable","C","P1","missing_reading|missing_example","reading_verification|example_research","1","false","false","",""
"jp-38-ehime-013","イズミ","愛媛県","東予","indexable","C","P1","missing_reading|missing_example","reading_verification|example_research","1","false","false","",""
"jp-38-ehime-014","ほんで","愛媛県","東予","indexable","B","P1","missing_reading","reading_verification","1","false","true","",""
"jp-38-ehime-015","ケン","愛媛県","中予","indexable","C","P1","missing_reading|missing_example","reading_verification|example_research","1","false","false","",""
"jp-38-ehime-016","トンギョー","愛媛県","中予","indexable","C","P1","missing_reading|missing_example","reading_verification|example_research","1","false","false","",""
"jp-38-ehime-017","カガス","愛媛県","中予","indexable","C","P1","missing_reading|missing_example","reading_verification|example_research","1","false","false","",""
"jp-38-ehime-018","オクレ","愛媛県","中予","indexable","C","P1","missing_reading|missing_example","reading_verification|example_research","1","false","false","",""
"jp-38-ehime-019","ケー","愛媛県","中予","indexable","B","P1","missing_reading","reading_verification","1","false","true","",""
"jp-38-ehime-020","ホージャロ　ゲー","愛媛県","中予","indexable","B","P1","missing_reading","reading_verification","1","false","true","",""
"jp-38-ehime-021","テイレギ","愛媛県","中予","indexable","C","P1","missing_reading|missing_example","reading_verification|example_research","1","false","false","",""
"jp-38-ehime-022","アギト","愛媛県","中予","indexable","C","P1","missing_reading|missing_example","reading_verification|example_research","1","false","false","",""
"jp-38-ehime-023","アズル","愛媛県","中予","indexable","C","P1","missing_reading|missing_example","reading_verification|example_research","1","false","false","",""
"jp-38-ehime-024","ガイナ","愛媛県","中予","indexable","C","P1","missing_reading|missing_example","reading_verification|example_research","1","false","false","",""
"jp-38-ehime-025","ツバエル","愛媛県","中予","indexable","C","P1","missing_reading|missing_example","reading_verification|example_research","1","false","false","",""
"jp-38-ehime-026","センチ","愛媛県","中予","indexable","C","P1","missing_reading|missing_example","reading_verification|example_research","1","false","false","",""
"jp-38-ehime-027","ソーダス　カ","愛媛県","南予","indexable","C","P1","missing_reading|missing_example","reading_verification|example_research","1","false","false","",""
"jp-38-ehime-028","ハーイ","愛媛県","南予","indexable","C","P1","missing_reading|missing_example","reading_verification|example_research","1","false","false","",""
"jp-38-ehime-029","キーテ","愛媛県","南予","indexable","C","P1","missing_reading|missing_example","reading_verification|example_research","1","false","false","",""
"jp-38-ehime-030","シテ　ヤンナハラン　カ","愛媛県","南予","indexable","C","P1","missing_reading|missing_example","reading_verification|example_research","1","false","false","",""
"jp-38-ehime-031","シチョル","愛媛県","南予","indexable","C","P1","missing_reading|missing_example","reading_verification|example_research","1","false","false","",""
"jp-38-ehime-032","ヅツナイ","愛媛県","南予","indexable","C","P1","missing_reading|missing_example","reading_verification|example_research","1","false","false","",""
"jp-38-ehime-033","カタタン","愛媛県","南予","indexable","C","P1","missing_reading|missing_example","reading_verification|example_research","1","false","false","",""
"jp-38-ehime-034","オガメ","愛媛県","南予","indexable","C","P1","missing_reading|missing_example","reading_verification|example_research","1","false","false","",""
"jp-38-ehime-035","ルイチュー","愛媛県","南予","indexable","C","P1","missing_reading|missing_example","reading_verification|example_research","1","false","false","",""
"jp-38-ehime-036","アル　ゾカ","愛媛県","南予","indexable","C","P1","missing_reading|missing_example","reading_verification|example_research","1","false","false","",""
"jp-38-ehime-037","タカデ","愛媛県","南予","indexable","B","P1","missing_reading","reading_verification","1","false","true","",""
"jp-38-ehime-038","ソーダス　ナーシ","愛媛県","南予","indexable","B","P1","missing_reading","reading_verification","1","false","true","",""
"jp-38-ehime-039","ドコデ　カイナハッタンジャロー","愛媛県","南予","indexable","B","P1","missing_reading","reading_verification","1","false","true","",""
"jp-38-ehime-040","ヨンヂャンナハレ","愛媛県","南予","indexable","C","P1","missing_reading|missing_example","reading_verification|example_research","1","false","false","",""
"jp-38-ehime-041","ジャガイモ","愛媛県","今治・しまなみ海道周辺の島嶼部","indexable","C","P1","missing_reading|missing_example","reading_verification|example_research","1","false","false","",""
"jp-38-ehime-042","カントイモ","愛媛県","今治・しまなみ海道周辺の島嶼部","indexable","C","P1","missing_reading|missing_example","reading_verification|example_research","1","false","false","",""
"jp-38-ehime-043","コーボーイモ","愛媛県","今治・しまなみ海道周辺の島嶼部","indexable","C","P1","missing_reading|missing_example","reading_verification|example_research","1","false","false","",""
"jp-38-ehime-044","ダンナシュ","愛媛県","今治・しまなみ海道周辺の島嶼部","indexable","C","P1","missing_reading|missing_example","reading_verification|example_research","1","false","false","",""
"jp-38-ehime-045","グベンシャ","愛媛県","今治・しまなみ海道周辺の島嶼部","indexable","C","P1","missing_reading|missing_example","reading_verification|example_research","1","false","false","",""
"jp-38-ehime-046","ネヤ","愛媛県","今治・しまなみ海道周辺の島嶼部","indexable","C","P1","missing_reading|missing_example","reading_verification|example_research","1","false","false","",""
"jp-38-ehime-047","誰","愛媛県","今治・しまなみ海道周辺の島嶼部","noindex","D","P2","missing_example|core_evidence_scope_incomplete|duplicate_seo","example_research|duplicate_review|seo_metadata_review|keep_noindex","1","true","false","title-3|description-4","重複は文字列・SEO一致に基づく候補であり、統合には地域差と原資料の人間確認が必要。 現時点ではnoindex維持を推奨。"
"jp-38-ehime-048","誰","愛媛県","今治・しまなみ海道周辺の島嶼部","noindex","D","P2","missing_example|core_evidence_scope_incomplete|duplicate_seo","example_research|duplicate_review|seo_metadata_review|keep_noindex","1","true","false","title-3|description-4","重複は文字列・SEO一致に基づく候補であり、統合には地域差と原資料の人間確認が必要。 現時点ではnoindex維持を推奨。"
"jp-38-ehime-049","どこ","愛媛県","今治・しまなみ海道周辺の島嶼部","noindex","D","P2","missing_example|core_evidence_scope_incomplete|duplicate_seo","example_research|duplicate_review|seo_metadata_review|keep_noindex","1","true","false","title-4|description-5","重複は文字列・SEO一致に基づく候補であり、統合には地域差と原資料の人間確認が必要。 現時点ではnoindex維持を推奨。"
"jp-38-ehime-050","どこ","愛媛県","今治・しまなみ海道周辺の島嶼部","noindex","D","P2","missing_example|core_evidence_scope_incomplete|duplicate_seo","example_research|duplicate_review|seo_metadata_review|keep_noindex","1","true","false","title-4|description-5","重複は文字列・SEO一致に基づく候補であり、統合には地域差と原資料の人間確認が必要。 現時点ではnoindex維持を推奨。"
"jp-38-ehime-051","朝が","愛媛県","宇和海側の島嶼部（九島）","noindex","D","P2","missing_reading|missing_example|core_evidence_scope_incomplete|duplicate_seo","reading_verification|example_research|duplicate_review|seo_metadata_review|keep_noindex","1","false","false","title-5|description-6","重複は文字列・SEO一致に基づく候補であり、統合には地域差と原資料の人間確認が必要。 現時点ではnoindex維持を推奨。"
"jp-38-ehime-052","朝が","愛媛県","宇和海側の島嶼部（九島）","noindex","D","P2","missing_reading|missing_example|core_evidence_scope_incomplete|duplicate_seo","reading_verification|example_research|duplicate_review|seo_metadata_review|keep_noindex","1","false","false","title-5|description-6","重複は文字列・SEO一致に基づく候補であり、統合には地域差と原資料の人間確認が必要。 現時点ではnoindex維持を推奨。"
"jp-38-ehime-053","烏","愛媛県","宇和海側の島嶼部（九島）","noindex","D","P2","missing_reading|missing_example|core_evidence_scope_incomplete|duplicate_seo","reading_verification|example_research|duplicate_review|seo_metadata_review|keep_noindex","1","false","false","title-6|description-7","重複は文字列・SEO一致に基づく候補であり、統合には地域差と原資料の人間確認が必要。 現時点ではnoindex維持を推奨。"
"jp-38-ehime-054","烏","愛媛県","宇和海側の島嶼部（九島）","noindex","D","P2","missing_reading|missing_example|core_evidence_scope_incomplete|duplicate_seo","reading_verification|example_research|duplicate_review|seo_metadata_review|keep_noindex","1","false","false","title-6|description-7","重複は文字列・SEO一致に基づく候補であり、統合には地域差と原資料の人間確認が必要。 現時点ではnoindex維持を推奨。"
"jp-38-ehime-055","牛が","愛媛県","宇和海側の島嶼部（九島）","noindex","D","P2","missing_reading|missing_example|core_evidence_scope_incomplete|duplicate_seo","reading_verification|example_research|duplicate_review|seo_metadata_review|keep_noindex","1","false","false","title-7|description-8","重複は文字列・SEO一致に基づく候補であり、統合には地域差と原資料の人間確認が必要。 現時点ではnoindex維持を推奨。"
"jp-38-ehime-056","牛が","愛媛県","宇和海側の島嶼部（九島）","noindex","D","P2","missing_reading|missing_example|core_evidence_scope_incomplete|duplicate_seo","reading_verification|example_research|duplicate_review|seo_metadata_review|keep_noindex","1","false","false","title-7|description-8","重複は文字列・SEO一致に基づく候補であり、統合には地域差と原資料の人間確認が必要。 現時点ではnoindex維持を推奨。"
"jp-38-ehime-057","桜","愛媛県","宇和海側の島嶼部（九島）","noindex","D","P2","missing_reading|missing_example|core_evidence_scope_incomplete|duplicate_seo","reading_verification|example_research|duplicate_review|seo_metadata_review|keep_noindex","1","false","false","title-8|description-9","重複は文字列・SEO一致に基づく候補であり、統合には地域差と原資料の人間確認が必要。 現時点ではnoindex維持を推奨。"
"jp-38-ehime-058","桜","愛媛県","宇和海側の島嶼部（九島）","noindex","D","P2","missing_reading|missing_example|core_evidence_scope_incomplete|duplicate_seo","reading_verification|example_research|duplicate_review|seo_metadata_review|keep_noindex","1","false","false","title-8|description-9","重複は文字列・SEO一致に基づく候補であり、統合には地域差と原資料の人間確認が必要。 現時点ではnoindex維持を推奨。"
"jp-38-ehime-059","飴","愛媛県","宇和海側の島嶼部（九島）","noindex","E","P3","missing_reading|missing_example|core_evidence_scope_incomplete","reading_verification|example_research|keep_noindex","1","false","false","","現時点ではnoindex維持を推奨。"
"jp-38-ehime-060","雨","愛媛県","宇和海側の島嶼部（九島）","noindex","E","P3","missing_reading|missing_example|core_evidence_scope_incomplete","reading_verification|example_research|keep_noindex","1","false","false","","現時点ではnoindex維持を推奨。"
"jp-18-fukui-001","つるつるいっぱい","福井県","嶺北","noindex","E","P2","publication_basis_review","candidate_for_index","1","true","true","","表示項目は揃っているが、公開根拠・確認状態の編集審査が必要なindex候補。公開状態は未変更。"
"jp-18-fukui-002","～っさ","福井県","嶺北","indexable","C","P1","missing_reading|missing_example","reading_verification|example_research","1","false","false","",""
"jp-18-fukui-003","～やざ","福井県","嶺北","indexable","C","P1","missing_reading|missing_example","reading_verification|example_research","1","false","false","",""
"jp-18-fukui-004","ひっで","福井県","嶺北","indexable","C","P1","missing_reading|missing_example","reading_verification|example_research","1","false","false","",""
"jp-18-fukui-005","～しね（ま）","福井県","嶺北","indexable","C","P1","missing_reading|missing_example","reading_verification|example_research","1","false","false","",""
"jp-18-fukui-006","ほや（けど）","福井県","嶺北","indexable","C","P1","missing_reading|missing_example","reading_verification|example_research","1","false","false","",""
"jp-18-fukui-007","きね","福井県","嶺北","indexable","C","P1","missing_reading|missing_example","reading_verification|example_research","1","false","false","",""
"jp-18-fukui-008","じゃみじゃみ","福井県","嶺北","indexable","C","P1","missing_reading|missing_example","reading_verification|example_research","1","false","false","",""
"jp-18-fukui-009","おくんね","福井県","嶺北","indexable","C","P1","missing_reading|missing_example","reading_verification|example_research","1","false","false","",""
"jp-18-fukui-010","～してしもた","福井県","嶺北","indexable","C","P1","missing_reading|missing_example","reading_verification|example_research","1","false","false","",""
"jp-18-fukui-011","ほかす","福井県","嶺北","indexable","C","P1","missing_reading|missing_example","reading_verification|example_research","1","false","false","",""
"jp-18-fukui-012","かたいけのう","福井県","嶺北","indexable","C","P1","missing_reading|missing_example","reading_verification|example_research","1","false","false","",""
"jp-18-fukui-013","だんね","福井県","嶺北","indexable","C","P1","missing_reading|missing_example","reading_verification|example_research","1","false","false","",""
"jp-18-fukui-014","おしずかに","福井県","嶺北","indexable","C","P1","missing_reading|missing_example","reading_verification|example_research","1","false","false","",""
"jp-18-fukui-015","しねばん","福井県","嶺北","indexable","C","P1","missing_reading|missing_example","reading_verification|example_research","1","false","false","",""
"jp-18-fukui-016","ちゃがちゃが","福井県","嶺北","indexable","C","P1","missing_reading|missing_example","reading_verification|example_research","1","false","false","",""
"jp-18-fukui-017","なんなはん","福井県","嶺北","indexable","C","P1","missing_reading|missing_example","reading_verification|example_research","1","false","false","",""
"jp-18-fukui-018","あっぺこ","福井県","嶺北","indexable","C","P1","missing_reading|missing_example","reading_verification|example_research","1","false","false","",""
"jp-18-fukui-019","しゃばじゅー","福井県","嶺北","indexable","C","P1","missing_reading|missing_example","reading_verification|example_research","1","false","false","",""
"jp-18-fukui-020","かんねんのー","福井県","嶺北","indexable","C","P1","missing_reading|missing_example","reading_verification|example_research","1","false","false","",""
"jp-18-fukui-021","ぶりつる","福井県","嶺北","indexable","C","P1","missing_reading|missing_example","reading_verification|example_research","1","false","false","",""
"jp-18-fukui-022","おもっちゃ","福井県","嶺北","indexable","C","P1","missing_reading|missing_example","reading_verification|example_research","1","false","false","",""
"jp-18-fukui-023","お空にのる","福井県","嶺北","indexable","C","P1","missing_reading|missing_example","reading_verification|example_research","1","false","false","",""
"jp-18-fukui-024","おしゃはん","福井県","嶺北","indexable","C","P1","missing_reading|missing_example","reading_verification|example_research","1","false","false","",""
"jp-18-fukui-025","しっちゃかんカンノムシ","福井県","嶺北","indexable","C","P1","missing_reading|missing_example","reading_verification|example_research","1","false","false","",""
"jp-18-fukui-026","はぼたたきしゃべりばち","福井県","嶺北","indexable","C","P1","missing_reading|missing_example","reading_verification|example_research","1","false","false","",""
"jp-18-fukui-027","したるい","福井県","嶺北","indexable","C","P1","missing_reading|missing_example","reading_verification|example_research","1","false","false","",""
"jp-18-fukui-028","ふの悪い","福井県","嶺南","indexable","C","P1","missing_reading|missing_example","reading_verification|example_research","1","false","false","",""
"jp-18-fukui-029","おうら","福井県","嶺南","indexable","C","P1","missing_reading|missing_example","reading_verification|example_research","1","false","false","",""
"jp-18-fukui-030","いなす","福井県","嶺南","indexable","C","P1","missing_reading|missing_example","reading_verification|example_research","1","false","false","",""
"jp-18-fukui-031","ずし","福井県","嶺南","indexable","C","P1","missing_reading|missing_example","reading_verification|example_research","1","false","false","",""
"jp-18-fukui-032","てんぽな","福井県","嶺南","indexable","C","P1","missing_reading|missing_example","reading_verification|example_research","1","false","false","",""
"jp-18-fukui-033","ゆきおこし","福井県","嶺南","indexable","C","P1","missing_reading|missing_example","reading_verification|example_research","1","false","false","",""
"jp-18-fukui-034","きづつない","福井県","嶺南","indexable","C","P1","missing_reading|missing_example","reading_verification|example_research","1","false","false","",""
"jp-18-fukui-035","ひだるい","福井県","嶺南","indexable","C","P1","missing_reading|missing_example","reading_verification|example_research","1","false","false","",""
"jp-18-fukui-036","こべ","福井県","嶺南","indexable","C","P1","missing_reading|missing_example","reading_verification|example_research","1","false","false","",""
"jp-18-fukui-037","きんの","福井県","嶺南","indexable","C","P1","missing_reading|missing_example","reading_verification|example_research","1","false","false","",""
"jp-18-fukui-038","だわもん","福井県","嶺南","indexable","C","P1","missing_reading|missing_example","reading_verification|example_research","1","false","false","",""
"jp-18-fukui-039","となりしらず","福井県","嶺南","indexable","C","P1","missing_reading|missing_example","reading_verification|example_research","1","false","false","",""
"jp-18-fukui-040","どろず","福井県","嶺南","indexable","C","P1","missing_reading|missing_example","reading_verification|example_research","1","false","false","",""
"jp-18-fukui-041","よつばり","福井県","嶺南","indexable","C","P1","missing_reading|missing_example","reading_verification|example_research","1","false","false","",""
"jp-18-fukui-042","せいで","福井県","嶺南","indexable","C","P1","missing_reading|missing_example","reading_verification|example_research","1","false","false","",""
"jp-18-fukui-043","ひんね","福井県","嶺南","indexable","C","P1","missing_reading|missing_example","reading_verification|example_research","1","false","false","",""
"jp-18-fukui-044","おるんこおってんけ","福井県","嶺南","indexable","C","P1","missing_reading|missing_example","reading_verification|example_research","1","false","false","",""
"jp-18-fukui-045","おしまいな","福井県","嶺南","indexable","C","P1","missing_reading|missing_example","reading_verification|example_research","1","false","false","",""
"jp-18-fukui-046","なんりょ","福井県","嶺南","indexable","C","P1","missing_reading|missing_example","reading_verification|example_research","1","false","false","",""
"jp-18-fukui-047","うんじゃみ","福井県","嶺南","indexable","C","P1","missing_reading|missing_example","reading_verification|example_research","1","false","false","",""
"jp-18-fukui-048","あたん","福井県","嶺南","indexable","C","P1","missing_reading|missing_example","reading_verification|example_research","1","false","false","",""
"jp-18-fukui-049","まんでもん","福井県","嶺南","indexable","C","P1","missing_reading|missing_example","reading_verification|example_research","1","false","false","",""
"jp-18-fukui-050","のさ","福井県","嶺南","indexable","C","P1","missing_reading|missing_example","reading_verification|example_research","1","false","false","",""
"jp-18-fukui-051","すいばら立つ","福井県","嶺南","indexable","C","P1","missing_reading|missing_example","reading_verification|example_research","1","false","false","",""
"jp-18-fukui-052","どろくた","福井県","嶺南","indexable","C","P1","missing_reading|missing_example","reading_verification|example_research","1","false","false","",""
"jp-18-fukui-053","ほたえる","福井県","嶺南","indexable","C","P1","missing_reading|missing_example","reading_verification|example_research","1","false","false","",""
"jp-18-fukui-054","せんどこんど","福井県","嶺南","indexable","C","P1","missing_reading|missing_example","reading_verification|example_research","1","false","false","",""
"jp-18-fukui-055","くなづく","福井県","嶺南","indexable","C","P1","missing_reading|missing_example","reading_verification|example_research","1","false","false","",""
"jp-40-fukuoka-001","いぼる","福岡県","福岡市周辺","indexable","B","P1","missing_example","example_research","1","true","false","",""
"jp-40-fukuoka-002","えずい","福岡県","福岡市周辺","indexable","B","P1","missing_example","example_research","1","true","false","",""
"jp-40-fukuoka-003","さっち","福岡県","福岡市周辺","indexable","A","P3","","manual_editor_review","1","true","true","",""
"jp-40-fukuoka-004","そうつく","福岡県","福岡市周辺","indexable","A","P3","","manual_editor_review","1","true","true","",""
"jp-40-fukuoka-005","どげん","福岡県","福岡市周辺","indexable","A","P3","","manual_editor_review","1","true","true","",""
"jp-40-fukuoka-006","なおす","福岡県","福岡市周辺","indexable","A","P3","","manual_editor_review","1","true","true","",""
"jp-40-fukuoka-007","ねまる","福岡県","福岡市周辺","indexable","A","P3","","manual_editor_review","1","true","true","",""
"jp-40-fukuoka-008","はらかく","福岡県","福岡市周辺","indexable","A","P3","","manual_editor_review","1","true","true","",""
"jp-40-fukuoka-009","ふうたんぬるい","福岡県","福岡市周辺","indexable","A","P3","","manual_editor_review","1","true","true","",""
"jp-40-fukuoka-010","ほがす","福岡県","福岡市周辺","indexable","A","P3","","manual_editor_review","1","true","true","",""
"jp-40-fukuoka-011","なんしようと？","福岡県","福岡市周辺","indexable","B","P1","missing_example","example_research","1","true","false","",""
"jp-40-fukuoka-012","～やけん","福岡県","福岡市周辺","indexable","B","P1","missing_example","example_research","1","true","false","",""
"jp-40-fukuoka-013","よかよ","福岡県","福岡市周辺","indexable","B","P1","missing_example","example_research","1","true","false","",""
"jp-40-fukuoka-014","どげんしたと？","福岡県","福岡市周辺","indexable","B","P1","missing_example","example_research","1","true","false","",""
"jp-40-fukuoka-015","すいとー","福岡県","福岡市周辺","indexable","B","P1","missing_example","example_research","1","true","false","",""
"jp-40-fukuoka-016","バリ","福岡県","福岡市周辺","indexable","B","P1","missing_example","example_research","1","true","false","",""
"jp-40-fukuoka-017","～ちゃ","福岡県","筑豊","indexable","A","P3","","manual_editor_review","1","true","true","",""
"jp-40-fukuoka-018","けんど","福岡県","北九州","indexable","B","P1","missing_example","example_research","1","true","false","",""
"jp-40-fukuoka-019","あく","福岡県","北九州","indexable","B","P1","missing_example","example_research","1","true","false","",""
"jp-40-fukuoka-020","うちのん","福岡県","北九州","indexable","B","P1","missing_example","example_research","1","true","false","",""
"jp-40-fukuoka-021","かど","福岡県","北九州","indexable","B","P1","missing_example","example_research","1","true","false","",""
"jp-40-fukuoka-022","もーがんこ","福岡県","北九州","indexable","B","P1","missing_example","example_research","1","true","false","",""
"jp-40-fukuoka-023","どし","福岡県","北九州","indexable","B","P1","missing_example","example_research","1","true","false","",""
"jp-40-fukuoka-024","きばりて","福岡県","北九州","indexable","B","P1","missing_example","example_research","1","true","false","",""
"jp-40-fukuoka-025","いっけんけん","福岡県","北九州","indexable","B","P1","missing_example","example_research","1","true","false","",""
"jp-40-fukuoka-026","のーなった","福岡県","北九州","indexable","B","P1","missing_example","example_research","1","true","false","",""
"jp-40-fukuoka-027","おごる","福岡県","北九州","indexable","B","P1","missing_example","example_research","1","true","false","",""
"jp-40-fukuoka-028","せく","福岡県","北九州","indexable","B","P1","missing_example","example_research","1","true","false","",""
"jp-40-fukuoka-029","しろしー","福岡県","北九州","indexable","B","P1","missing_example","example_research","1","true","false","",""
"jp-40-fukuoka-030","そがーな","福岡県","北九州","indexable","B","P1","missing_example","example_research","1","true","false","",""
"jp-40-fukuoka-031","～ごとある","福岡県","北九州","indexable","B","P1","missing_example","example_research","1","true","false","",""
"jp-40-fukuoka-032","かてる","福岡県","筑豊","indexable","B","P1","missing_example","example_research","1","true","false","",""
"jp-40-fukuoka-033","～とか","福岡県","北九州","indexable","B","P1","missing_example","example_research","1","true","false","",""
"jp-40-fukuoka-034","せんどこー","福岡県","北九州","indexable","B","P1","missing_example","example_research","1","true","false","",""
"jp-40-fukuoka-035","あゆる","福岡県","筑後","indexable","A","P3","","manual_editor_review","1","true","true","",""
"jp-40-fukuoka-036","あがしこ","福岡県","筑後","indexable","A","P3","","manual_editor_review","1","true","true","",""
"jp-40-fukuoka-037","あせがる","福岡県","筑後","indexable","A","P3","","manual_editor_review","1","true","true","",""
"jp-40-fukuoka-038","あっちゃこし","福岡県","筑後","indexable","A","P3","","manual_editor_review","1","true","true","",""
"jp-40-fukuoka-039","いさる・ゆさる","福岡県","筑後","indexable","A","P3","","manual_editor_review","1","true","true","",""
"jp-40-fukuoka-040","いっちょん","福岡県","筑後","indexable","A","P3","","manual_editor_review","1","true","true","",""
"jp-40-fukuoka-041","うしつる","福岡県","筑後","indexable","A","P3","","manual_editor_review","1","true","true","",""
"jp-40-fukuoka-042","おぞむ","福岡県","筑後","indexable","A","P3","","manual_editor_review","1","true","true","",""
"jp-40-fukuoka-043","おとんことんなか","福岡県","筑後","indexable","A","P3","","manual_editor_review","1","true","true","",""
"jp-40-fukuoka-044","おらぶ","福岡県","筑後","indexable","A","P3","","manual_editor_review","1","true","true","",""
"jp-40-fukuoka-045","がまだす","福岡県","筑後","indexable","A","P3","","manual_editor_review","1","true","true","",""
"jp-40-fukuoka-046","がらるる","福岡県","筑後","indexable","A","P3","","manual_editor_review","1","true","true","",""
"jp-40-fukuoka-047","きつか","福岡県","筑後","indexable","A","P3","","manual_editor_review","1","true","true","",""
"jp-40-fukuoka-048","きる","福岡県","筑後","indexable","A","P3","","manual_editor_review","1","true","true","",""
"jp-40-fukuoka-049","げな","福岡県","筑後","indexable","A","P3","","manual_editor_review","1","true","true","",""
"jp-40-fukuoka-050","こそばいか","福岡県","筑後","indexable","A","P3","","manual_editor_review","1","true","true","",""
"jp-40-fukuoka-051","こわる","福岡県","筑後","indexable","A","P3","","manual_editor_review","1","true","true","",""
"jp-40-fukuoka-052","さばくる","福岡県","筑後","indexable","A","P3","","manual_editor_review","1","true","true","",""
"jp-40-fukuoka-053","じゅつなか","福岡県","筑後","indexable","A","P3","","manual_editor_review","1","true","true","",""
"jp-40-fukuoka-054","すこたゆる","福岡県","筑後","indexable","A","P3","","manual_editor_review","1","true","true","",""
"jp-40-fukuoka-055","～け","福岡県","筑豊","indexable","B","P1","missing_example","example_research","1","true","false","",""
"jp-40-fukuoka-056","～き","福岡県","筑豊","indexable","B","P1","missing_example","example_research","1","true","false","",""
"jp-40-fukuoka-057","～シャル","福岡県","筑豊","indexable","B","P1","missing_example","example_research","1","true","false","",""
"jp-07-fukushima-001","さすけねえ","福島県","会津","indexable","A","P3","","manual_editor_review","1","true","true","",""
"jp-07-fukushima-002","あんにゃ","福島県","会津","indexable","C","P1","missing_reading|missing_example","reading_verification|example_research","1","false","false","",""
"jp-07-fukushima-003","あね・あねさま","福島県","会津","indexable","C","P1","missing_reading|missing_example","reading_verification|example_research","1","false","false","",""
"jp-07-fukushima-004","じねんと","福島県","会津","indexable","B","P1","missing_reading","reading_verification","1","false","true","",""
"jp-07-fukushima-005","ごせやげる","福島県","会津","indexable","B","P1","missing_reading","reading_verification","1","false","true","",""
"jp-07-fukushima-006","けやれ","福島県","会津","indexable","B","P1","missing_reading","reading_verification","1","false","true","",""
"jp-07-fukushima-007","しなだ","福島県","会津","indexable","C","P1","missing_reading|missing_example","reading_verification|example_research","1","false","false","",""
"jp-07-fukushima-008","にし","福島県","会津","indexable","C","P1","missing_reading|missing_example","reading_verification|example_research","1","false","false","",""
"jp-07-fukushima-009","おらほ","福島県","会津","indexable","B","P1","missing_reading","reading_verification","1","false","true","",""
"jp-07-fukushima-010","こめら","福島県","会津","indexable","B","P1","missing_reading","reading_verification","1","false","true","",""
"jp-07-fukushima-011","めげー・めんげー","福島県","会津","indexable","B","P1","missing_reading","reading_verification","1","false","true","",""
"jp-07-fukushima-012","アオ","福島県","浜通り","indexable","C","P1","missing_reading|missing_example","reading_verification|example_research","1","false","false","",""
"jp-07-fukushima-013","アオシタ","福島県","浜通り","indexable","C","P1","missing_reading|missing_example","reading_verification|example_research","1","false","false","",""
"jp-07-fukushima-014","アオナギ","福島県","浜通り","indexable","C","P1","missing_reading|missing_example","reading_verification|example_research","1","false","false","",""
"jp-07-fukushima-015","アオメ","福島県","浜通り","indexable","C","P1","missing_reading|missing_example","reading_verification|example_research","1","false","false","",""
"jp-07-fukushima-016","アオベラ","福島県","浜通り","indexable","C","P1","missing_reading|missing_example","reading_verification|example_research","1","false","false","",""
"jp-07-fukushima-017","アカアンコウ","福島県","浜通り","indexable","C","P1","missing_reading|missing_example","reading_verification|example_research","1","false","false","",""
"jp-07-fukushima-018","アカエ","福島県","浜通り","indexable","C","P1","missing_reading|missing_example","reading_verification|example_research","1","false","false","",""
"jp-07-fukushima-019","アカサーベル","福島県","浜通り","indexable","C","P1","missing_reading|missing_example","reading_verification|example_research","1","false","false","",""
"jp-07-fukushima-020","アカジ","福島県","浜通り","indexable","C","P1","missing_reading|missing_example","reading_verification|example_research","1","false","false","",""
"jp-07-fukushima-021","アカジカレイ","福島県","浜通り","indexable","C","P1","missing_reading|missing_example","reading_verification|example_research","1","false","false","",""
"jp-07-fukushima-022","アカシタ","福島県","浜通り","indexable","C","P1","missing_reading|missing_example","reading_verification|example_research","1","false","false","",""
"jp-07-fukushima-023","アカジマコ","福島県","浜通り","indexable","C","P1","missing_reading|missing_example","reading_verification|example_research","1","false","false","",""
"jp-07-fukushima-024","アカヒゲタラ","福島県","浜通り","indexable","C","P1","missing_reading|missing_example","reading_verification|example_research","1","false","false","",""
"jp-07-fukushima-025","アカベラ","福島県","浜通り","indexable","C","P1","missing_reading|missing_example","reading_verification|example_research","1","false","false","",""
"jp-07-fukushima-026","アカベロ","福島県","浜通り","indexable","C","P1","missing_reading|missing_example","reading_verification|example_research","1","false","false","",""
"jp-07-fukushima-027","アカマコ","福島県","浜通り","indexable","C","P1","missing_reading|missing_example","reading_verification|example_research","1","false","false","",""
"jp-07-fukushima-028","アカヨ","福島県","浜通り","indexable","C","P1","missing_reading|missing_example","reading_verification|example_research","1","false","false","",""
"jp-07-fukushima-029","アゴナシ","福島県","浜通り","indexable","C","P1","missing_reading|missing_example","reading_verification|example_research","1","false","false","",""
"jp-07-fukushima-030","アサバ","福島県","浜通り","indexable","C","P1","missing_reading|missing_example","reading_verification|example_research","1","false","false","",""
"jp-07-fukushima-031","アブライシモチ","福島県","浜通り","indexable","C","P1","missing_reading|missing_example","reading_verification|example_research","1","false","false","",""
"jp-07-fukushima-032","アブラサガ","福島県","浜通り","indexable","C","P1","missing_reading|missing_example","reading_verification|example_research","1","false","false","",""
"jp-07-fukushima-033","アブラボ","福島県","浜通り","indexable","C","P1","missing_reading|missing_example","reading_verification|example_research","1","false","false","",""
"jp-07-fukushima-034","アンポン","福島県","浜通り","indexable","C","P1","missing_reading|missing_example","reading_verification|example_research","1","false","false","",""
"jp-07-fukushima-035","イシダ","福島県","浜通り","indexable","C","P1","missing_reading|missing_example","reading_verification|example_research","1","false","false","",""
"jp-07-fukushima-036","イシダカガレイ","福島県","浜通り","indexable","C","P1","missing_reading|missing_example","reading_verification|example_research","1","false","false","",""
"jp-07-fukushima-037","イシダガレイ","福島県","浜通り","indexable","C","P1","missing_reading|missing_example","reading_verification|example_research","1","false","false","",""
"jp-07-fukushima-038","イシダマコ","福島県","浜通り","indexable","C","P1","missing_reading|missing_example","reading_verification|example_research","1","false","false","",""
"jp-07-fukushima-039","イソヨ","福島県","浜通り","indexable","C","P1","missing_reading|missing_example","reading_verification|example_research","1","false","false","",""
"jp-07-fukushima-040","イナ","福島県","浜通り","indexable","C","P1","missing_reading|missing_example","reading_verification|example_research","1","false","false","",""
"jp-07-fukushima-041","イモコ","福島県","浜通り","indexable","C","P1","missing_reading|missing_example","reading_verification|example_research","1","false","false","",""
"jp-07-fukushima-042","イワシコ","福島県","浜通り","indexable","C","P1","missing_reading|missing_example","reading_verification|example_research","1","false","false","",""
"jp-07-fukushima-043","ウカガ","福島県","浜通り","indexable","C","P1","missing_reading|missing_example","reading_verification|example_research","1","false","false","",""
"jp-07-fukushima-044","ウキギ","福島県","浜通り","indexable","C","P1","missing_reading|missing_example","reading_verification|example_research","1","false","false","",""
"jp-07-fukushima-045","ウサギ","福島県","浜通り","indexable","C","P1","missing_reading|missing_example","reading_verification|example_research","1","false","false","",""
"jp-07-fukushima-046","ウサギザメ","福島県","浜通り","indexable","C","P1","missing_reading|missing_example","reading_verification|example_research","1","false","false","",""
"jp-07-fukushima-047","ウシベロ","福島県","浜通り","indexable","C","P1","missing_reading|missing_example","reading_verification|example_research","1","false","false","",""
"jp-07-fukushima-048","ウマ","福島県","浜通り","indexable","C","P1","missing_reading|missing_example","reading_verification|example_research","1","false","false","",""
"jp-07-fukushima-049","ウミカジカ","福島県","浜通り","indexable","C","P1","missing_reading|missing_example","reading_verification|example_research","1","false","false","",""
"jp-07-fukushima-050","ウミゴイ","福島県","浜通り","indexable","C","P1","missing_reading|missing_example","reading_verification|example_research","1","false","false","",""
"jp-07-fukushima-051","エイダイ","福島県","浜通り","indexable","C","P1","missing_reading|missing_example","reading_verification|example_research","1","false","false","",""
"jp-07-fukushima-052","エチオピア","福島県","浜通り","indexable","C","P1","missing_reading|missing_example","reading_verification|example_research","1","false","false","",""
"jp-07-fukushima-053","エンキリ","福島県","浜通り","indexable","C","P1","missing_reading|missing_example","reading_verification|example_research","1","false","false","",""
"jp-07-fukushima-054","オオウオ","福島県","浜通り","indexable","C","P1","missing_reading|missing_example","reading_verification|example_research","1","false","false","",""
"jp-07-fukushima-055","オオガイ","福島県","浜通り","indexable","C","P1","missing_reading|missing_example","reading_verification|example_research","1","false","false","",""
"jp-21-gifu-001","えらい","岐阜県","美濃","noindex","E","P2","missing_source","source_research|keep_noindex","0","true","true","","記録済み出典がないため、資料確認まで根拠を補完しない。 現時点ではnoindex維持を推奨。"
"jp-21-gifu-002","ほんなら","岐阜県","美濃","indexable","A","P3","","manual_editor_review","1","true","true","",""
"jp-21-gifu-003","あかん","岐阜県","美濃","indexable","A","P3","","manual_editor_review","1","true","true","",""
"jp-21-gifu-004","めいぼ","岐阜県","美濃","indexable","A","P3","","manual_editor_review","1","true","true","",""
"jp-21-gifu-005","ほんで","岐阜県","美濃","indexable","A","P3","","manual_editor_review","1","true","true","",""
"jp-21-gifu-006","ほうじゃ","岐阜県","美濃","indexable","A","P3","","manual_editor_review","1","true","true","",""
"jp-21-gifu-007","なんぎ","岐阜県","美濃","indexable","A","P3","","manual_editor_review","1","true","true","",""
"jp-21-gifu-008","ようけ","岐阜県","美濃","indexable","A","P3","","manual_editor_review","1","true","true","",""
"jp-21-gifu-009","ちょぼっと","岐阜県","美濃","indexable","A","P3","","manual_editor_review","1","true","true","",""
"jp-21-gifu-010","あんと","岐阜県","飛騨","indexable","C","P1","missing_reading|missing_example","reading_verification|example_research","1","false","false","",""
"jp-21-gifu-011","あに","岐阜県","飛騨","indexable","C","P1","missing_reading|missing_example","reading_verification|example_research","1","false","false","",""
"jp-21-gifu-012","おじ","岐阜県","飛騨","indexable","C","P1","missing_reading|missing_example","reading_verification|example_research","1","false","false","",""
"jp-21-gifu-013","あじない","岐阜県","美濃","indexable","C","P1","missing_reading|missing_example","reading_verification|example_research","1","false","false","",""
"jp-21-gifu-014","あっちべた","岐阜県","美濃","indexable","C","P1","missing_reading|missing_example","reading_verification|example_research","1","false","false","",""
"jp-21-gifu-015","あのじん","岐阜県","美濃","indexable","C","P1","missing_reading|missing_example","reading_verification|example_research","1","false","false","",""
"jp-21-gifu-016","いかっせる","岐阜県","美濃","indexable","C","P1","missing_reading|missing_example","reading_verification|example_research","1","false","false","",""
"jp-21-gifu-017","いざける","岐阜県","美濃","indexable","C","P1","missing_reading|missing_example","reading_verification|example_research","1","false","false","",""
"jp-21-gifu-018","いのく","岐阜県","美濃","indexable","C","P1","missing_reading|missing_example","reading_verification|example_research","1","false","false","",""
"jp-21-gifu-019","いりゃあ","岐阜県","美濃","indexable","C","P1","missing_reading|missing_example","reading_verification|example_research","1","false","false","",""
"jp-21-gifu-020","ええころかげん・ええこらかげん","岐阜県","美濃","indexable","C","P1","missing_reading|missing_example","reading_verification|example_research","1","false","false","",""
"jp-21-gifu-021","えか","岐阜県","美濃","indexable","C","P1","missing_reading|missing_example","reading_verification|example_research","1","false","false","",""
"jp-21-gifu-022","えぞくらしい","岐阜県","美濃","indexable","C","P1","missing_reading|missing_example","reading_verification|example_research","1","false","false","",""
"jp-21-gifu-023","おきんさい","岐阜県","美濃","indexable","C","P1","missing_reading|missing_example","reading_verification|example_research","1","false","false","",""
"jp-21-gifu-024","おうじょうする（こく）","岐阜県","美濃","indexable","C","P1","missing_reading|missing_example","reading_verification|example_research","1","false","false","",""
"jp-21-gifu-025","おぞい","岐阜県","美濃","indexable","C","P1","missing_reading|missing_example","reading_verification|example_research","1","false","false","",""
"jp-21-gifu-026","おそがい","岐阜県","美濃","indexable","C","P1","missing_reading|missing_example","reading_verification|example_research","1","false","false","",""
"jp-21-gifu-027","おまはん","岐阜県","美濃","indexable","C","P1","missing_reading|missing_example","reading_verification|example_research","1","false","false","",""
"jp-21-gifu-028","（鍵を）かう","岐阜県","美濃","indexable","C","P1","missing_reading|missing_example","reading_verification|example_research","1","false","false","",""
"jp-21-gifu-029","（ボタンを）かう","岐阜県","美濃","indexable","C","P1","missing_reading|missing_example","reading_verification|example_research","1","false","false","",""
"jp-21-gifu-030","かざかぐ","岐阜県","美濃","indexable","C","P1","missing_reading|missing_example","reading_verification|example_research","1","false","false","",""
"jp-21-gifu-031","かしわ","岐阜県","美濃","indexable","C","P1","missing_reading|missing_example","reading_verification|example_research","1","false","false","",""
"jp-21-gifu-032","かずける","岐阜県","美濃","indexable","C","P1","missing_reading|missing_example","reading_verification|example_research","1","false","false","",""
"jp-21-gifu-033","がばり","岐阜県","美濃","indexable","C","P1","missing_reading|missing_example","reading_verification|example_research","1","false","false","",""
"jp-21-gifu-034","かんこうする","岐阜県","美濃","indexable","C","P1","missing_reading|missing_example","reading_verification|example_research","1","false","false","",""
"jp-21-gifu-035","きっつくらい","岐阜県","美濃","indexable","C","P1","missing_reading|missing_example","reading_verification|example_research","1","false","false","",""
"jp-21-gifu-036","きもい","岐阜県","美濃","indexable","C","P1","missing_reading|missing_example","reading_verification|example_research","1","false","false","",""
"jp-21-gifu-037","きんのう","岐阜県","美濃","indexable","C","P1","missing_reading|missing_example","reading_verification|example_research","1","false","false","",""
"jp-21-gifu-038","くろ","岐阜県","美濃","indexable","C","P1","missing_reading|missing_example","reading_verification|example_research","1","false","false","",""
"jp-21-gifu-039","くろにえ","岐阜県","美濃","indexable","C","P1","missing_reading|missing_example","reading_verification|example_research","1","false","false","",""
"jp-21-gifu-040","けなるい・けなりい","岐阜県","美濃","indexable","C","P1","missing_reading|missing_example","reading_verification|example_research","1","false","false","",""
"jp-21-gifu-041","～げな","岐阜県","美濃","indexable","C","P1","missing_reading|missing_example","reading_verification|example_research","1","false","false","",""
"jp-21-gifu-042","ゲボする","岐阜県","美濃","indexable","C","P1","missing_reading|missing_example","reading_verification|example_research","1","false","false","",""
"jp-21-gifu-043","ごがわく","岐阜県","美濃","indexable","C","P1","missing_reading|missing_example","reading_verification|example_research","1","false","false","",""
"jp-21-gifu-044","ござる","岐阜県","美濃","indexable","C","P1","missing_reading|missing_example","reading_verification|example_research","1","false","false","",""
"jp-21-gifu-045","こすい","岐阜県","美濃","indexable","C","P1","missing_reading|missing_example","reading_verification|example_research","1","false","false","",""
"jp-21-gifu-046","ごっつぉう","岐阜県","美濃","indexable","C","P1","missing_reading|missing_example","reading_verification|example_research","1","false","false","",""
"jp-21-gifu-047","ご無礼します","岐阜県","美濃","indexable","C","P1","missing_reading|missing_example","reading_verification|example_research","1","false","false","",""
"jp-21-gifu-048","こうへん","岐阜県","美濃","indexable","C","P1","missing_reading|missing_example","reading_verification|example_research","1","false","false","",""
"jp-21-gifu-049","～さ","岐阜県","美濃","indexable","C","P1","missing_reading|missing_example","reading_verification|example_research","1","false","false","",""
"jp-21-gifu-050","ざいしょ","岐阜県","美濃","indexable","C","P1","missing_reading|missing_example","reading_verification|example_research","1","false","false","",""
"jp-21-gifu-051","しちょんさる","岐阜県","美濃","indexable","C","P1","missing_reading|missing_example","reading_verification|example_research","1","false","false","",""
"jp-21-gifu-052","しゃちやく","岐阜県","美濃","indexable","C","P1","missing_reading|missing_example","reading_verification|example_research","1","false","false","",""
"jp-21-gifu-053","じょうらかす","岐阜県","美濃","indexable","C","P1","missing_reading|missing_example","reading_verification|example_research","1","false","false","",""
"jp-21-gifu-054","ずつねえ（ない）","岐阜県","美濃","indexable","C","P1","missing_reading|missing_example","reading_verification|example_research","1","false","false","",""
"jp-21-gifu-055","そんこく","岐阜県","美濃","indexable","C","P1","missing_reading|missing_example","reading_verification|example_research","1","false","false","",""
"jp-10-gunma-001","なっから","群馬県","中毛","noindex","E","P2","missing_source","source_research|keep_noindex","0","true","true","","記録済み出典がないため、資料確認まで根拠を補完しない。 現時点ではnoindex維持を推奨。"
"jp-10-gunma-002","シロッコ","群馬県","西毛","indexable","C","P1","missing_reading|missing_example","reading_verification|example_research","1","false","false","",""
"jp-10-gunma-003","～ホシー","群馬県","西毛","indexable","C","P1","missing_reading|missing_example","reading_verification|example_research","1","false","false","",""
"jp-10-gunma-004","～オシャレ","群馬県","西毛","indexable","C","P1","missing_reading|missing_example","reading_verification|example_research","1","false","false","",""
"jp-10-gunma-005","～ハッキョーサン","群馬県","西毛","indexable","C","P1","missing_reading|missing_example","reading_verification|example_research","1","false","false","",""
"jp-10-gunma-006","タレコ","群馬県","西毛","indexable","C","P1","missing_reading|missing_example","reading_verification|example_research","1","false","false","",""
"jp-10-gunma-007","クイニゲ","群馬県","西毛","indexable","C","P1","missing_reading|missing_example","reading_verification|example_research","1","false","false","",""
"jp-10-gunma-008","アタマスキ","群馬県","西毛","indexable","C","P1","missing_reading|missing_example","reading_verification|example_research","1","false","false","",""
"jp-10-gunma-009","ゴロ","群馬県","西毛","indexable","C","P1","missing_reading|missing_example","reading_verification|example_research","1","false","false","",""
"jp-10-gunma-010","ヤスマズ","群馬県","西毛","indexable","C","P1","missing_reading|missing_example","reading_verification|example_research","1","false","false","",""
"jp-10-gunma-011","あいさっこ","群馬県","中毛","indexable","C","P1","missing_reading|missing_example","reading_verification|example_research","1","false","false","",""
"jp-10-gunma-012","足のへった","群馬県","中毛","indexable","C","P1","missing_reading|missing_example","reading_verification|example_research","1","false","false","",""
"jp-10-gunma-013","あぶせえ","群馬県","中毛","indexable","C","P1","missing_reading|missing_example","reading_verification|example_research","1","false","false","",""
"jp-10-gunma-014","あんじゃねー","群馬県","中毛","indexable","C","P1","missing_reading|missing_example","reading_verification|example_research","1","false","false","",""
"jp-10-gunma-015","うねっきり","群馬県","中毛","indexable","C","P1","missing_reading|missing_example","reading_verification|example_research","1","false","false","",""
"jp-10-gunma-016","うんまける","群馬県","中毛","indexable","C","P1","missing_reading|missing_example","reading_verification|example_research","1","false","false","",""
"jp-10-gunma-017","おっかける","群馬県","中毛","indexable","C","P1","missing_reading|missing_example","reading_verification|example_research","1","false","false","",""
"jp-10-gunma-018","おっことす","群馬県","中毛","indexable","C","P1","missing_reading|missing_example","reading_verification|example_research","1","false","false","",""
"jp-10-gunma-019","おっぱじめる","群馬県","中毛","indexable","C","P1","missing_reading|missing_example","reading_verification|example_research","1","false","false","",""
"jp-10-gunma-020","おっぺす","群馬県","中毛","indexable","C","P1","missing_reading|missing_example","reading_verification|example_research","1","false","false","",""
"jp-10-gunma-021","かしょう","群馬県","中毛","indexable","C","P1","missing_reading|missing_example","reading_verification|example_research","1","false","false","",""
"jp-10-gunma-022","かんます","群馬県","中毛","indexable","C","P1","missing_reading|missing_example","reading_verification|example_research","1","false","false","",""
"jp-10-gunma-023","くんずかや","群馬県","中毛","indexable","C","P1","missing_reading|missing_example","reading_verification|example_research","1","false","false","",""
"jp-10-gunma-024","くんねかい","群馬県","中毛","indexable","C","P1","missing_reading|missing_example","reading_verification|example_research","1","false","false","",""
"jp-10-gunma-025","けーれや","群馬県","中毛","indexable","C","P1","missing_reading|missing_example","reading_verification|example_research","1","false","false","",""
"jp-10-gunma-026","けなりー","群馬県","中毛","indexable","C","P1","missing_reading|missing_example","reading_verification|example_research","1","false","false","",""
"jp-10-gunma-027","これちんべ","群馬県","中毛","indexable","C","P1","missing_reading|missing_example","reading_verification|example_research","1","false","false","",""
"jp-10-gunma-028","しょっぺいなー","群馬県","中毛","indexable","C","P1","missing_reading|missing_example","reading_verification|example_research","1","false","false","",""
"jp-10-gunma-029","せんころ","群馬県","中毛","indexable","C","P1","missing_reading|missing_example","reading_verification|example_research","1","false","false","",""
"jp-10-gunma-030","ちっとんばい","群馬県","中毛","indexable","C","P1","missing_reading|missing_example","reading_verification|example_research","1","false","false","",""
"jp-10-gunma-031","つくむ","群馬県","中毛","indexable","C","P1","missing_reading|missing_example","reading_verification|example_research","1","false","false","",""
"jp-10-gunma-032","つっつす","群馬県","中毛","indexable","C","P1","missing_reading|missing_example","reading_verification|example_research","1","false","false","",""
"jp-10-gunma-033","でんげる","群馬県","中毛","indexable","C","P1","missing_reading|missing_example","reading_verification|example_research","1","false","false","",""
"jp-10-gunma-034","とくせい","群馬県","中毛","indexable","C","P1","missing_reading|missing_example","reading_verification|example_research","1","false","false","",""
"jp-10-gunma-035","にしらー","群馬県","中毛","indexable","C","P1","missing_reading|missing_example","reading_verification|example_research","1","false","false","",""
"jp-10-gunma-036","のして歩く","群馬県","中毛","indexable","C","P1","missing_reading|missing_example","reading_verification|example_research","1","false","false","",""
"jp-10-gunma-037","はがむ","群馬県","中毛","indexable","C","P1","missing_reading|missing_example","reading_verification|example_research","1","false","false","",""
"jp-10-gunma-038","ひずりい","群馬県","中毛","indexable","C","P1","missing_reading|missing_example","reading_verification|example_research","1","false","false","",""
"jp-10-gunma-039","ぶちゃちゃえ","群馬県","中毛","indexable","C","P1","missing_reading|missing_example","reading_verification|example_research","1","false","false","",""
"jp-10-gunma-040","ぶんまける","群馬県","中毛","indexable","C","P1","missing_reading|missing_example","reading_verification|example_research","1","false","false","",""
"jp-10-gunma-041","へんねーきゃ","群馬県","中毛","indexable","C","P1","missing_reading|missing_example","reading_verification|example_research","1","false","false","",""
"jp-10-gunma-042","めっかんねー","群馬県","中毛","indexable","C","P1","missing_reading|missing_example","reading_verification|example_research","1","false","false","",""
"jp-10-gunma-043","よすべー","群馬県","中毛","indexable","C","P1","missing_reading|missing_example","reading_verification|example_research","1","false","false","",""
"jp-10-gunma-044","やっけーだ","群馬県","中毛","indexable","C","P1","missing_reading|missing_example","reading_verification|example_research","1","false","false","",""
"jp-10-gunma-045","チッカキュー","群馬県","中毛","indexable","C","P1","missing_reading|missing_example","reading_verification|example_research","1","false","false","",""
"jp-10-gunma-046","てんで良かった","群馬県","中毛","indexable","C","P1","missing_reading|missing_example","reading_verification|example_research","1","false","false","",""
"jp-10-gunma-047","そうだむし","群馬県","中毛","indexable","C","P1","missing_reading|missing_example","reading_verification|example_research","1","false","false","",""
"jp-10-gunma-048","そうじゃあんめい","群馬県","中毛","indexable","C","P1","missing_reading|missing_example","reading_verification|example_research","1","false","false","",""
"jp-10-gunma-049","きいてんべ","群馬県","中毛","indexable","C","P1","missing_reading|missing_example","reading_verification|example_research","1","false","false","",""
"jp-10-gunma-050","飯くんべえ","群馬県","中毛","indexable","C","P1","missing_reading|missing_example","reading_verification|example_research","1","false","false","",""
"jp-10-gunma-051","はーけるきゃー","群馬県","中毛","indexable","C","P1","missing_reading|missing_example","reading_verification|example_research","1","false","false","",""
"jp-10-gunma-052","おおかとれねー","群馬県","中毛","indexable","C","P1","missing_reading|missing_example","reading_verification|example_research","1","false","false","",""
"jp-10-gunma-053","うんめえ","群馬県","中毛","indexable","C","P1","missing_reading|missing_example","reading_verification|example_research","1","false","false","",""
"jp-10-gunma-054","えぶ","群馬県","北毛","indexable","C","P1","missing_reading|missing_example","reading_verification|example_research","1","false","false","",""
"jp-10-gunma-055","えんでる","群馬県","北毛","indexable","C","P1","missing_reading|missing_example","reading_verification|example_research","1","false","false","",""
"jp-34-hiroshima-001","たいぎい","広島県","広島市周辺・県西部","indexable","A","P3","","manual_editor_review","2","true","true","",""
"jp-34-hiroshima-002","よう","広島県","広島市周辺・県西部","indexable","C","P1","missing_reading|missing_example","reading_verification|example_research","1","false","false","",""
"jp-34-hiroshima-003","よう","広島県","広島市周辺・県西部","indexable","C","P1","missing_reading|missing_example","reading_verification|example_research","1","false","false","",""
"jp-34-hiroshima-004","よう","広島県","広島市周辺・県西部","indexable","C","P1","missing_reading|missing_example","reading_verification|example_research","1","false","false","",""
"jp-34-hiroshima-005","よう＋動詞＋ん","広島県","広島市周辺・県西部","indexable","C","P1","missing_reading|missing_example","reading_verification|example_research","1","false","false","",""
"jp-34-hiroshima-006","よう＋動詞＋ん","広島県","広島市周辺・県西部","indexable","B","P1","missing_reading","reading_verification","1","false","true","",""
"jp-34-hiroshima-007","よう＋動詞＋ん","広島県","広島市周辺・県西部","indexable","C","P1","missing_reading|missing_example","reading_verification|example_research","1","false","false","",""
"jp-34-hiroshima-008","よう＋動詞＋ん","広島県","広島市周辺・県西部","indexable","C","P1","missing_reading|missing_example","reading_verification|example_research","1","false","false","",""
"jp-34-hiroshima-009","よう＋可能動詞＋ん","広島県","広島市周辺・県西部","indexable","C","P1","missing_reading|missing_example","reading_verification|example_research","1","false","false","",""
"jp-34-hiroshima-010","よう知らん","広島県","広島市周辺・県西部","indexable","C","P1","missing_reading|missing_example","reading_verification|example_research","1","false","false","",""
"jp-34-hiroshima-011","よう見ん","広島県","広島市周辺・県西部","indexable","C","P1","missing_reading|missing_example","reading_verification|example_research","1","false","false","",""
"jp-34-hiroshima-012","ホイジャカラ","広島県","広島市周辺・県西部","indexable","B","P1","missing_reading","reading_verification","1","false","true","",""
"jp-34-hiroshima-013","−んさい","広島県","呉・安芸南部","indexable","B","P1","missing_reading","reading_verification","1","false","true","",""
"jp-34-hiroshima-014","−んさいや","広島県","呉・安芸南部","indexable","C","P1","missing_reading|missing_example","reading_verification|example_research","1","false","false","",""
"jp-34-hiroshima-015","−ない（敬意命令形）","広島県","呉・安芸南部","indexable","C","P1","missing_reading|missing_example","reading_verification|example_research","1","false","false","",""
"jp-34-hiroshima-016","鼻","広島県","呉・安芸南部","noindex","E","P3","missing_reading|missing_example|core_evidence_scope_incomplete","reading_verification|example_research|keep_noindex","1","false","false","","現時点ではnoindex維持を推奨。"
"jp-34-hiroshima-017","花","広島県","呉・安芸南部","noindex","E","P3","missing_reading|missing_example|core_evidence_scope_incomplete","reading_verification|example_research|keep_noindex","1","false","false","","現時点ではnoindex維持を推奨。"
"jp-34-hiroshima-018","柄","広島県","呉・安芸南部","noindex","E","P3","missing_reading|missing_example|core_evidence_scope_incomplete","reading_verification|example_research|keep_noindex","1","false","false","","現時点ではnoindex維持を推奨。"
"jp-34-hiroshima-019","いなす","広島県","福山・尾道など県東部","indexable","C","P1","missing_reading|missing_example","reading_verification|example_research","1","false","false","",""
"jp-34-hiroshima-020","いぬる","広島県","福山・尾道など県東部","indexable","C","P1","missing_reading|missing_example","reading_verification|example_research","1","false","false","",""
"jp-34-hiroshima-021","いろう","広島県","福山・尾道など県東部","indexable","C","P1","missing_reading|missing_example","reading_verification|example_research","1","false","false","",""
"jp-34-hiroshima-022","いわえる","広島県","福山・尾道など県東部","indexable","C","P1","missing_reading|missing_example","reading_verification|example_research","1","false","false","",""
"jp-34-hiroshima-023","うがす","広島県","福山・尾道など県東部","indexable","C","P1","missing_reading|missing_example","reading_verification|example_research","1","false","false","",""
"jp-34-hiroshima-024","うがす","広島県","福山・尾道など県東部","indexable","C","P1","missing_reading|missing_example","reading_verification|example_research","1","false","false","",""
"jp-34-hiroshima-025","おらぶ","広島県","福山・尾道など県東部","indexable","C","P1","missing_reading|missing_example","reading_verification|example_research","1","false","false","",""
"jp-34-hiroshima-026","かごむ","広島県","福山・尾道など県東部","indexable","C","P1","missing_reading|missing_example","reading_verification|example_research","1","false","false","",""
"jp-34-hiroshima-027","かなぐる","広島県","福山・尾道など県東部","indexable","C","P1","missing_reading|missing_example","reading_verification|example_research","1","false","false","",""
"jp-34-hiroshima-028","きっぽ","広島県","福山・尾道など県東部","indexable","C","P1","missing_reading|missing_example","reading_verification|example_research","1","false","false","",""
"jp-34-hiroshima-029","しゅむ","広島県","福山・尾道など県東部","indexable","C","P1","missing_reading|missing_example","reading_verification|example_research","1","false","false","",""
"jp-34-hiroshima-030","しゅむ","広島県","福山・尾道など県東部","indexable","C","P1","missing_reading|missing_example","reading_verification|example_research","1","false","false","",""
"jp-34-hiroshima-031","そべら","広島県","福山・尾道など県東部","indexable","C","P1","missing_reading|missing_example","reading_verification|example_research","1","false","false","",""
"jp-34-hiroshima-032","たう","広島県","福山・尾道など県東部","indexable","C","P1","missing_reading|missing_example","reading_verification|example_research","1","false","false","",""
"jp-34-hiroshima-033","たわん","広島県","福山・尾道など県東部","indexable","C","P1","missing_reading|missing_example","reading_verification|example_research","1","false","false","",""
"jp-34-hiroshima-034","つくねる","広島県","福山・尾道など県東部","indexable","C","P1","missing_reading|missing_example","reading_verification|example_research","1","false","false","",""
"jp-34-hiroshima-035","にがる","広島県","福山・尾道など県東部","indexable","C","P1","missing_reading|missing_example","reading_verification|example_research","1","false","false","",""
"jp-34-hiroshima-036","なまける","広島県","福山・尾道など県東部","indexable","C","P1","missing_reading|missing_example","reading_verification|example_research","1","false","false","",""
"jp-34-hiroshima-037","アカェー","広島県","県北部・山間部","indexable","B","P1","missing_reading","reading_verification","1","false","true","",""
"jp-34-hiroshima-038","ヘーッテ","広島県","県北部・山間部","indexable","C","P1","missing_reading|missing_example","reading_verification|example_research","1","false","false","",""
"jp-34-hiroshima-039","オモェー","広島県","県北部・山間部","indexable","C","P1","missing_reading|missing_example","reading_verification|example_research","1","false","false","",""
"jp-34-hiroshima-040","フリー","広島県","県北部・山間部","indexable","C","P1","missing_reading|missing_example","reading_verification|example_research","1","false","false","",""
"jp-34-hiroshima-041","ドコニ イキャー","広島県","県北部・山間部","indexable","C","P1","missing_reading|missing_example","reading_verification|example_research","1","false","false","",""
"jp-34-hiroshima-042","カェータ","広島県","県北部・山間部","indexable","C","P1","missing_reading|missing_example","reading_verification|example_research","1","false","false","",""
"jp-34-hiroshima-043","カキンサイ","広島県","県北部・山間部","indexable","C","P1","missing_reading|missing_example","reading_verification|example_research","1","false","false","",""
"jp-34-hiroshima-044","カキンサンナ","広島県","県北部・山間部","indexable","C","P1","missing_reading|missing_example","reading_verification|example_research","1","false","false","",""
"jp-34-hiroshima-045","カコー","広島県","県北部・山間部","indexable","C","P1","missing_reading|missing_example","reading_verification|example_research","1","false","false","",""
"jp-34-hiroshima-046","カコー","広島県","県北部・山間部","indexable","C","P1","missing_reading|missing_example","reading_verification|example_research","1","false","false","",""
"jp-34-hiroshima-047","カクマー","広島県","県北部・山間部","indexable","C","P1","missing_reading|missing_example","reading_verification|example_research","1","false","false","",""
"jp-34-hiroshima-048","カキャー","広島県","県北部・山間部","indexable","C","P1","missing_reading|missing_example","reading_verification|example_research","1","false","false","",""
"jp-34-hiroshima-049","カカン","広島県","県北部・山間部","indexable","C","P1","missing_reading|missing_example","reading_verification|example_research","1","false","false","",""
"jp-34-hiroshima-050","カキャーセン","広島県","県北部・山間部","indexable","C","P1","missing_reading|missing_example","reading_verification|example_research","1","false","false","",""
"jp-34-hiroshima-051","カキョール","広島県","県北部・山間部","indexable","C","P1","missing_reading|missing_example","reading_verification|example_research","1","false","false","",""
"jp-34-hiroshima-052","カキタェー","広島県","県北部・山間部","indexable","C","P1","missing_reading|missing_example","reading_verification|example_research","1","false","false","",""
"jp-34-hiroshima-053","キタ","広島県","瀬戸内海島嶼部","indexable","C","P1","missing_reading|missing_example","reading_verification|example_research","1","false","false","",""
"jp-34-hiroshima-054","オーギタ","広島県","瀬戸内海島嶼部","indexable","C","P1","missing_reading|missing_example","reading_verification|example_research","1","false","false","",""
"jp-34-hiroshima-055","アキギタ","広島県","瀬戸内海島嶼部","indexable","C","P1","missing_reading|missing_example","reading_verification|example_research","1","false","false","",""
"jp-34-hiroshima-056","キタゴチ","広島県","瀬戸内海島嶼部","indexable","C","P1","missing_reading|missing_example","reading_verification|example_research","1","false","false","",""
"jp-34-hiroshima-057","タトエゴチ","広島県","瀬戸内海島嶼部","indexable","C","P1","missing_reading|missing_example","reading_verification|example_research","1","false","false","",""
"jp-34-hiroshima-058","マジ","広島県","瀬戸内海島嶼部","indexable","C","P1","missing_reading|missing_example","reading_verification|example_research","1","false","false","",""
"jp-34-hiroshima-059","サクラマジ","広島県","瀬戸内海島嶼部","indexable","C","P1","missing_reading|missing_example","reading_verification|example_research","1","false","false","",""
"jp-34-hiroshima-060","ヤマジ","広島県","瀬戸内海島嶼部","indexable","C","P1","missing_reading|missing_example","reading_verification|example_research","1","false","false","",""
"jp-34-hiroshima-061","アナジ","広島県","瀬戸内海島嶼部","indexable","C","P1","missing_reading|missing_example","reading_verification|example_research","1","false","false","",""
"jp-34-hiroshima-062","ハヤテ","広島県","瀬戸内海島嶼部","indexable","C","P1","missing_reading|missing_example","reading_verification|example_research","1","false","false","",""
"jp-34-hiroshima-063","キタアナジ","広島県","瀬戸内海島嶼部","indexable","C","P1","missing_reading|missing_example","reading_verification|example_research","1","false","false","",""
"jp-34-hiroshima-064","ゴガツノタニシ","広島県","瀬戸内海島嶼部","noindex","E","P3","missing_reading|missing_example|core_evidence_scope_incomplete","reading_verification|example_research|keep_noindex","1","false","false","","現時点ではnoindex維持を推奨。"
"jp-01-hokkaido-001","なまら","北海道","道央","noindex","E","P2","publication_basis_review","candidate_for_index","1","true","true","","表示項目は揃っているが、公開根拠・確認状態の編集審査が必要なindex候補。公開状態は未変更。"
"jp-01-hokkaido-002","凍れる","北海道","道東","indexable","B","P1","missing_reading","reading_verification","1","false","true","",""
"jp-01-hokkaido-003","投げる","北海道","道東","indexable","B","P1","missing_reading","reading_verification","1","false","true","",""
"jp-01-hokkaido-004","めんこい","北海道","道東","indexable","B","P1","missing_reading","reading_verification","1","false","true","",""
"jp-01-hokkaido-005","だはんこく","北海道","道東","indexable","B","P1","missing_reading","reading_verification","1","false","true","",""
"jp-01-hokkaido-006","ちょす","北海道","道東","indexable","B","P1","missing_reading","reading_verification","1","false","true","",""
"jp-01-hokkaido-007","たくらんけ","北海道","道東","indexable","B","P1","missing_reading","reading_verification","1","false","true","",""
"jp-01-hokkaido-008","でめん","北海道","道東","indexable","B","P1","missing_reading","reading_verification","1","false","true","",""
"jp-01-hokkaido-009","まかなう","北海道","道東","indexable","B","P1","missing_reading","reading_verification","1","false","true","",""
"jp-01-hokkaido-010","ばくる","北海道","道東","indexable","B","P1","missing_reading","reading_verification","1","false","true","",""
"jp-01-hokkaido-011","ほっちゃれ","北海道","道東","indexable","B","P1","missing_reading","reading_verification","1","false","true","",""
"jp-01-hokkaido-012","いたましい","北海道","道東","indexable","B","P1","missing_reading","reading_verification","1","false","true","",""
"jp-01-hokkaido-013","いたわしい","北海道","道東","indexable","B","P1","missing_reading","reading_verification","1","false","true","",""
"jp-01-hokkaido-014","こわい","北海道","道東","indexable","B","P1","missing_reading","reading_verification","1","false","true","",""
"jp-01-hokkaido-015","まてな・まてに","北海道","道東","indexable","B","P1","missing_reading","reading_verification","1","false","true","",""
"jp-01-hokkaido-016","とうきび","北海道","道東","indexable","B","P1","missing_reading","reading_verification","1","false","true","",""
"jp-01-hokkaido-017","ごしょいも","北海道","道東","indexable","B","P1","missing_reading","reading_verification","1","false","true","",""
"jp-01-hokkaido-018","秋味","北海道","道東","indexable","B","P1","missing_reading","reading_verification","1","false","true","",""
"jp-01-hokkaido-019","カイベツ","北海道","道東","indexable","B","P1","missing_reading","reading_verification","1","false","true","",""
"jp-01-hokkaido-020","いなきび","北海道","道東","indexable","B","P1","missing_reading","reading_verification","1","false","true","",""
"jp-01-hokkaido-021","お寺さん","北海道","道東","indexable","B","P1","missing_reading","reading_verification","1","false","true","",""
"jp-01-hokkaido-022","ルイベ","北海道","道東","indexable","B","P1","missing_reading","reading_verification","1","false","true","",""
"jp-01-hokkaido-023","菜豆","北海道","道東","indexable","B","P1","missing_reading","reading_verification","1","false","true","",""
"jp-01-hokkaido-024","監獄部屋・タコ部屋・タコ","北海道","道東","indexable","B","P1","missing_reading","reading_verification","1","false","true","",""
"jp-01-hokkaido-025","棒頭","北海道","道東","indexable","B","P1","missing_reading","reading_verification","1","false","true","",""
"jp-01-hokkaido-026","追う（ぼう）","北海道","道東","indexable","B","P1","missing_reading","reading_verification","1","false","true","",""
"jp-01-hokkaido-027","ガス","北海道","道東","indexable","B","P1","missing_reading","reading_verification","1","false","true","",""
"jp-01-hokkaido-028","いいふりこき・ええふりこき","北海道","道東","indexable","B","P1","missing_reading","reading_verification","1","false","true","",""
"jp-01-hokkaido-029","とねっこ","北海道","道東","indexable","B","P1","missing_reading","reading_verification","1","false","true","",""
"jp-01-hokkaido-030","根曲り竹","北海道","道東","indexable","B","P1","missing_reading","reading_verification","1","false","true","",""
"jp-01-hokkaido-031","むったり","北海道","道東","indexable","B","P1","missing_reading","reading_verification","1","false","true","",""
"jp-01-hokkaido-032","内地","北海道","道東","indexable","B","P1","missing_reading","reading_verification","1","false","true","",""
"jp-01-hokkaido-033","ねまる","北海道","道東","indexable","B","P1","missing_reading","reading_verification","1","false","true","",""
"jp-01-hokkaido-034","馬糞風","北海道","道東","indexable","B","P1","missing_reading","reading_verification","1","false","true","",""
"jp-01-hokkaido-035","馬車追い","北海道","道東","indexable","B","P1","missing_reading","reading_verification","1","false","true","",""
"jp-01-hokkaido-036","市街地","北海道","道東","indexable","B","P1","missing_reading","reading_verification","1","false","true","",""
"jp-01-hokkaido-037","こぐ","北海道","道東","indexable","B","P1","missing_reading","reading_verification","1","false","true","",""
"jp-01-hokkaido-038","一丁前","北海道","道東","indexable","B","P1","missing_reading","reading_verification","1","false","true","",""
"jp-01-hokkaido-039","豆成金・雑穀成金","北海道","道東","indexable","B","P1","missing_reading","reading_verification","1","false","true","",""
"jp-01-hokkaido-040","おがみ小屋","北海道","道東","indexable","B","P1","missing_reading","reading_verification","1","false","true","",""
"jp-01-hokkaido-041","ぼっこ足袋・ぼっこ靴","北海道","道東","indexable","B","P1","missing_reading","reading_verification","1","false","true","",""
"jp-01-hokkaido-042","三方六","北海道","道東","indexable","B","P1","missing_reading","reading_verification","1","false","true","",""
"jp-01-hokkaido-043","なして","北海道","道東","indexable","B","P1","missing_reading","reading_verification","1","false","true","",""
"jp-01-hokkaido-044","かっちゃく","北海道","道東","indexable","B","P1","missing_reading","reading_verification","1","false","true","",""
"jp-01-hokkaido-045","おがる","北海道","道東","indexable","B","P1","missing_reading","reading_verification","1","false","true","",""
"jp-01-hokkaido-046","てっくり返す","北海道","道東","indexable","B","P1","missing_reading","reading_verification","1","false","true","",""
"jp-01-hokkaido-047","たいした","北海道","道東","indexable","B","P1","missing_reading","reading_verification","1","false","true","",""
"jp-01-hokkaido-048","おぞい","北海道","道東","indexable","B","P1","missing_reading","reading_verification","1","false","true","",""
"jp-01-hokkaido-049","国・国境","北海道","道東","indexable","B","P1","missing_reading","reading_verification","1","false","true","",""
"jp-01-hokkaido-050","イロオミル","北海道","道央","indexable","B","P1","missing_reading","reading_verification","1","false","true","",""
"jp-01-hokkaido-051","ガコ","北海道","道央","indexable","B","P1","missing_reading","reading_verification","1","false","true","",""
"jp-01-hokkaido-052","ムリクリ","北海道","道央","indexable","B","P1","missing_reading","reading_verification","1","false","true","",""
"jp-01-hokkaido-053","メクラン","北海道","道央","indexable","C","P1","missing_reading|missing_example","reading_verification|example_research","1","false","false","",""
"jp-01-hokkaido-054","マンボトル","北海道","道央","indexable","B","P1","missing_reading","reading_verification","1","false","true","",""
"jp-01-hokkaido-055","ボップ","北海道","道央","indexable","C","P1","missing_reading|missing_example","reading_verification|example_research","1","false","false","",""
"jp-28-hyogo-001","べっちょない","兵庫県","播磨","indexable","A","P3","","manual_editor_review","2","true","true","",""
"jp-28-hyogo-002","ぴりぴり","兵庫県","播磨","indexable","A","P3","","manual_editor_review","1","true","true","",""
"jp-28-hyogo-003","さんこ","兵庫県","播磨","indexable","A","P3","","manual_editor_review","1","true","true","",""
"jp-28-hyogo-004","おく","兵庫県","播磨","indexable","A","P3","","manual_editor_review","1","true","true","",""
"jp-28-hyogo-005","せんどぶり","兵庫県","播磨","indexable","A","P3","","manual_editor_review","1","true","true","",""
"jp-28-hyogo-006","へらへと","兵庫県","播磨","indexable","A","P3","","manual_editor_review","1","true","true","",""
"jp-28-hyogo-007","カキ（ー）","兵庫県","神戸","indexable","D","P0","missing_reading|missing_example|possible_content_duplicate","reading_verification|example_research|duplicate_review","1","false","false","","重複は文字列・SEO一致に基づく候補であり、統合には地域差と原資料の人間確認が必要。"
"jp-28-hyogo-008","ミ（ー）","兵庫県","神戸","indexable","D","P0","missing_reading|missing_example|possible_content_duplicate","reading_verification|example_research|duplicate_review","1","false","false","","重複は文字列・SEO一致に基づく候補であり、統合には地域差と原資料の人間確認が必要。"
"jp-28-hyogo-009","キ（ー）","兵庫県","神戸","indexable","D","P0","missing_reading|missing_example|possible_content_duplicate","reading_verification|example_research|duplicate_review","1","false","false","","重複は文字列・SEO一致に基づく候補であり、統合には地域差と原資料の人間確認が必要。"
"jp-28-hyogo-010","セ（ー）／シ（ー）","兵庫県","神戸","indexable","C","P1","missing_reading|missing_example","reading_verification|example_research","1","false","false","",""
"jp-28-hyogo-011","カカヘン","兵庫県","神戸","indexable","D","P0","missing_reading|missing_example|possible_content_duplicate","reading_verification|example_research|duplicate_review","1","false","false","","重複は文字列・SEO一致に基づく候補であり、統合には地域差と原資料の人間確認が必要。"
"jp-28-hyogo-012","ミーヘン","兵庫県","神戸","indexable","C","P1","missing_reading|missing_example","reading_verification|example_research","1","false","false","",""
"jp-28-hyogo-013","コーヘン","兵庫県","神戸","indexable","C","P1","missing_reading|missing_example","reading_verification|example_research","1","false","false","",""
"jp-28-hyogo-014","セーヘン","兵庫県","神戸","indexable","D","P0","missing_reading|missing_example|possible_content_duplicate","reading_verification|example_research|duplicate_review","1","false","false","","重複は文字列・SEO一致に基づく候補であり、統合には地域差と原資料の人間確認が必要。"
"jp-28-hyogo-015","ヨーカカン","兵庫県","神戸","indexable","D","P0","missing_reading|missing_example|possible_content_duplicate","reading_verification|example_research|duplicate_review","1","false","false","","重複は文字列・SEO一致に基づく候補であり、統合には地域差と原資料の人間確認が必要。"
"jp-28-hyogo-016","カカレヘン","兵庫県","神戸","indexable","C","P1","missing_reading|missing_example","reading_verification|example_research","1","false","false","",""
"jp-28-hyogo-017","カイテヤ","兵庫県","神戸","indexable","D","P0","missing_reading|missing_example|possible_content_duplicate","reading_verification|example_research|duplicate_review","1","false","false","","重複は文字列・SEO一致に基づく候補であり、統合には地域差と原資料の人間確認が必要。"
"jp-28-hyogo-018","カキハル","兵庫県","神戸","indexable","C","P1","missing_reading|missing_example","reading_verification|example_research","1","false","false","",""
"jp-28-hyogo-019","カキヨル","兵庫県","神戸","indexable","D","P0","missing_reading|missing_example|possible_content_duplicate","reading_verification|example_research|duplicate_review","1","false","false","","重複は文字列・SEO一致に基づく候補であり、統合には地域差と原資料の人間確認が必要。"
"jp-28-hyogo-020","カイトル","兵庫県","神戸","indexable","D","P0","missing_reading|missing_example|possible_content_duplicate","reading_verification|example_research|duplicate_review","1","false","false","","重複は文字列・SEO一致に基づく候補であり、統合には地域差と原資料の人間確認が必要。"
"jp-28-hyogo-021","カクネン","兵庫県","神戸","indexable","D","P0","missing_reading|missing_example|possible_content_duplicate","reading_verification|example_research|duplicate_review","1","false","false","","重複は文字列・SEO一致に基づく候補であり、統合には地域差と原資料の人間確認が必要。"
"jp-28-hyogo-022","カキ（ー）","兵庫県","播磨","indexable","D","P0","missing_reading|missing_example|possible_content_duplicate","reading_verification|example_research|duplicate_review","1","false","false","","重複は文字列・SEO一致に基づく候補であり、統合には地域差と原資料の人間確認が必要。"
"jp-28-hyogo-023","ミ（ー）","兵庫県","播磨","indexable","D","P0","missing_reading|missing_example|possible_content_duplicate","reading_verification|example_research|duplicate_review","1","false","false","","重複は文字列・SEO一致に基づく候補であり、統合には地域差と原資料の人間確認が必要。"
"jp-28-hyogo-024","キ（ー）","兵庫県","播磨","indexable","D","P0","missing_reading|missing_example|possible_content_duplicate","reading_verification|example_research|duplicate_review","1","false","false","","重複は文字列・SEO一致に基づく候補であり、統合には地域差と原資料の人間確認が必要。"
"jp-28-hyogo-025","セー／シ（ー）","兵庫県","播磨","indexable","C","P1","missing_reading|missing_example","reading_verification|example_research","1","false","false","",""
"jp-28-hyogo-026","カキナ","兵庫県","播磨","indexable","D","P0","missing_reading|missing_example|possible_content_duplicate","reading_verification|example_research|duplicate_review","1","false","false","","重複は文字列・SEO一致に基づく候補であり、統合には地域差と原資料の人間確認が必要。"
"jp-28-hyogo-027","ミンナ／ミナ（ー）","兵庫県","播磨","indexable","C","P1","missing_reading|missing_example","reading_verification|example_research","1","false","false","",""
"jp-28-hyogo-028","クンナ／キナ","兵庫県","播磨","indexable","C","P1","missing_reading|missing_example","reading_verification|example_research","1","false","false","",""
"jp-28-hyogo-029","スンナ／スナ／シナ","兵庫県","播磨","indexable","C","P1","missing_reading|missing_example","reading_verification|example_research","1","false","false","",""
"jp-28-hyogo-030","カコ（ー）","兵庫県","播磨","indexable","C","P1","missing_reading|missing_example","reading_verification|example_research","1","false","false","",""
"jp-28-hyogo-031","ショー","兵庫県","播磨","indexable","D","P0","missing_reading|missing_example|possible_content_duplicate","reading_verification|example_research|duplicate_review","1","false","false","","重複は文字列・SEO一致に基づく候補であり、統合には地域差と原資料の人間確認が必要。"
"jp-28-hyogo-032","カカヘン／カカン","兵庫県","播磨","indexable","C","P1","missing_reading|missing_example","reading_verification|example_research","1","false","false","",""
"jp-28-hyogo-033","ミーヘン／ミン","兵庫県","播磨","indexable","C","P1","missing_reading|missing_example","reading_verification|example_research","1","false","false","",""
"jp-28-hyogo-034","コーヘン／コン","兵庫県","播磨","indexable","C","P1","missing_reading|missing_example","reading_verification|example_research","1","false","false","",""
"jp-28-hyogo-035","カイテヤ","兵庫県","播磨","indexable","D","P0","missing_reading|missing_example|possible_content_duplicate","reading_verification|example_research|duplicate_review","1","false","false","","重複は文字列・SEO一致に基づく候補であり、統合には地域差と原資料の人間確認が必要。"
"jp-28-hyogo-036","カイトー／カッキョー","兵庫県","播磨","indexable","C","P1","missing_reading|missing_example","reading_verification|example_research","1","false","false","",""
"jp-28-hyogo-037","ヨットラ","兵庫県","淡路","indexable","C","P1","missing_reading|missing_example","reading_verification|example_research","1","false","false","",""
"jp-28-hyogo-038","グチナ","兵庫県","淡路","indexable","C","P1","missing_reading|missing_example","reading_verification|example_research","1","false","false","",""
"jp-28-hyogo-039","タトム","兵庫県","淡路","indexable","C","P1","missing_reading|missing_example","reading_verification|example_research","1","false","false","",""
"jp-28-hyogo-040","がさくたゃあ","兵庫県","但馬","indexable","C","P1","missing_reading|missing_example","reading_verification|example_research","1","false","false","",""
"jp-28-hyogo-041","とっぱすけ","兵庫県","但馬","indexable","C","P1","missing_reading|missing_example","reading_verification|example_research","1","false","false","",""
"jp-28-hyogo-042","かたくま","兵庫県","但馬","indexable","C","P1","missing_reading|missing_example","reading_verification|example_research","1","false","false","",""
"jp-28-hyogo-043","なつべる","兵庫県","但馬","indexable","C","P1","missing_reading|missing_example","reading_verification|example_research","1","false","false","",""
"jp-28-hyogo-044","かんかちこ","兵庫県","但馬","indexable","C","P1","missing_reading|missing_example","reading_verification|example_research","1","false","false","",""
"jp-28-hyogo-045","ねしくる","兵庫県","但馬","indexable","C","P1","missing_reading|missing_example","reading_verification|example_research","1","false","false","",""
"jp-28-hyogo-046","ごっつぉー","兵庫県","但馬","indexable","C","P1","missing_reading|missing_example","reading_verification|example_research","1","false","false","",""
"jp-28-hyogo-047","こげーな","兵庫県","但馬","indexable","C","P1","missing_reading|missing_example","reading_verification|example_research","1","false","false","",""
"jp-28-hyogo-048","じゃーに","兵庫県","但馬","indexable","C","P1","missing_reading|missing_example","reading_verification|example_research","1","false","false","",""
"jp-28-hyogo-049","しゃーしゃー","兵庫県","但馬","indexable","C","P1","missing_reading|missing_example","reading_verification|example_research","1","false","false","",""
"jp-28-hyogo-050","ほたえる","兵庫県","但馬","indexable","C","P1","missing_reading|missing_example","reading_verification|example_research","1","false","false","",""
"jp-28-hyogo-051","そのもっき","兵庫県","但馬","indexable","C","P1","missing_reading|missing_example","reading_verification|example_research","1","false","false","",""
"jp-28-hyogo-052","だしけー","兵庫県","但馬","indexable","C","P1","missing_reading|missing_example","reading_verification|example_research","1","false","false","",""
"jp-28-hyogo-053","あっけーへん","兵庫県","但馬","indexable","C","P1","missing_reading|missing_example","reading_verification|example_research","1","false","false","",""
"jp-28-hyogo-054","へんがにゃー","兵庫県","但馬","indexable","C","P1","missing_reading|missing_example","reading_verification|example_research","1","false","false","",""
"jp-28-hyogo-055","だんごへんご","兵庫県","但馬","indexable","C","P1","missing_reading|missing_example","reading_verification|example_research","1","false","false","",""
"jp-28-hyogo-056","しゃっても","兵庫県","但馬","indexable","C","P1","missing_reading|missing_example","reading_verification|example_research","1","false","false","",""
"jp-28-hyogo-057","はさかる","兵庫県","但馬","indexable","C","P1","missing_reading|missing_example","reading_verification|example_research","1","false","false","",""
"jp-28-hyogo-058","にちゃくちゃ","兵庫県","但馬","indexable","C","P1","missing_reading|missing_example","reading_verification|example_research","1","false","false","",""
"jp-28-hyogo-059","だんにゃー","兵庫県","但馬","indexable","C","P1","missing_reading|missing_example","reading_verification|example_research","1","false","false","",""
"jp-08-ibaraki-001","ごじゃっぺ","茨城県","県央","indexable","A","P3","","manual_editor_review","1","true","true","",""
"jp-08-ibaraki-002","ジョウヘイ","茨城県","県北","indexable","C","P1","missing_reading|missing_example","reading_verification|example_research","1","false","false","",""
"jp-08-ibaraki-003","クロコ","茨城県","県北","indexable","C","P1","missing_reading|missing_example","reading_verification|example_research","1","false","false","",""
"jp-08-ibaraki-004","デンキ","茨城県","県北","indexable","C","P1","missing_reading|missing_example","reading_verification|example_research","1","false","false","",""
"jp-08-ibaraki-005","レンテ","茨城県","県北","indexable","C","P1","missing_reading|missing_example","reading_verification|example_research","1","false","false","",""
"jp-08-ibaraki-006","カスベ","茨城県","県北","indexable","C","P1","missing_reading|missing_example","reading_verification|example_research","1","false","false","",""
"jp-08-ibaraki-007","ウサギ","茨城県","県北","indexable","C","P1","missing_reading|missing_example","reading_verification|example_research","1","false","false","",""
"jp-08-ibaraki-008","ハタカ","茨城県","県北","indexable","C","P1","missing_reading|missing_example","reading_verification|example_research","1","false","false","",""
"jp-08-ibaraki-009","ハダカメヒカリ","茨城県","県北","indexable","C","P1","missing_reading|missing_example","reading_verification|example_research","1","false","false","",""
"jp-08-ibaraki-010","ミズカマス","茨城県","県北","indexable","C","P1","missing_reading|missing_example","reading_verification|example_research","1","false","false","",""
"jp-08-ibaraki-011","ギングイ","茨城県","県北","indexable","C","P1","missing_reading|missing_example","reading_verification|example_research","1","false","false","",""
"jp-08-ibaraki-012","ノドグロ","茨城県","県北","indexable","C","P1","missing_reading|missing_example","reading_verification|example_research","1","false","false","",""
"jp-08-ibaraki-013","エビスサガ","茨城県","県央","indexable","C","P1","missing_reading|missing_example","reading_verification|example_research","1","false","false","",""
"jp-08-ibaraki-014","コロ","茨城県","県央","indexable","C","P1","missing_reading|missing_example","reading_verification|example_research","1","false","false","",""
"jp-08-ibaraki-015","サボミヤ","茨城県","県央","indexable","C","P1","missing_reading|missing_example","reading_verification|example_research","1","false","false","",""
"jp-08-ibaraki-016","トリエイ","茨城県","県央","indexable","C","P1","missing_reading|missing_example","reading_verification|example_research","1","false","false","",""
"jp-08-ibaraki-017","ギンメ","茨城県","県央","indexable","C","P1","missing_reading|missing_example","reading_verification|example_research","1","false","false","",""
"jp-08-ibaraki-018","ガランチョ","茨城県","県央","indexable","C","P1","missing_reading|missing_example","reading_verification|example_research","1","false","false","",""
"jp-08-ibaraki-019","ニガッチョ","茨城県","県央","indexable","C","P1","missing_reading|missing_example","reading_verification|example_research","1","false","false","",""
"jp-08-ibaraki-020","オカメザコ","茨城県","県央","indexable","C","P1","missing_reading|missing_example","reading_verification|example_research","1","false","false","",""
"jp-08-ibaraki-021","カババチ","茨城県","県央","indexable","C","P1","missing_reading|missing_example","reading_verification|example_research","1","false","false","",""
"jp-08-ibaraki-022","カヤコ","茨城県","県央","indexable","C","P1","missing_reading|missing_example","reading_verification|example_research","1","false","false","",""
"jp-08-ibaraki-023","アオボネ","茨城県","県央","indexable","C","P1","missing_reading|missing_example","reading_verification|example_research","1","false","false","",""
"jp-08-ibaraki-024","サクラウオ","茨城県","県南","indexable","C","P1","missing_reading|missing_example","reading_verification|example_research","1","false","false","",""
"jp-08-ibaraki-025","ハナミザイ","茨城県","県南","indexable","C","P1","missing_reading|missing_example","reading_verification|example_research","1","false","false","",""
"jp-08-ibaraki-026","ヤキハヤ","茨城県","県南","indexable","C","P1","missing_reading|missing_example","reading_verification|example_research","1","false","false","",""
"jp-08-ibaraki-027","ヤナギバヤ","茨城県","県南","indexable","C","P1","missing_reading|missing_example","reading_verification|example_research","1","false","false","",""
"jp-08-ibaraki-028","スバ","茨城県","県南","indexable","C","P1","missing_reading|missing_example","reading_verification|example_research","1","false","false","",""
"jp-08-ibaraki-029","トウギョ","茨城県","県南","indexable","C","P1","missing_reading|missing_example","reading_verification|example_research","1","false","false","",""
"jp-08-ibaraki-030","メザカ","茨城県","県南","indexable","C","P1","missing_reading|missing_example","reading_verification|example_research","1","false","false","",""
"jp-08-ibaraki-031","ザコ","茨城県","県南","indexable","C","P1","missing_reading|missing_example","reading_verification|example_research","1","false","false","",""
"jp-08-ibaraki-032","ザッコ","茨城県","県南","indexable","C","P1","missing_reading|missing_example","reading_verification|example_research","1","false","false","",""
"jp-08-ibaraki-033","メザッカ","茨城県","県南","indexable","C","P1","missing_reading|missing_example","reading_verification|example_research","1","false","false","",""
"jp-08-ibaraki-034","メタッタ","茨城県","県南","indexable","C","P1","missing_reading|missing_example","reading_verification|example_research","1","false","false","",""
"jp-08-ibaraki-035","アイソ","茨城県","県西","indexable","C","P1","missing_reading|missing_example","reading_verification|example_research","1","false","false","",""
"jp-08-ibaraki-036","ハヤ","茨城県","県西","indexable","C","P1","missing_reading|missing_example","reading_verification|example_research","1","false","false","",""
"jp-08-ibaraki-037","アカハラ","茨城県","県西","indexable","C","P1","missing_reading|missing_example","reading_verification|example_research","1","false","false","",""
"jp-08-ibaraki-038","テンノウヤマベ","茨城県","県西","indexable","C","P1","missing_reading|missing_example","reading_verification|example_research","1","false","false","",""
"jp-08-ibaraki-039","ギンベチ","茨城県","県西","indexable","C","P1","missing_reading|missing_example","reading_verification|example_research","1","false","false","",""
"jp-08-ibaraki-040","ザコ","茨城県","県西","indexable","C","P1","missing_reading|missing_example","reading_verification|example_research","1","false","false","",""
"jp-08-ibaraki-041","ザゴ","茨城県","県西","indexable","C","P1","missing_reading|missing_example","reading_verification|example_research","1","false","false","",""
"jp-08-ibaraki-042","ザコッコ","茨城県","県西","indexable","C","P1","missing_reading|missing_example","reading_verification|example_research","1","false","false","",""
"jp-08-ibaraki-043","ザッコ","茨城県","県西","indexable","C","P1","missing_reading|missing_example","reading_verification|example_research","1","false","false","",""
"jp-08-ibaraki-044","メザッコ","茨城県","県西","indexable","C","P1","missing_reading|missing_example","reading_verification|example_research","1","false","false","",""
"jp-08-ibaraki-045","ケツメドミツツ","茨城県","鹿行","indexable","C","P1","missing_reading|missing_example","reading_verification|example_research","1","false","false","",""
"jp-08-ibaraki-046","カワシラス","茨城県","鹿行","indexable","C","P1","missing_reading|missing_example","reading_verification|example_research","1","false","false","",""
"jp-08-ibaraki-047","ゴボウ","茨城県","鹿行","indexable","C","P1","missing_reading|missing_example","reading_verification|example_research","1","false","false","",""
"jp-08-ibaraki-048","ドロメ","茨城県","鹿行","indexable","C","P1","missing_reading|missing_example","reading_verification|example_research","1","false","false","",""
"jp-08-ibaraki-049","オゴ","茨城県","鹿行","indexable","C","P1","missing_reading|missing_example","reading_verification|example_research","1","false","false","",""
"jp-08-ibaraki-050","カワシラス","茨城県","鹿行","indexable","C","P1","missing_reading|missing_example","reading_verification|example_research","1","false","false","",""
"jp-08-ibaraki-051","アゴナシ","茨城県","鹿行","indexable","C","P1","missing_reading|missing_example","reading_verification|example_research","1","false","false","",""
"jp-08-ibaraki-052","ビンタイ","茨城県","鹿行","indexable","C","P1","missing_reading|missing_example","reading_verification|example_research","1","false","false","",""
"jp-08-ibaraki-053","ポラコ","茨城県","鹿行","indexable","C","P1","missing_reading|missing_example","reading_verification|example_research","1","false","false","",""
"jp-08-ibaraki-054","ライヒ","茨城県","鹿行","indexable","C","P1","missing_reading|missing_example","reading_verification|example_research","1","false","false","",""
"jp-08-ibaraki-055","シケガツオ","茨城県","鹿行","indexable","C","P1","missing_reading|missing_example","reading_verification|example_research","1","false","false","",""
"jp-17-ishikawa-001","だら","石川県","加賀","noindex","E","P2","missing_source","source_research|keep_noindex","0","true","true","","記録済み出典がないため、資料確認まで根拠を補完しない。 現時点ではnoindex維持を推奨。"
"jp-17-ishikawa-002","～げん","石川県","能登","indexable","A","P3","","manual_editor_review","1","true","true","",""
"jp-17-ishikawa-003","～のきゃ","石川県","能登","indexable","A","P3","","manual_editor_review","1","true","true","",""
"jp-17-ishikawa-004","おらっちゃ","石川県","能登","indexable","A","P3","","manual_editor_review","1","true","true","",""
"jp-17-ishikawa-005","わっちゃ","石川県","能登","indexable","A","P3","","manual_editor_review","1","true","true","",""
"jp-17-ishikawa-006","がんちょ","石川県","能登","indexable","A","P3","","manual_editor_review","1","true","true","",""
"jp-17-ishikawa-007","がっと","石川県","能登","indexable","A","P3","","manual_editor_review","1","true","true","",""
"jp-17-ishikawa-008","いじくらしい","石川県","能登","indexable","A","P3","","manual_editor_review","1","true","true","",""
"jp-17-ishikawa-009","ちょっこし","石川県","能登","indexable","A","P3","","manual_editor_review","1","true","true","",""
"jp-17-ishikawa-010","びっちゃ","石川県","能登","indexable","A","P3","","manual_editor_review","1","true","true","",""
"jp-17-ishikawa-011","おしまいさんけ","石川県","能登","indexable","A","P3","","manual_editor_review","1","true","true","",""
"jp-17-ishikawa-012","いわる","石川県","能登","indexable","A","P3","","manual_editor_review","1","true","true","",""
"jp-17-ishikawa-013","げっと","石川県","能登","indexable","A","P3","","manual_editor_review","1","true","true","",""
"jp-17-ishikawa-014","ちきない","石川県","能登","indexable","A","P3","","manual_editor_review","1","true","true","",""
"jp-17-ishikawa-015","すんだ","石川県","能登","indexable","A","P3","","manual_editor_review","1","true","true","",""
"jp-17-ishikawa-016","ぼれた","石川県","能登","indexable","A","P3","","manual_editor_review","1","true","true","",""
"jp-17-ishikawa-017","ほんなんきゃ","石川県","能登","indexable","A","P3","","manual_editor_review","1","true","true","",""
"jp-17-ishikawa-018","～おってけ","石川県","能登","indexable","A","P3","","manual_editor_review","1","true","true","",""
"jp-17-ishikawa-019","あんさま","石川県","能登","indexable","A","P3","","manual_editor_review","1","true","true","",""
"jp-17-ishikawa-020","ごも","石川県","能登","indexable","A","P3","","manual_editor_review","1","true","true","",""
"jp-17-ishikawa-021","ちゃべ","石川県","能登","indexable","A","P3","","manual_editor_review","1","true","true","",""
"jp-17-ishikawa-022","いちがい","石川県","能登","indexable","A","P3","","manual_editor_review","1","true","true","",""
"jp-17-ishikawa-023","しゃわしきない","石川県","能登","indexable","A","P3","","manual_editor_review","1","true","true","",""
"jp-17-ishikawa-024","ほじゃろ","石川県","能登","indexable","A","P3","","manual_editor_review","1","true","true","",""
"jp-17-ishikawa-025","ほして","石川県","能登","indexable","A","P3","","manual_editor_review","1","true","true","",""
"jp-17-ishikawa-026","ほしたら","石川県","能登","indexable","A","P3","","manual_editor_review","1","true","true","",""
"jp-17-ishikawa-027","ほじゃほじゃ","石川県","能登","indexable","A","P3","","manual_editor_review","1","true","true","",""
"jp-17-ishikawa-028","ちょっこ","石川県","能登","indexable","A","P3","","manual_editor_review","1","true","true","",""
"jp-17-ishikawa-029","おらっちゃ","石川県","能登","indexable","A","P3","","manual_editor_review","1","true","true","",""
"jp-17-ishikawa-030","ほーじゃ","石川県","能登","indexable","A","P3","","manual_editor_review","1","true","true","",""
"jp-17-ishikawa-031","～しまっし","石川県","加賀","indexable","A","P3","","manual_editor_review","1","true","true","",""
"jp-17-ishikawa-032","～じー","石川県","加賀","indexable","A","P3","","manual_editor_review","1","true","true","",""
"jp-17-ishikawa-033","～げんて","石川県","加賀","indexable","A","P3","","manual_editor_review","1","true","true","",""
"jp-17-ishikawa-034","～がや","石川県","加賀","indexable","A","P3","","manual_editor_review","1","true","true","",""
"jp-17-ishikawa-035","～がけ？","石川県","加賀","indexable","A","P3","","manual_editor_review","1","true","true","",""
"jp-17-ishikawa-036","～け？","石川県","加賀","indexable","A","P3","","manual_editor_review","1","true","true","",""
"jp-17-ishikawa-037","～がやて","石川県","加賀","indexable","A","P3","","manual_editor_review","1","true","true","",""
"jp-17-ishikawa-038","～てんて","石川県","加賀","indexable","A","P3","","manual_editor_review","1","true","true","",""
"jp-17-ishikawa-039","～ねんて","石川県","加賀","indexable","A","P3","","manual_editor_review","1","true","true","",""
"jp-17-ishikawa-040","～ぞいや／～ぞいね","石川県","加賀","indexable","A","P3","","manual_editor_review","1","true","true","",""
"jp-17-ishikawa-041","なごうなる","石川県","加賀","indexable","A","P3","","manual_editor_review","1","true","true","",""
"jp-17-ishikawa-042","ちょろがす","石川県","加賀","indexable","A","P3","","manual_editor_review","1","true","true","",""
"jp-17-ishikawa-043","ごぼる","石川県","加賀","indexable","A","P3","","manual_editor_review","1","true","true","",""
"jp-17-ishikawa-044","りくつな","石川県","加賀","indexable","A","P3","","manual_editor_review","1","true","true","",""
"jp-17-ishikawa-045","まんででかいこと","石川県","加賀","indexable","A","P3","","manual_editor_review","1","true","true","",""
"jp-17-ishikawa-046","くどい","石川県","加賀","indexable","A","P3","","manual_editor_review","1","true","true","",""
"jp-17-ishikawa-047","しょもない","石川県","加賀","indexable","A","P3","","manual_editor_review","1","true","true","",""
"jp-17-ishikawa-048","ちーんと","石川県","加賀","indexable","A","P3","","manual_editor_review","1","true","true","",""
"jp-17-ishikawa-049","きのどくな","石川県","加賀","indexable","A","P3","","manual_editor_review","1","true","true","",""
"jp-17-ishikawa-050","かさだかな","石川県","加賀","indexable","A","P3","","manual_editor_review","1","true","true","",""
"jp-03-iwate-001","おでんせ","岩手県","盛岡周辺","noindex","E","P3","core_evidence_scope_incomplete","keep_noindex","1","true","true","","現時点ではnoindex維持を推奨。"
"jp-03-iwate-002","マー　トニカグー　【コ　アノー】　アメッコ　【カ】　アメッコ　ヒトズー　ナン＾ダ　ミッツ　【ミ】　オラ　ミッツ　イッシェンダナー。","岩手県","県南","indexable","B","P1","missing_reading","reading_verification","1","false","true","",""
"jp-03-iwate-003","ヤギメシ⌒ス　ニ⌒ヌキ゜⌒ク゜テネ。（Ａ　ン）　アノー　アワドネ　（Ａ　ン）　ムキ゜ド　ソノ　コメドス。（Ａ　ン）　モ　ナン＾ートガ　　コノ　バンツァ［1］　《笑》　アノー　アワン＾ダノ　ムキ゜　〈イレネデ〉。（Ａ　〈｛イレネコメ｝〉。）　ン　アワバリデモ　イーガラ　〈イレネデーニ｛キ゜｝〉　（Ａ　〈｛ニキ゜リメスァ｝〉）　アノ　モッテッテ　ミデド　オモッテ　ガッコーサ。ソシ⌒ステネ　バンチャー　アノ　イン＾ズデモ　イッカイ　ソノ　アノ　コノ　ヤギメスァ　アワ　イレネデ　（Ｄ　アー。）　ネ　コーイフニ⌒ヌ　ワゲルド　ホラ　ミッツ　ミイロダガラ　シログ　ミン＾ナダ　ムキ゜　サット　イレデ　クルノニ⌒ヌ　アワ　マジェル　（Ａ　ンー。）　｛スッドネ｝。アノー　アノナー　オメ　ソステ　【ワ】　アノ　アブレコ［2］　コーユフナ　アブレコ　ソイズサ　シ⌒スバネ　【タイ】　キー　〈タグ〉　シバ　オッテ　（Ｂ　〈ソー　ソー　ソー　ン〉。）　（Ａ　〈｛ンダ　ンダナー｝〉。）","岩手県","県南","indexable","B","P1","missing_reading","reading_verification","1","false","true","",""
"jp-03-iwate-004","〈ソシ⌒ステ　コーユフニ　ワダシ⌒ステス　ヤギメシ⌒ス　ニ⌒ヌキ゜ッテネ〉　（Ｂ　〈アズ　アノー　コケ゜ー　クツカネーニ⌒ヌ〉。）　（Ａ　〈｛アン＾マリ⌒ル　クツカネー｝〉。）　ソシ⌒ステ　サット　【ニ⌒ヌキ゜】　ヤイデガラ　（Ｂ　｛アブリゴ｝）　コンドァー　ミソ　ツケデ　（Ａ　ン。）　ハアー　【オ】　ガッコサ　モッテーテー　クーゴドー　アノー　カンゲ⌒アルド　ヤッパリ⌒ル　オラモー　ムキ゜バリ⌒ル　イレダー　ヤギメシ⌒ス　モッギデグテ　（Ｂ　《笑》）　（Ａ　ホンダガラ　ア　ナルホドネー。）　ソシ⌒ステネ　バンチャー　アノ　アワ　イッカイデモ　イーガラ　イレネデ　ニ⌒ヌキ゜ッテ　ケロッテ　イッタノ。シ⌒スタレバネ　マジ⌒ズノ　ヒッタズァ　アワ　イレネデ　クルッテ　イッタノ　ミンナ。","岩手県","県南","indexable","B","P1","missing_reading","reading_verification","1","false","true","",""
"jp-03-iwate-005","シ⌒スタレバネ　マズノ　ヒッタズナー　サンコ゜グ［3］　カワレネガラ　ソノ　コメノ　ママダノネ　ムキ゜ママ　モッテグノデ　サンコ゜グ　カエネガラ　モッテガネノダッツ　ヨーニ⌒ヌ　（Ａ　《笑》　ンネァ。）　オシェルダモネ。ソシ⌒ステ　アドー　ホニ⌒ヌ　シ⌒スンブンモ　トッテネン＾ダガラ　ナーニ⌒ヌガ　【カ】　アラ　（Ｂ　【ホノ】　〈ホノハ〉［4］。）　〈ホノハ〉　アーユーノサ　ツズンデネ。（Ｂ　ホノ　ハッパ　アリャー　｛　　｝。）　（Ａ　ホノ　ハ｛　　｝ニ⌒ヌモ　ツカッタンダジャナ　ネ　アイズ　ネ。）　（Ｂ　ソー　ソー　ソ。）　ソシ⌒ステー　アノ　フルシ⌒スギ　ホン　ツズムノワ　フルスギデ。ガッコサ　イッテ　ハグワラゾーリ⌒ル　ソイズサ　ソノ　ベントノ　ニ⌒ヌキ゜リッ〈コド　イッショニ⌒ヌ　｛　　｝サ　ショッテ　コ　ワツコ［5］ニ⌒ヌ〉ネ。","岩手県","県南","indexable","B","P1","missing_reading","reading_verification","1","false","true","",""
"jp-03-iwate-006","〈アノー　フルシ⌒スギサネ　コー　ワツコニ⌒ヌ　ショッテ〉　シ⌒ステ　アダァ　ベントバ　コサ　オニキ゜リ　コサ　コー　ギッチ⌒ツリ　（Ｃ　ユツケデス。）　｛　　｝コロ　コロ　コロド｛　　｝　《笑》　（Ａ　《笑》）　〈ショシ⌒ステ　ハシェ　アルイダ　モダオナ〉。（Ｃ　〈｛　　｝　オナシ⌒スダナー　オダケモネ〉。）　アー　アー　オナジ⌒ズデガス。","岩手県","県南","indexable","B","P1","missing_reading","reading_verification","1","false","true","",""
"jp-03-iwate-007","ソーユフニ⌒ヌ　オシ⌒スエデネ　サンコ゜グ　【マズ】　ンデネンダモ　マズノ　ヒタズワ　アノー　ソレゴソ　イー　〈クラス⌒シ　ス⌒シテルガラネ〉　（Ｂ　〈ソーナンダ〉。）　（Ａ　〈イヤヤ〉。）　アワ　タベネンダオン＾ネ。","岩手県","県南","indexable","B","P1","missing_reading","reading_verification","1","false","true","",""
"jp-03-iwate-008","ソレ　ワラズリ　〈｛　　｝エデ　コシェダ　ワラズリ⌒ルネ〉。（Ｂ　〈ワラズリ　ワラゾリ　アーアー　ソーソーソー〉。）","岩手県","県南","indexable","B","P1","missing_reading","reading_verification","1","false","true","",""
"jp-03-iwate-009","ツキ゜ッコ　イレデ　マン＾ゼデ　オッコ　タデレバ　〈ンート　イーノデネ〉。（Ａ　〈｛　　｝アギャ　オッコノ　アギャ　オッコノ　ゾール⌒リッコダ　ソレゴゾ〉。）","岩手県","県南","indexable","B","P1","missing_reading","reading_verification","1","false","true","",""
"jp-03-iwate-010","オラー　アバレンボ　ダガラ　アノー　ゾーリ⌒ルナド　ハガネガッタンダオン。","岩手県","県南","indexable","B","P1","missing_reading","reading_verification","1","false","true","",""
"jp-03-iwate-011","ダレ　ベダベダ　（Ｂ　ンー）　（Ａ　ベダベダ　｛　　｝　ハガネデ。｛　　｝ダッタネ。）　（Ｂ　ンー　マズワ　ハ。）　ソレゴソ　ションベ　タレルッタッテ　ドゴサ　イグッタッテ　ハ　ヒトツズキ　ナンダネー。","岩手県","県南","indexable","B","P1","missing_reading","reading_verification","1","false","true","",""
"jp-03-iwate-012","ゾーリ⌒ルッコナド　ハガネンダオン＾ノ。","岩手県","県南","indexable","B","P1","missing_reading","reading_verification","1","false","true","",""
"jp-03-iwate-013","イマノ　ゴダー　ホントニ⌒ヌ　アイツ　カンゲット　ハ　ユメ　ミデダ。","岩手県","県南","indexable","B","P1","missing_reading","reading_verification","1","false","true","",""
"jp-03-iwate-014","アー　イマノ　ベント　ナダー　ソレゴソー　オフルメ［6］サ　イッタヨーナ　モンナンダ〈オンネ。ネッ〉。","岩手県","県南","indexable","B","P1","missing_reading","reading_verification","1","false","true","",""
"jp-03-iwate-015","〈ソイズサ　ウメッコガ〉　ミソズケ　イレダバリ。","岩手県","県南","indexable","B","P1","missing_reading","reading_verification","1","false","true","",""
"jp-03-iwate-016","ナットー　オラ　ナットー　モッテッタ　ゴド　アルナー。ナットー　モッテグズドァ　クセクテナー　ナ　オヒルノ　ジ⌒ズカン＾ナンテノァ。（Ｂ　《笑》）","岩手県","県南","indexable","B","P1","missing_reading","reading_verification","1","false","true","",""
"jp-03-iwate-017","オライノ　ジーチャンダネ　ムスコー　ホリャ　ムスコモ　サイコ゜ノ　ムスコ　ダガラネ　ナンダリ　イレデ　ヤットァ　カンネデ　ノゴシ⌒ステ　クル｛ドゴダ｝。ソッスドネ　ナヌ⌒ニガ　【タ】　クーモノ　イレデ　ヤラネバ　アノー　サッパド　クッテ　コネガラ　（Ｂ　アー。）　ツァラバ　オラナドナー　ミソズゲダノ　ナヌ⌒ニスカ　イレデ　ヤンネノニ⌒ヌ　ナヌ⌒ニー　ソンタヌ⌒ニ　ゼ⌒ジェータグ　サセデッテ　ユーンダッケオン＾ヤ。（Ａ　Ｂ　ンー。）　ンダッテ　カンネデ　クルモノ　ノゴス⌒シテ　クルモノ　モッテネーッテ　ユー。（Ｂ　ンー。）　ソスッドネ　ノゴステクル　ア　カン＾ネデ　ノゴス⌒シテ　クルドァ　カン＾ネン＾ダラバ　カン＾ネン＾デ　ソノママデ　イーガラ　マイニ⌒ヌズ⌒ジ　カン＾ネデ　クッコッテ　ネーガラネ　（Ｂ　アー。）　ソンナニ⌒ヌ　ニ⌒ヌグダノ　ナンダノ　イレデ　ヤッコド　ネッテ　ジ⌒ズブン　イワレダ　オカ゜サレダゴドオ　ユッテネー　ソシ⌒ステ　ムスコダジ⌒ズ　〈｛　　｝　ユッタヨ〉。（Ａ　〈オカ゜サレダ｛　　｝〉。）　ホーントニ⌒ヌ。","岩手県","県南","indexable","B","P1","missing_reading","reading_verification","1","false","true","",""
"jp-03-iwate-018","｛ソンナニ⌒ヌー｝　イマノー　ソダデガダドー　ヤパリ　ワレワレ　｛ソダデダ｝ドギャー　モ　ジ⌒ズダイカ゜　ゼ⌒ジェン　ゼ⌒ジェン　〈チ⌒ツカ゜ウガラ　スー　ウーン〉　（Ａ　〈｛　　｝〉）　アワメシ⌒ス　カセ｛ラレ｝ダッテ［7］。","岩手県","県南","indexable","B","P1","missing_reading","reading_verification","1","false","true","",""
"jp-03-iwate-019","ソシ⌒ステネー　アサシ⌒スコ゜ドニ⌒ヌネー　ゼッテニネ　ナニ⌒ヌガ　アサシ⌒スコ゜ド　シ⌒スネバネ　ガッコサ　ヤラセライネン＾ダオ。","岩手県","県南","indexable","B","P1","missing_reading","reading_verification","1","false","true","",""
"jp-03-iwate-020","ン　ンダ　ンダ　イダメフギドガ　（Ｃ　ナニ⌒ヌガサ。）　ニワハギドガネー　ナニ⌒ヌガ　カニ⌒ヌガ　ンー","岩手県","県南","indexable","B","P1","missing_reading","reading_verification","1","false","true","",""
"jp-03-iwate-021","チ⌒ツーセドギァ　ソノ　クレデ　オッキグ　ナレバ　コンダー　〈ハダゲサ　イッテ〉　（Ａ　〈ワッパガ［8］　ス⌒シコ゜ド　｛　　｝〉。）　ハダゲサ　イッテ　アズギ　ショッテ　イッカイ　ショッテ　クンノネ。イ⌒エネ　ショッテ　クンノッテ　〈ソーシ⌒ステ　ネー　ヒャクショー　ダガラー〉　（Ａ　〈ンダ　マン＾ズ　ンデネバ〉　マン＾ズ　マッチャ　イッテ　トーフ　カッテ　コノー　ナンダノ　カンダノッテネ。）　マジ⌒ズド　ゼーン＾コ゜デモ　チ⌒ツカ゜ッタンダベナ。","岩手県","県南","indexable","B","P1","missing_reading","reading_verification","1","false","true","",""
"jp-03-iwate-022","ンー　マン＾ズー　【ゼーン　ゼー】　マズノ　ヒトァズズノァ　ナンデネガエンガ。ンー　アギンド　シ⌒ステルドゴード　ヤッパ　オヒャクショー　ステットゴドノ　コドモダズノ　ソダデガダ　モジ⌒ズロン　ツカ゜ッタンダス。（Ａ　ンデモー　アギネ｛　　｝。）","岩手県","県南","indexable","B","P1","missing_reading","reading_verification","1","false","true","",""
"jp-03-iwate-023","イズバーン　オレ　オショスド　オモッタノネ　ログネンシェ　グレーン＾ダ　ンー　ヨネンシェーダガ　ンー　ゴネンシェガ　ログネンシェダナー　（Ｂ　ンー。）　アノー　マーッスグニ⌒ヌ　カドオガガラ　マッスク゜ニ⌒ヌ　（Ｂ　ンー。）　コノ　マズサ　キテス　（Ｂ　ンー。）　ソシ⌒ステ　アノ　マメタマ［9］　アリャ　（Ａ　〈ン　マメタマ　マメタマ〉。）　〈コヤシ⌒スニ⌒ヌ　スル　マメタマナ〉　アイズ　ショワセラインデガステ　ホニ⌒ヌ　ハンケ゜ン　（Ａコノク゜レ　アルヨ。）　〈【ハン】　コノ〉　（Ｂ　〈ニ⌒ヌシャグ　｛ゴシ⌒スン　グレェ　アル｝〉。）　ニ⌒ヌシャグ　サンジャグ　シ⌒スホ｛ン｝　ク゜レ　アンデネ。ネ。","岩手県","県南","indexable","B","P1","missing_reading","reading_verification","1","false","true","",""
"jp-03-iwate-024","ソンナニ⌒ヌ　オッキク゜ネーデー　《笑》","岩手県","県南","indexable","B","P1","missing_reading","reading_verification","1","false","true","",""
"jp-03-iwate-025","ニ⌒ヌシャク　コスン　グレェシャ。","岩手県","県南","indexable","B","P1","missing_reading","reading_verification","1","false","true","",""
"jp-03-iwate-026","ニ⌒ヌシャグ　ゴスン　ク゜レ　（Ｂ　ソイズ　｛　　｝。）　アイズ　イジ⌒ズバーン　アノ　ジ⌒ズユーニ⌒ヌ　ナンネノ。ワラダノ　ソノ　マメダノ　ソユーナノワ　ナンボガ　ソノ　ユー｛ゴド｝。ギパント［10］　シ⌒スタ　コンナ　【アズ】　アズノダオネ　コノ　クレ　ク゜レ　アズンデネ　（Ａ　ンー　アズ　アズ。）　ソーシ⌒ステ　コンドァ　ソイズカ゜ネ　カン＾ラダサ　アノー　ユーゴド　キカネオネ　ギポント［11］　ナッテノ。ソイズ　ショウノ　イジ⌒ズバーン　ヒデガッタヨ　オボデスネ。ゼンゼン……。","岩手県","県南","indexable","B","P1","missing_reading","reading_verification","1","false","true","",""
"jp-03-iwate-027","【ア】　アイズ　ショッテ　アル⌒リッタノ。","岩手県","県南","indexable","B","P1","missing_reading","reading_verification","1","false","true","",""
"jp-03-iwate-028","ンー　アイズ　ショッテコッテ　イワレダドギ　ヤスミナンカニネ　マージ⌒ズカラ　ショッテコッテ　イワレダドギ　アイズ　ハ　イジ⌒ズバーン　ヒデガッタ。","岩手県","県南","indexable","B","P1","missing_reading","reading_verification","1","false","true","",""
"jp-03-iwate-029","イマ　ネーモンナ　アー〈｛　　｝〉。","岩手県","県南","indexable","B","P1","missing_reading","reading_verification","1","false","true","",""
"jp-03-iwate-030","〈ショイヤスグネンダ〉　アレワネ。（Ａ　イマ　【イマ】　マメタマ　〈デテコネ　｛　　｝〉。）　〈ネー　ネー〉。（Ｂ　ンー。）　ンー。アノ　タガギ［12］スル　アダリ⌒ル　ネッ。（Ｂ　ンー　ンダネ。）　タガギスル　アダリ　【フルー】　コナシ⌒ステ　フルノナンダオ。","岩手県","県南","indexable","B","P1","missing_reading","reading_verification","1","false","true","",""
"jp-03-iwate-031","シュリョヤノ　ウエサ　ミセサ　カサナッテダンダオナー　アイズァー。","岩手県","県南","indexable","B","P1","missing_reading","reading_verification","1","false","true","",""
"jp-03-iwate-032","タガイダ［13］ノ　ヤマサン＾［14］デ　アリャミ⌒ム　セデァンダオ　ンー。","岩手県","県南","indexable","B","P1","missing_reading","reading_verification","1","false","true","",""
"jp-03-iwate-033","アド　アリャ　イマ　アノー。","岩手県","県南","indexable","B","P1","missing_reading","reading_verification","1","false","true","",""
"jp-03-iwate-034","オラ　ハジ⌒ズメ　ナニ⌒ヌダ　アイズ　ナニ⌒ヌナンダエド　オモッテ　ミデ　アル⌒リッテランダオナー。","岩手県","県南","indexable","B","P1","missing_reading","reading_verification","1","false","true","",""
"jp-03-iwate-035","アド　アブラッカス　ツンデ　アノ　ワッパ［15］　ミデナ　カッコ　ナッタノ　アッタ｛　　｝ネ。","岩手県","県南","indexable","B","P1","missing_reading","reading_verification","1","false","true","",""
"jp-03-iwate-036","センソー　トージ⌒ズ　アノ　マメカスダッテ　〈ユッタチャー〉。（Ｂ　〈クッター　タベダー〉）　タベダー。（Ｂ　タベダー　アー　タベダオ）　ソレゴソ　クッタンダヨ　アノー。","岩手県","県南","indexable","B","P1","missing_reading","reading_verification","1","false","true","",""
"jp-03-iwate-037","ンネー　ヒリョーニ⌒ヌ　スンノ。","岩手県","県南","indexable","B","P1","missing_reading","reading_verification","1","false","true","",""
"jp-03-iwate-038","アリャ　アブラ　シ⌒スボッテ　｛ナニ⌒ヌ｝シ⌒スタノ｛ダオネ｝。","岩手県","県南","indexable","B","P1","missing_reading","reading_verification","1","false","true","",""
"jp-03-iwate-039","ソノ　カスナンダオネ　マメカスッテ　アブラ　トッタ。","岩手県","県南","indexable","B","P1","missing_reading","reading_verification","1","false","true","",""
"jp-03-iwate-040","アレ　マンシュアダリガラ　キタモンデネガネサ。ンダベネ。","岩手県","県南","indexable","B","P1","missing_reading","reading_verification","1","false","true","",""
"jp-03-iwate-041","ナガサ　アナッコ　アイデネオ。〈アイデネ〉。","岩手県","県南","indexable","B","P1","missing_reading","reading_verification","1","false","true","",""
"jp-03-iwate-042","〈ンー　【アイデ　アイ】〉　アデネノ。タダ　シ⌒スコシ⌒ス　コーネ　マンマルコデナ　スコシ⌒ス　コー　カデッポ　ヒグメニ⌒ヌ　ナッテルノ。","岩手県","県南","indexable","B","P1","missing_reading","reading_verification","1","false","true","",""
"jp-03-iwate-043","ソー　ソー　マンナガネ。","岩手県","県南","indexable","B","P1","missing_reading","reading_verification","1","false","true","",""
"jp-03-iwate-044","｛　　｝ベゴーッ［16］ト　ヒッコマッテルノ。","岩手県","県南","indexable","B","P1","missing_reading","reading_verification","1","false","true","",""
"jp-03-iwate-045","ンー　アイズ　イジ⌒ズバーン　ショーニ⌒ヌ　ヒデモンダ。イマー　ソンナゴドシ⌒ステ　【ガ】　ガッコサナド　イグ　ヒトァー　ヒトリモ　ネオナー。","岩手県","県南","indexable","B","P1","missing_reading","reading_verification","1","false","true","",""
"jp-03-iwate-046","アー　アサニ⌒ヌ　ホヌー　シジー　ナニ⌒ヌガ　ソゴイラヘンノ　ニ⌒ヌワッコ　ハグク゜レナノハ　イルベゲント　シ⌒スンブン　ハイタズハ　シ⌒ステ　アルグ　ワラスタズ　ハ　イッケントネ［17］。","岩手県","県南","indexable","B","P1","missing_reading","reading_verification","1","false","true","",""
"jp-03-iwate-047","ンー　マー　シ⌒スン＾ブン＾ハイタズ　ダネー。〈ンー　ンー〉","岩手県","県南","indexable","B","P1","missing_reading","reading_verification","1","false","true","",""
"jp-03-iwate-048","〈ムガシ⌒スガラ〉　【カンダ】　ムガシ⌒スガラ　カンケ゜ッツド　ナニ⌒ヌモ　カニ⌒ヌモ　ネクテ　ラグサ。","岩手県","県南","indexable","B","P1","missing_reading","reading_verification","1","false","true","",""
"jp-03-iwate-049","ショーカ゜ッコーノ　ドギ　アソビッテノワ　ドンナ　〈アソビ　シタンデスカ〉。","岩手県","県南","indexable","B","P1","missing_reading","reading_verification","1","false","true","",""
"jp-03-iwate-050","ナーンニ⌒ヌモ　オモチャ　ネーガラネ　カッツカ゜ッコ［18］ダオ　ガグレ〈ガ｛　　｝〉。（Ａ　〈カツカ゜ッコ〉。）","岩手県","県南","indexable","B","P1","missing_reading","reading_verification","1","false","true","",""
"jp-03-iwate-051","ガグレカ゜ッコダノ　〈ジ⌒ズントリ⌒ルダノ〉。（Ｃ　〈ジ⌒ズントリ⌒ル〉。）　ン　〈ジ⌒ズントリ⌒ルダノ〉。（Ａ　〈ジ⌒ズントリ〉。）","岩手県","県南","indexable","B","P1","missing_reading","reading_verification","1","false","true","",""
"jp-03-iwate-052","ソレガラ　アンダズァー　ンー　（Ｃ　オハジ⌒ズギ。）　オハン＾ジ⌒ズキ　ダ｛　　｝　オデダマ　（Ｃ　ダマツギ［19］。）　ダマツギ。オデダマ　デネー　ダマツギダ　オハジ⌒ズギニ⌒ヌ　ダマツギダナー。","岩手県","県南","indexable","B","P1","missing_reading","reading_verification","1","false","true","",""
"jp-03-iwate-053","ヤッパー　オラー　〈ガッコー　ヤッパ　シ⌒スコ゜ネェンセー　アダリニモ　ヤッパリ　ヤキューズノハ　ヤッタモンダヤー。アリャ　アリャ　アノー　キレデ　コセデ　タマッコ　コセデス。ヤパリ⌒ル〉。","岩手県","県南","indexable","B","P1","missing_reading","reading_verification","1","false","true","",""
"jp-03-iwate-054","〈アド　オヒナッコ［20］ダオ〉。（Ａ　〈オヒナッコ〉。）　〈カミノネ。カミオ　キッテ　オヒナッコ　【キ】　ソー　【フグ】　フグナンツモノー　タマーニ⌒ヌ　ツグッテ　イショーツグリ⌒ル　ナンダオ　イッソ〉。ハサミデ　アスンデ。","岩手県","県南","indexable","B","P1","missing_reading","reading_verification","1","false","true","",""
"jp-03-iwate-055","ヤキューナンテ　ハ　ヤッタンダナー　アノー　〈キレデ　コヤダ　タマッコ｛　　｝。ンー〉。","岩手県","県南","indexable","B","P1","missing_reading","reading_verification","1","false","true","",""
"jp-37-kagawa-001","じょんならん","香川県","中讃地域","indexable","C","P1","missing_reading|missing_example","reading_verification|example_research","2","false","false","",""
"jp-37-kagawa-002","あすない","香川県","県内地域未特定","indexable","C","P1","missing_reading|missing_example","reading_verification|example_research","1","false","false","",""
"jp-37-kagawa-003","あっぱがお","香川県","県内地域未特定","indexable","C","P1","missing_reading|missing_example","reading_verification|example_research","1","false","false","",""
"jp-37-kagawa-004","いただきさん","香川県","県内地域未特定","indexable","C","P1","missing_reading|missing_example","reading_verification|example_research","1","false","false","",""
"jp-37-kagawa-005","いぬ","香川県","県内地域未特定","indexable","C","P1","missing_reading|missing_example","reading_verification|example_research","1","false","false","",""
"jp-37-kagawa-006","いわえる","香川県","県内地域未特定","indexable","C","P1","missing_reading|missing_example","reading_verification|example_research","1","false","false","",""
"jp-37-kagawa-007","おとんぼ","香川県","県内地域未特定","indexable","C","P1","missing_reading|missing_example","reading_verification|example_research","1","false","false","",""
"jp-37-kagawa-008","おとっちゃま","香川県","県内地域未特定","indexable","C","P1","missing_reading|missing_example","reading_verification|example_research","1","false","false","",""
"jp-37-kagawa-009","おらぶ","香川県","県内地域未特定","indexable","C","P1","missing_reading|missing_example","reading_verification|example_research","1","false","false","",""
"jp-37-kagawa-010","がいに","香川県","県内地域未特定","indexable","C","P1","missing_reading|missing_example","reading_verification|example_research","1","false","false","",""
"jp-37-kagawa-011","けっこい","香川県","県内地域未特定","indexable","C","P1","missing_reading|missing_example","reading_verification|example_research","1","false","false","",""
"jp-37-kagawa-012","こんまい","香川県","県内地域未特定","indexable","C","P1","missing_reading|missing_example","reading_verification|example_research","1","false","false","",""
"jp-37-kagawa-013","ごらえる","香川県","県内地域未特定","indexable","C","P1","missing_reading|missing_example","reading_verification|example_research","1","false","false","",""
"jp-37-kagawa-014","てがう","香川県","県内地域未特定","indexable","C","P1","missing_reading|missing_example","reading_verification|example_research","1","false","false","",""
"jp-37-kagawa-015","へらこい","香川県","県内地域未特定","indexable","C","P1","missing_reading|missing_example","reading_verification|example_research","1","false","false","",""
"jp-37-kagawa-016","まがる","香川県","県内地域未特定","indexable","C","P1","missing_reading|missing_example","reading_verification|example_research","1","false","false","",""
"jp-37-kagawa-017","まんでがん","香川県","県内地域未特定","indexable","C","P1","missing_reading|missing_example","reading_verification|example_research","1","false","false","",""
"jp-37-kagawa-018","めげる","香川県","県内地域未特定","indexable","C","P1","missing_reading|missing_example","reading_verification|example_research","1","false","false","",""
"jp-37-kagawa-019","よぼう","香川県","県内地域未特定","indexable","C","P1","missing_reading|missing_example","reading_verification|example_research","1","false","false","",""
"jp-37-kagawa-020","おなかがおきる","香川県","県内地域未特定","indexable","C","P1","missing_reading|missing_example","reading_verification|example_research","1","false","false","",""
"jp-37-kagawa-021","しのべる","香川県","県内地域未特定","indexable","C","P1","missing_reading|missing_example","reading_verification|example_research","1","false","false","",""
"jp-37-kagawa-022","おぶ","香川県","中讃地域","indexable","B","P1","missing_example","example_research","1","true","false","",""
"jp-37-kagawa-023","うったて","香川県","中讃地域","indexable","B","P1","missing_example","example_research","1","true","false","",""
"jp-37-kagawa-024","ずんやり","香川県","中讃地域","indexable","B","P1","missing_example","example_research","1","true","false","",""
"jp-37-kagawa-025","～をかす","香川県","中讃地域","indexable","B","P1","missing_example","example_research","1","true","false","",""
"jp-37-kagawa-026","えらい","香川県","中讃地域","indexable","C","P1","missing_reading|missing_example","reading_verification|example_research","1","false","false","",""
"jp-37-kagawa-027","むつごい","香川県","中讃地域","indexable","C","P1","missing_reading|missing_example","reading_verification|example_research","1","false","false","",""
"jp-37-kagawa-028","まける","香川県","中讃地域","indexable","C","P1","missing_reading|missing_example","reading_verification|example_research","1","false","false","",""
"jp-37-kagawa-029","じゅじゅむ","香川県","中讃地域","indexable","C","P1","missing_reading|missing_example","reading_verification|example_research","1","false","false","",""
"jp-37-kagawa-030","よおけ","香川県","中讃地域","indexable","C","P1","missing_reading|missing_example","reading_verification|example_research","1","false","false","",""
"jp-37-kagawa-031","あずる","香川県","中讃地域","indexable","C","P1","missing_reading|missing_example","reading_verification|example_research","1","false","false","",""
"jp-37-kagawa-032","はじかい","香川県","中讃地域","indexable","C","P1","missing_reading|missing_example","reading_verification|example_research","1","false","false","",""
"jp-37-kagawa-033","ぶに","香川県","中讃地域","indexable","C","P1","missing_reading|missing_example","reading_verification|example_research","1","false","false","",""
"jp-37-kagawa-034","こっぽり","香川県","中讃地域","indexable","C","P1","missing_reading|missing_example","reading_verification|example_research","1","false","false","",""
"jp-37-kagawa-035","オキンカイ","香川県","高松市周辺","indexable","B","P1","missing_reading","reading_verification","1","false","true","",""
"jp-37-kagawa-036","オキナ","香川県","高松市周辺","indexable","B","P1","missing_reading","reading_verification","1","false","true","",""
"jp-37-kagawa-037","タベテン","香川県","高松市周辺","indexable","B","P1","missing_reading","reading_verification","1","false","true","",""
"jp-37-kagawa-038","セー","香川県","高松市周辺","indexable","B","P1","missing_reading","reading_verification","1","false","true","",""
"jp-37-kagawa-039","オキヨー","香川県","高松市周辺","indexable","B","P1","missing_reading","reading_verification","1","false","true","",""
"jp-37-kagawa-040","シラベテミー","香川県","高松市周辺","indexable","B","P1","missing_reading","reading_verification","1","false","true","",""
"jp-37-kagawa-041","シー","香川県","高松市周辺","indexable","B","P1","missing_reading","reading_verification","1","false","true","",""
"jp-37-kagawa-042","モッテイキマイ","香川県","高松市周辺","indexable","B","P1","missing_reading","reading_verification","1","false","true","",""
"jp-37-kagawa-043","カエランカイ","香川県","高松市周辺","indexable","B","P1","missing_reading","reading_verification","1","false","true","",""
"jp-37-kagawa-044","ケン","香川県","高松市周辺","indexable","B","P1","missing_reading","reading_verification","1","false","true","",""
"jp-37-kagawa-045","マイナ","香川県","東讃地域","indexable","C","P1","missing_reading|missing_example","reading_verification|example_research","1","false","false","",""
"jp-37-kagawa-046","マイヨ","香川県","東讃地域","indexable","C","P1","missing_reading|missing_example","reading_verification|example_research","1","false","false","",""
"jp-37-kagawa-047","マイダー","香川県","東讃地域","indexable","B","P1","missing_reading","reading_verification","1","false","true","",""
"jp-37-kagawa-048","マエ","香川県","県内地域未特定","indexable","C","P1","missing_reading|missing_example","reading_verification|example_research","1","false","false","",""
"jp-37-kagawa-049","マヘ","香川県","西讃地域","indexable","C","P1","missing_reading|missing_example","reading_verification|example_research","1","false","false","",""
"jp-37-kagawa-050","マーセ","香川県","県内地域未特定","indexable","B","P1","missing_reading","reading_verification","1","false","true","",""
"jp-37-kagawa-051","マイ","香川県","県内地域未特定","indexable","B","P1","missing_reading","reading_verification","1","false","true","",""
"jp-37-kagawa-052","イタラ エエ","香川県","西讃地域","indexable","C","P1","missing_reading|missing_example","reading_verification|example_research","1","false","false","",""
"jp-37-kagawa-053","トテカエル","香川県","西讃地域","indexable","C","P1","missing_reading|missing_example","reading_verification|example_research","1","false","false","",""
"jp-37-kagawa-054","モテイク","香川県","西讃地域","indexable","C","P1","missing_reading|missing_example","reading_verification|example_research","1","false","false","",""
"jp-37-kagawa-055","ケッコニ","香川県","西讃地域","indexable","C","P1","missing_reading|missing_example","reading_verification|example_research","1","false","false","",""
"jp-37-kagawa-056","オモテ","香川県","西讃地域","indexable","C","P1","missing_reading|missing_example","reading_verification|example_research","1","false","false","",""
"jp-37-kagawa-057","ツコテ","香川県","西讃地域","indexable","C","P1","missing_reading|missing_example","reading_verification|example_research","1","false","false","",""
"jp-37-kagawa-058","ワロテ","香川県","西讃地域","indexable","C","P1","missing_reading|missing_example","reading_verification|example_research","1","false","false","",""
"jp-37-kagawa-059","オモトテ","香川県","西讃地域","indexable","C","P1","missing_reading|missing_example","reading_verification|example_research","1","false","false","",""
"jp-37-kagawa-060","なんしょん","香川県","県内地域未特定","indexable","C","P1","missing_reading|missing_example","reading_verification|example_research","1","false","false","",""
"jp-37-kagawa-061","なんしょんな","香川県","県内地域未特定","indexable","C","P1","missing_reading|missing_example","reading_verification|example_research","1","false","false","",""
"jp-37-kagawa-062","つか","香川県","西讃地域","indexable","B","P1","missing_reading","reading_verification","1","false","true","",""
"jp-37-kagawa-063","いた","香川県","東讃地域","indexable","C","P1","missing_reading|missing_example","reading_verification|example_research","1","false","false","",""
"jp-46-kagoshima-001","きばる","鹿児島県","薩摩","indexable","A","P3","","manual_editor_review","1","true","true","",""
"jp-46-kagoshima-002","がっつい","鹿児島県","薩摩","indexable","A","P3","","manual_editor_review","1","true","true","",""
"jp-46-kagoshima-003","まこて","鹿児島県","薩摩","indexable","A","P3","","manual_editor_review","1","true","true","",""
"jp-46-kagoshima-004","あたい","鹿児島県","薩摩","indexable","A","P3","","manual_editor_review","1","true","true","",""
"jp-46-kagoshima-005","おまんさあ","鹿児島県","薩摩","indexable","A","P3","","manual_editor_review","1","true","true","",""
"jp-46-kagoshima-006","いっそ","鹿児島県","薩摩","indexable","A","P3","","manual_editor_review","1","true","true","",""
"jp-46-kagoshima-007","～ごあす","鹿児島県","薩摩","indexable","A","P3","","manual_editor_review","1","true","true","",""
"jp-46-kagoshima-008","～おじゃる","鹿児島県","薩摩","indexable","A","P3","","manual_editor_review","1","true","true","",""
"jp-46-kagoshima-009","たもんせ","鹿児島県","薩摩","indexable","A","P3","","manual_editor_review","1","true","true","",""
"jp-46-kagoshima-010","ないごて","鹿児島県","薩摩","indexable","A","P3","","manual_editor_review","1","true","true","",""
"jp-46-kagoshima-011","ほんのこちゃ","鹿児島県","薩摩","indexable","A","P3","","manual_editor_review","1","true","true","",""
"jp-46-kagoshima-012","ひぐらさん","鹿児島県","薩摩","indexable","A","P3","","manual_editor_review","1","true","true","",""
"jp-46-kagoshima-013","いけんも","鹿児島県","薩摩","indexable","A","P3","","manual_editor_review","1","true","true","",""
"jp-46-kagoshima-014","そすと","鹿児島県","薩摩","indexable","A","P3","","manual_editor_review","1","true","true","",""
"jp-46-kagoshima-015","がっつい","鹿児島県","種子島・屋久島","indexable","A","P3","","manual_editor_review","1","true","true","",""
"jp-46-kagoshima-016","ほんのこっ","鹿児島県","種子島・屋久島","indexable","A","P3","","manual_editor_review","1","true","true","",""
"jp-46-kagoshima-017","わんだ","鹿児島県","種子島・屋久島","indexable","A","P3","","manual_editor_review","1","true","true","",""
"jp-46-kagoshima-018","じゃらい","鹿児島県","種子島・屋久島","indexable","A","P3","","manual_editor_review","1","true","true","",""
"jp-46-kagoshima-019","じゃがね","鹿児島県","種子島・屋久島","indexable","A","P3","","manual_editor_review","1","true","true","",""
"jp-46-kagoshima-020","こよん","鹿児島県","薩摩","indexable","B","P1","missing_example","example_research","1","true","false","",""
"jp-46-kagoshima-021","きやんせ","鹿児島県","薩摩","indexable","C","P1","missing_reading|missing_example","reading_verification|example_research","1","false","false","",""
"jp-46-kagoshima-022","おじゃったもんせ","鹿児島県","大隅","indexable","A","P3","","manual_editor_review","2","true","true","",""
"jp-46-kagoshima-023","きばれ","鹿児島県","薩摩","indexable","C","P1","missing_reading|missing_example","reading_verification|example_research","1","false","false","",""
"jp-46-kagoshima-024","ぐらしい","鹿児島県","薩摩","indexable","C","P1","missing_reading|missing_example","reading_verification|example_research","1","false","false","",""
"jp-46-kagoshima-025","とぜんね","鹿児島県","薩摩","indexable","C","P1","missing_reading|missing_example","reading_verification|example_research","1","false","false","",""
"jp-46-kagoshima-026","ジャッドニー","鹿児島県","薩摩","indexable","B","P1","missing_reading","reading_verification","1","false","true","",""
"jp-46-kagoshima-027","ドゲイダ？","鹿児島県","薩摩","indexable","B","P1","missing_reading","reading_verification","1","false","true","",""
"jp-46-kagoshima-028","ワガランド","鹿児島県","薩摩","indexable","B","P1","missing_reading","reading_verification","1","false","true","",""
"jp-46-kagoshima-029","ヒッチャユイ","鹿児島県","薩摩","indexable","C","P1","missing_reading|missing_example","reading_verification|example_research","1","false","false","",""
"jp-46-kagoshima-030","キュ","鹿児島県","薩摩","indexable","C","P1","missing_reading|missing_example","reading_verification|example_research","1","false","false","",""
"jp-46-kagoshima-031","キニュ","鹿児島県","薩摩","indexable","C","P1","missing_reading|missing_example","reading_verification|example_research","1","false","false","",""
"jp-46-kagoshima-032","サダッ","鹿児島県","薩摩","indexable","C","P1","missing_reading|missing_example","reading_verification|example_research","1","false","false","",""
"jp-46-kagoshima-033","ミン","鹿児島県","薩摩","indexable","C","P1","missing_reading|missing_example","reading_verification|example_research","1","false","false","",""
"jp-46-kagoshima-034","ざい","鹿児島県","大隅","indexable","C","P1","missing_reading|missing_example","reading_verification|example_research","1","false","false","",""
"jp-46-kagoshima-035","たっもん","鹿児島県","大隅","indexable","C","P1","missing_reading|missing_example","reading_verification|example_research","1","false","false","",""
"jp-46-kagoshima-036","シッタレ","鹿児島県","大隅","indexable","C","P1","missing_reading|missing_example","reading_verification|example_research","1","false","false","",""
"jp-46-kagoshima-037","アンヤン","鹿児島県","大隅","indexable","C","P1","missing_reading|missing_example","reading_verification|example_research","1","false","false","",""
"jp-46-kagoshima-038","アネジョ","鹿児島県","大隅","indexable","C","P1","missing_reading|missing_example","reading_verification|example_research","1","false","false","",""
"jp-46-kagoshima-039","キョデ","鹿児島県","大隅","indexable","C","P1","missing_reading|missing_example","reading_verification|example_research","1","false","false","",""
"jp-46-kagoshima-040","ウッカタ","鹿児島県","大隅","indexable","C","P1","missing_reading|missing_example","reading_verification|example_research","1","false","false","",""
"jp-46-kagoshima-041","けね","鹿児島県","大隅","indexable","C","P1","missing_reading|missing_example","reading_verification|example_research","1","false","false","",""
"jp-46-kagoshima-042","ヤウッ","鹿児島県","大隅","indexable","C","P1","missing_reading|missing_example","reading_verification|example_research","1","false","false","",""
"jp-46-kagoshima-043","でっどん","鹿児島県","大隅","indexable","C","P1","missing_reading|missing_example","reading_verification|example_research","1","false","false","",""
"jp-46-kagoshima-044","さるっが","鹿児島県","大隅","indexable","C","P1","missing_reading|missing_example","reading_verification|example_research","1","false","false","",""
"jp-46-kagoshima-045","うのばい","鹿児島県","大隅","indexable","C","P1","missing_reading|missing_example","reading_verification|example_research","1","false","false","",""
"jp-46-kagoshima-046","つらさげ芋","鹿児島県","大隅","indexable","C","P1","missing_reading|missing_example","reading_verification|example_research","1","false","false","",""
"jp-46-kagoshima-047","わっぜ","鹿児島県","大隅","indexable","C","P1","missing_reading|missing_example","reading_verification|example_research","1","false","false","",""
"jp-46-kagoshima-048","茶いっぺ","鹿児島県","大隅","indexable","C","P1","missing_reading|missing_example","reading_verification|example_research","1","false","false","",""
"jp-46-kagoshima-049","バシ","鹿児島県","甑島","indexable","B","P1","missing_reading","reading_verification","1","false","true","",""
"jp-46-kagoshima-050","ドモ","鹿児島県","甑島","indexable","C","P1","missing_reading|missing_example","reading_verification|example_research","1","false","false","",""
"jp-46-kagoshima-051","ドーグ","鹿児島県","甑島","indexable","C","P1","missing_reading|missing_example","reading_verification|example_research","1","false","false","",""
"jp-46-kagoshima-052","ギー","鹿児島県","甑島","indexable","B","P1","missing_reading","reading_verification","1","false","true","",""
"jp-46-kagoshima-053","ンーマカ","鹿児島県","甑島","indexable","B","P1","missing_reading","reading_verification","1","false","true","",""
"jp-46-kagoshima-054","オットイ","鹿児島県","甑島","indexable","B","P1","missing_reading","reading_verification","1","false","true","",""
"jp-46-kagoshima-055","オユイ","鹿児島県","甑島","indexable","B","P1","missing_reading","reading_verification","1","false","true","",""
"jp-46-kagoshima-056","フト","鹿児島県","甑島","indexable","B","P1","missing_reading","reading_verification","1","false","true","",""
"jp-46-kagoshima-057","フタイ","鹿児島県","甑島","indexable","B","P1","missing_reading","reading_verification","1","false","true","",""
"jp-46-kagoshima-058","イオ","鹿児島県","甑島","indexable","B","P1","missing_reading","reading_verification","1","false","true","",""
"jp-46-kagoshima-059","イガワ","鹿児島県","甑島","indexable","B","P1","missing_reading","reading_verification","1","false","true","",""
"jp-46-kagoshima-060","モス","鹿児島県","甑島","indexable","B","P1","missing_reading","reading_verification","1","false","true","",""
"jp-46-kagoshima-061","カナ","鹿児島県","甑島","indexable","C","P1","missing_reading|missing_example","reading_verification|example_research","1","false","false","",""
"jp-46-kagoshima-062","コー","鹿児島県","甑島","indexable","C","P1","missing_reading|missing_example","reading_verification|example_research","1","false","false","",""
"jp-46-kagoshima-063","ラル","鹿児島県","甑島","indexable","C","P1","missing_reading|missing_example","reading_verification|example_research","1","false","false","",""
"jp-46-kagoshima-064","ニャー","鹿児島県","甑島","indexable","C","P1","missing_reading|missing_example","reading_verification|example_research","1","false","false","",""
"jp-46-kagoshima-065","おーきに","鹿児島県","種子島・屋久島","indexable","C","P1","missing_reading|missing_example","reading_verification|example_research","1","false","false","",""
"jp-46-kagoshima-066","おかべ","鹿児島県","種子島・屋久島","indexable","C","P1","missing_reading|missing_example","reading_verification|example_research","1","false","false","",""
"jp-46-kagoshima-067","アナゼ","鹿児島県","種子島・屋久島","indexable","C","P1","missing_reading|missing_example","reading_verification|example_research","1","false","false","",""
"jp-46-kagoshima-068","ナエ","鹿児島県","種子島・屋久島","indexable","C","P1","missing_reading|missing_example","reading_verification|example_research","1","false","false","",""
"jp-46-kagoshima-069","ガセ","鹿児島県","種子島・屋久島","indexable","C","P1","missing_reading|missing_example","reading_verification|example_research","1","false","false","",""
"jp-46-kagoshima-070","インバ","鹿児島県","種子島・屋久島","indexable","C","P1","missing_reading|missing_example","reading_verification|example_research","1","false","false","",""
"jp-46-kagoshima-071","ツクランピョー","鹿児島県","種子島・屋久島","indexable","C","P1","missing_reading|missing_example","reading_verification|example_research","1","false","false","",""
"jp-46-kagoshima-072","ウンダラー","鹿児島県","種子島・屋久島","indexable","C","P1","missing_reading|missing_example","reading_verification|example_research","1","false","false","",""
"jp-46-kagoshima-073","アッコ","鹿児島県","種子島・屋久島","indexable","C","P1","missing_reading|missing_example","reading_verification|example_research","1","false","false","",""
"jp-46-kagoshima-074","サナー","鹿児島県","種子島・屋久島","indexable","B","P1","missing_reading","reading_verification","1","false","true","",""
"jp-46-kagoshima-075","ギリー","鹿児島県","種子島・屋久島","indexable","B","P1","missing_reading","reading_verification","1","false","true","",""
"jp-46-kagoshima-076","ナッカ","鹿児島県","種子島・屋久島","indexable","B","P1","missing_reading","reading_verification","1","false","true","",""
"jp-46-kagoshima-077","ケリャー","鹿児島県","種子島・屋久島","indexable","B","P1","missing_reading","reading_verification","1","false","true","",""
"jp-46-kagoshima-078","オヨ","鹿児島県","種子島・屋久島","indexable","C","P1","missing_reading|missing_example","reading_verification|example_research","1","false","false","",""
"jp-46-kagoshima-079","スバトー","鹿児島県","種子島・屋久島","indexable","C","P1","missing_reading|missing_example","reading_verification|example_research","1","false","false","",""
"jp-46-kagoshima-080","キムル","鹿児島県","種子島・屋久島","indexable","C","P1","missing_reading|missing_example","reading_verification|example_research","1","false","false","",""
"jp-46-kagoshima-081","ワスル","鹿児島県","種子島・屋久島","indexable","C","P1","missing_reading|missing_example","reading_verification|example_research","1","false","false","",""
"jp-46-kagoshima-082","テ","鹿児島県","種子島・屋久島","indexable","B","P1","missing_reading","reading_verification","1","false","true","",""
"jp-46-kagoshima-083","ゴテアル","鹿児島県","種子島・屋久島","indexable","C","P1","missing_reading|missing_example","reading_verification|example_research","1","false","false","",""
"jp-46-kagoshima-084","ヤ／ヤル","鹿児島県","種子島・屋久島","indexable","C","P1","missing_reading|missing_example","reading_verification|example_research","1","false","false","",""
"jp-14-kanagawa-001","じゃん","神奈川県","横浜・川崎","noindex","E","P2","missing_source","source_research|keep_noindex","0","true","true","","記録済み出典がないため、資料確認まで根拠を補完しない。 現時点ではnoindex維持を推奨。"
"jp-14-kanagawa-002","あかす","神奈川県","県西","indexable","C","P1","missing_reading|missing_example","reading_verification|example_research","1","false","false","",""
"jp-14-kanagawa-003","あさっぱら","神奈川県","県西","indexable","C","P1","missing_reading|missing_example","reading_verification|example_research","1","false","false","",""
"jp-14-kanagawa-004","あっけえら","神奈川県","県西","indexable","C","P1","missing_reading|missing_example","reading_verification|example_research","1","false","false","",""
"jp-14-kanagawa-005","あばける","神奈川県","県西","indexable","C","P1","missing_reading|missing_example","reading_verification|example_research","1","false","false","",""
"jp-14-kanagawa-006","いぼじり","神奈川県","県西","indexable","C","P1","missing_reading|missing_example","reading_verification|example_research","1","false","false","",""
"jp-14-kanagawa-007","いめえずみ","神奈川県","県西","indexable","C","P1","missing_reading|missing_example","reading_verification|example_research","1","false","false","",""
"jp-14-kanagawa-008","うんま","神奈川県","県西","indexable","C","P1","missing_reading|missing_example","reading_verification|example_research","1","false","false","",""
"jp-14-kanagawa-009","おせえる","神奈川県","県西","indexable","C","P1","missing_reading|missing_example","reading_verification|example_research","1","false","false","",""
"jp-14-kanagawa-010","おつかつ","神奈川県","県西","indexable","C","P1","missing_reading|missing_example","reading_verification|example_research","1","false","false","",""
"jp-14-kanagawa-011","おっぺがす","神奈川県","県西","indexable","C","P1","missing_reading|missing_example","reading_verification|example_research","1","false","false","",""
"jp-14-kanagawa-012","およべっさん","神奈川県","県西","indexable","C","P1","missing_reading|missing_example","reading_verification|example_research","1","false","false","",""
"jp-14-kanagawa-013","おらが","神奈川県","県西","indexable","C","P1","missing_reading|missing_example","reading_verification|example_research","1","false","false","",""
"jp-14-kanagawa-014","かがみっちょ","神奈川県","県西","indexable","C","P1","missing_reading|missing_example","reading_verification|example_research","1","false","false","",""
"jp-14-kanagawa-015","かくねがんじょ","神奈川県","県西","indexable","C","P1","missing_reading|missing_example","reading_verification|example_research","1","false","false","",""
"jp-14-kanagawa-016","かせる","神奈川県","県西","indexable","C","P1","missing_reading|missing_example","reading_verification|example_research","1","false","false","",""
"jp-14-kanagawa-017","かったりい","神奈川県","県西","indexable","C","P1","missing_reading|missing_example","reading_verification|example_research","1","false","false","",""
"jp-14-kanagawa-018","かっちんだま","神奈川県","県西","indexable","C","P1","missing_reading|missing_example","reading_verification|example_research","1","false","false","",""
"jp-14-kanagawa-019","がんげん","神奈川県","県西","indexable","C","P1","missing_reading|missing_example","reading_verification|example_research","1","false","false","",""
"jp-14-kanagawa-020","かんげえる","神奈川県","県西","indexable","C","P1","missing_reading|missing_example","reading_verification|example_research","1","false","false","",""
"jp-14-kanagawa-021","がんちゃ","神奈川県","県西","indexable","C","P1","missing_reading|missing_example","reading_verification|example_research","1","false","false","",""
"jp-14-kanagawa-022","きけえる","神奈川県","県西","indexable","C","P1","missing_reading|missing_example","reading_verification|example_research","1","false","false","",""
"jp-14-kanagawa-023","きける","神奈川県","県西","indexable","C","P1","missing_reading|missing_example","reading_verification|example_research","1","false","false","",""
"jp-14-kanagawa-024","ぎったんばっこ","神奈川県","県西","indexable","C","P1","missing_reading|missing_example","reading_verification|example_research","1","false","false","",""
"jp-14-kanagawa-025","くっちゃべる","神奈川県","県西","indexable","C","P1","missing_reading|missing_example","reading_verification|example_research","1","false","false","",""
"jp-14-kanagawa-026","けえる","神奈川県","県西","indexable","C","P1","missing_reading|missing_example","reading_verification|example_research","1","false","false","",""
"jp-14-kanagawa-027","けえろ","神奈川県","県西","indexable","C","P1","missing_reading|missing_example","reading_verification|example_research","1","false","false","",""
"jp-14-kanagawa-028","こねえだ","神奈川県","県西","indexable","C","P1","missing_reading|missing_example","reading_verification|example_research","1","false","false","",""
"jp-14-kanagawa-029","さむらい","神奈川県","県西","indexable","C","P1","missing_reading|missing_example","reading_verification|example_research","1","false","false","",""
"jp-14-kanagawa-030","しゃっけえ","神奈川県","県西","indexable","C","P1","missing_reading|missing_example","reading_verification|example_research","1","false","false","",""
"jp-14-kanagawa-031","すける","神奈川県","県西","indexable","C","P1","missing_reading|missing_example","reading_verification|example_research","1","false","false","",""
"jp-14-kanagawa-032","すばしっけえ","神奈川県","県西","indexable","C","P1","missing_reading|missing_example","reading_verification|example_research","1","false","false","",""
"jp-14-kanagawa-033","そうけえ","神奈川県","県西","indexable","C","P1","missing_reading|missing_example","reading_verification|example_research","1","false","false","",""
"jp-14-kanagawa-034","そけえら","神奈川県","県西","indexable","C","P1","missing_reading|missing_example","reading_verification|example_research","1","false","false","",""
"jp-14-kanagawa-035","そんで","神奈川県","県西","indexable","C","P1","missing_reading|missing_example","reading_verification|example_research","1","false","false","",""
"jp-14-kanagawa-036","たんま／たんこ","神奈川県","県西","indexable","C","P1","missing_reading|missing_example","reading_verification|example_research","1","false","false","",""
"jp-14-kanagawa-037","ちけえ","神奈川県","県西","indexable","C","P1","missing_reading|missing_example","reading_verification|example_research","1","false","false","",""
"jp-14-kanagawa-038","でえこん","神奈川県","県西","indexable","C","P1","missing_reading|missing_example","reading_verification|example_research","1","false","false","",""
"jp-14-kanagawa-039","でえどこ","神奈川県","県西","indexable","C","P1","missing_reading|missing_example","reading_verification|example_research","1","false","false","",""
"jp-14-kanagawa-040","でえまち","神奈川県","県西","indexable","C","P1","missing_reading|missing_example","reading_verification|example_research","1","false","false","",""
"jp-14-kanagawa-041","のどけ","神奈川県","県西","indexable","C","P1","missing_reading|missing_example","reading_verification|example_research","1","false","false","",""
"jp-14-kanagawa-042","のうのうさん","神奈川県","県西","indexable","C","P1","missing_reading|missing_example","reading_verification|example_research","1","false","false","",""
"jp-14-kanagawa-043","ばっくら","神奈川県","県西","indexable","C","P1","missing_reading|missing_example","reading_verification|example_research","1","false","false","",""
"jp-14-kanagawa-044","ひっちゃばく","神奈川県","県西","indexable","C","P1","missing_reading|missing_example","reading_verification|example_research","1","false","false","",""
"jp-14-kanagawa-045","へえから","神奈川県","県西","indexable","C","P1","missing_reading|missing_example","reading_verification|example_research","1","false","false","",""
"jp-14-kanagawa-046","ほっぽじる","神奈川県","県西","indexable","C","P1","missing_reading|missing_example","reading_verification|example_research","1","false","false","",""
"jp-14-kanagawa-047","ぼろっちょ","神奈川県","県西","indexable","C","P1","missing_reading|missing_example","reading_verification|example_research","1","false","false","",""
"jp-14-kanagawa-048","めえあさ","神奈川県","県西","indexable","C","P1","missing_reading|missing_example","reading_verification|example_research","1","false","false","",""
"jp-14-kanagawa-049","めっける","神奈川県","県西","indexable","C","P1","missing_reading|missing_example","reading_verification|example_research","1","false","false","",""
"jp-14-kanagawa-050","ゆんべ","神奈川県","県西","indexable","C","P1","missing_reading|missing_example","reading_verification|example_research","1","false","false","",""
"jp-14-kanagawa-051","よこっちょ","神奈川県","県西","indexable","C","P1","missing_reading|missing_example","reading_verification|example_research","1","false","false","",""
"jp-14-kanagawa-052","カタチンバ","神奈川県","県西","indexable","C","P1","missing_reading|missing_example","reading_verification|example_research","1","false","false","",""
"jp-14-kanagawa-053","ブショッテエ","神奈川県","県西","indexable","C","P1","missing_reading|missing_example","reading_verification|example_research","1","false","false","",""
"jp-14-kanagawa-054","セチガル","神奈川県","県西","indexable","C","P1","missing_reading|missing_example","reading_verification|example_research","1","false","false","",""
"jp-14-kanagawa-055","ジョウグチ","神奈川県","県西","indexable","C","P1","missing_reading|missing_example","reading_verification|example_research","1","false","false","",""
"jp-39-kochi-001","いごっそう","高知県","高知市周辺・県中央部","indexable","A","P3","","manual_editor_review","1","true","true","",""
"jp-39-kochi-002","あて","高知県","高知市周辺・県中央部","indexable","A","P3","","manual_editor_review","1","true","true","",""
"jp-39-kochi-003","いよいよ","高知県","高知市周辺・県中央部","indexable","A","P3","","manual_editor_review","1","true","true","",""
"jp-39-kochi-004","～のうし","高知県","高知市周辺・県中央部","indexable","A","P3","","manual_editor_review","1","true","true","",""
"jp-39-kochi-005","おんし","高知県","高知市周辺・県中央部","indexable","A","P3","","manual_editor_review","1","true","true","",""
"jp-39-kochi-006","こじゃんと","高知県","高知市周辺・県中央部","indexable","A","P3","","manual_editor_review","1","true","true","",""
"jp-39-kochi-007","きばる","高知県","高知市周辺・県中央部","indexable","A","P3","","manual_editor_review","1","true","true","",""
"jp-39-kochi-008","～にかあらん","高知県","高知市周辺・県中央部","indexable","A","P3","","manual_editor_review","1","true","true","",""
"jp-39-kochi-009","まっこと","高知県","高知市周辺・県中央部","indexable","A","P3","","manual_editor_review","1","true","true","",""
"jp-39-kochi-010","たまるか","高知県","高知市周辺・県中央部","indexable","A","P3","","manual_editor_review","1","true","true","",""
"jp-39-kochi-011","～く","高知県","四万十・幡多地域","indexable","A","P3","","manual_editor_review","1","true","true","",""
"jp-39-kochi-012","～ち・～ぢ","高知県","四万十・幡多地域","indexable","A","P3","","manual_editor_review","1","true","true","",""
"jp-39-kochi-013","～い","高知県","四万十・幡多地域","indexable","A","P3","","manual_editor_review","1","true","true","",""
"jp-39-kochi-014","さおぐ","高知県","四万十・幡多地域","indexable","A","P3","","manual_editor_review","1","true","true","",""
"jp-39-kochi-015","たんめる","高知県","四万十・幡多地域","indexable","A","P3","","manual_editor_review","1","true","true","",""
"jp-39-kochi-016","しなす","高知県","四万十・幡多地域","indexable","A","P3","","manual_editor_review","1","true","true","",""
"jp-39-kochi-017","だて","高知県","四万十・幡多地域","indexable","A","P3","","manual_editor_review","1","true","true","",""
"jp-39-kochi-018","ぽんと","高知県","四万十・幡多地域","indexable","A","P3","","manual_editor_review","1","true","true","",""
"jp-39-kochi-019","～ぱい","高知県","四万十・幡多地域","indexable","A","P3","","manual_editor_review","1","true","true","",""
"jp-39-kochi-020","こさん","高知県","四万十・幡多地域","indexable","A","P3","","manual_editor_review","1","true","true","",""
"jp-39-kochi-021","あげる","高知県","高知市周辺・県中央部","indexable","C","P1","missing_reading|missing_example","reading_verification|example_research","1","false","false","",""
"jp-39-kochi-022","うかうかする","高知県","高知市周辺・県中央部","indexable","C","P1","missing_reading|missing_example","reading_verification|example_research","1","false","false","",""
"jp-39-kochi-023","おびちょー","高知県","高知市周辺・県中央部","indexable","C","P1","missing_reading|missing_example","reading_verification|example_research","1","false","false","",""
"jp-39-kochi-024","ことうた","高知県","高知市周辺・県中央部","indexable","C","P1","missing_reading|missing_example","reading_verification|example_research","1","false","false","",""
"jp-39-kochi-025","さびる","高知県","高知市周辺・県中央部","indexable","C","P1","missing_reading|missing_example","reading_verification|example_research","1","false","false","",""
"jp-39-kochi-026","しらんなる","高知県","高知市周辺・県中央部","indexable","C","P1","missing_reading|missing_example","reading_verification|example_research","1","false","false","",""
"jp-39-kochi-027","ずつない","高知県","高知市周辺・県中央部","indexable","C","P1","missing_reading|missing_example","reading_verification|example_research","1","false","false","",""
"jp-39-kochi-028","ぞいぞいする／ぞんぞんする","高知県","高知市周辺・県中央部","indexable","C","P1","missing_reading|missing_example","reading_verification|example_research","1","false","false","",""
"jp-39-kochi-029","たごる","高知県","高知市周辺・県中央部","indexable","C","P1","missing_reading|missing_example","reading_verification|example_research","1","false","false","",""
"jp-39-kochi-030","ほろせ","高知県","高知市周辺・県中央部","indexable","C","P1","missing_reading|missing_example","reading_verification|example_research","1","false","false","",""
"jp-39-kochi-031","まける","高知県","高知市周辺・県中央部","indexable","C","P1","missing_reading|missing_example","reading_verification|example_research","1","false","false","",""
"jp-39-kochi-032","おまん","高知県","高知市周辺・県中央部","indexable","C","P1","missing_reading|missing_example","reading_verification|example_research","1","false","false","",""
"jp-39-kochi-033","～ゆう","高知県","高知市周辺・県中央部","indexable","B","P1","missing_reading","reading_verification","1","false","true","",""
"jp-39-kochi-034","～ちゅう","高知県","高知市周辺・県中央部","indexable","B","P1","missing_reading","reading_verification","1","false","true","",""
"jp-39-kochi-035","～ちょった","高知県","高知市周辺・県中央部","indexable","B","P1","missing_reading","reading_verification","1","false","true","",""
"jp-39-kochi-036","なにしゆうがー？","高知県","高知市周辺・県中央部","indexable","B","P1","missing_reading","reading_verification","1","false","true","",""
"jp-39-kochi-037","水","高知県","高知市周辺・県中央部","indexable","B","P1","missing_example","example_research","1","true","false","",""
"jp-39-kochi-038","しばてん","高知県","高知市周辺・県中央部","indexable","C","P1","missing_reading|missing_example","reading_verification|example_research","1","false","false","",""
"jp-39-kochi-039","おんしゃ","高知県","高知市周辺・県中央部","indexable","C","P1","missing_reading|missing_example","reading_verification|example_research","1","false","false","",""
"jp-39-kochi-040","あしゃ、いんでうちのまわりをせんといかん。","高知県","県東部","indexable","B","P1","missing_reading","reading_verification","1","false","true","",""
"jp-39-kochi-041","そうかん。","高知県","県東部","indexable","B","P1","missing_reading","reading_verification","1","false","true","",""
"jp-39-kochi-042","仕事をしうて。","高知県","県東部","indexable","B","P1","missing_reading","reading_verification","1","false","true","",""
"jp-39-kochi-043","いーん","高知県","県東部","indexable","C","P1","missing_reading|missing_example","reading_verification|example_research","1","false","false","",""
"jp-39-kochi-044","まけまけ","高知県","県東部","indexable","C","P1","missing_reading|missing_example","reading_verification|example_research","1","false","false","",""
"jp-39-kochi-045","どくれちゅう","高知県","県東部","indexable","C","P1","missing_reading|missing_example","reading_verification|example_research","1","false","false","",""
"jp-39-kochi-046","だれこける","高知県","県東部","indexable","C","P1","missing_reading|missing_example","reading_verification|example_research","1","false","false","",""
"jp-39-kochi-047","りこもん／りこい","高知県","県東部","indexable","C","P1","missing_reading|missing_example","reading_verification|example_research","1","false","false","",""
"jp-39-kochi-048","く","高知県","県東部","indexable","C","P1","missing_reading|missing_example","reading_verification|example_research","1","false","false","",""
"jp-39-kochi-049","ひやい","高知県","県東部","indexable","C","P1","missing_reading|missing_example","reading_verification|example_research","1","false","false","",""
"jp-39-kochi-050","ねこすら","高知県","県東部","indexable","C","P1","missing_reading|missing_example","reading_verification|example_research","1","false","false","",""
"jp-39-kochi-051","ちく〳〵","高知県","県東部","indexable","C","P1","missing_reading|missing_example","reading_verification|example_research","1","false","false","",""
"jp-39-kochi-052","じようり","高知県","県東部","indexable","C","P1","missing_reading|missing_example","reading_verification|example_research","1","false","false","",""
"jp-39-kochi-053","いちま","高知県","県東部","indexable","C","P1","missing_reading|missing_example","reading_verification|example_research","1","false","false","",""
"jp-39-kochi-054","おんし","高知県","県東部","indexable","C","P1","missing_reading|missing_example","reading_verification|example_research","1","false","false","",""
"jp-39-kochi-055","～ガ","高知県","県東部","indexable","C","P1","missing_reading|missing_example","reading_verification|example_research","1","false","false","",""
"jp-39-kochi-056","～ザッタ","高知県","県東部","indexable","C","P1","missing_reading|missing_example","reading_verification|example_research","1","false","false","",""
"jp-39-kochi-057","～キニ","高知県","県東部","indexable","C","P1","missing_reading|missing_example","reading_verification|example_research","1","false","false","",""
"jp-39-kochi-058","～ケンド","高知県","県東部","indexable","C","P1","missing_reading|missing_example","reading_verification|example_research","1","false","false","",""
"jp-39-kochi-059","あらける","高知県","四万十・幡多地域","indexable","C","P1","missing_reading|missing_example","reading_verification|example_research","1","false","false","",""
"jp-39-kochi-060","えどる","高知県","四万十・幡多地域","indexable","C","P1","missing_reading|missing_example","reading_verification|example_research","1","false","false","",""
"jp-39-kochi-061","かるう","高知県","四万十・幡多地域","indexable","C","P1","missing_reading|missing_example","reading_verification|example_research","1","false","false","",""
"jp-39-kochi-062","こたう","高知県","四万十・幡多地域","indexable","C","P1","missing_reading|missing_example","reading_verification|example_research","1","false","false","",""
"jp-39-kochi-063","ざまに","高知県","四万十・幡多地域","indexable","C","P1","missing_reading|missing_example","reading_verification|example_research","1","false","false","",""
"jp-39-kochi-064","ざんじ","高知県","四万十・幡多地域","indexable","C","P1","missing_reading|missing_example","reading_verification|example_research","1","false","false","",""
"jp-39-kochi-065","じるい","高知県","四万十・幡多地域","indexable","C","P1","missing_reading|missing_example","reading_verification|example_research","1","false","false","",""
"jp-39-kochi-066","たいそい","高知県","四万十・幡多地域","indexable","C","P1","missing_reading|missing_example","reading_verification|example_research","1","false","false","",""
"jp-39-kochi-067","たろばあ","高知県","四万十・幡多地域","indexable","C","P1","missing_reading|missing_example","reading_verification|example_research","1","false","false","",""
"jp-39-kochi-068","ちゃがまる","高知県","四万十・幡多地域","indexable","C","P1","missing_reading|missing_example","reading_verification|example_research","1","false","false","",""
"jp-39-kochi-069","どしたち","高知県","四万十・幡多地域","indexable","C","P1","missing_reading|missing_example","reading_verification|example_research","1","false","false","",""
"jp-39-kochi-070","へち","高知県","四万十・幡多地域","indexable","C","P1","missing_reading|missing_example","reading_verification|example_research","1","false","false","",""
"jp-39-kochi-071","ひやい","高知県","四万十・幡多地域","indexable","C","P1","missing_reading|missing_example","reading_verification|example_research","1","false","false","",""
"jp-39-kochi-072","まいまいする","高知県","四万十・幡多地域","indexable","C","P1","missing_reading|missing_example","reading_verification|example_research","1","false","false","",""
"jp-39-kochi-073","まっと","高知県","四万十・幡多地域","indexable","C","P1","missing_reading|missing_example","reading_verification|example_research","1","false","false","",""
"jp-39-kochi-074","～しよる","高知県","四万十・幡多地域","indexable","C","P1","missing_reading|missing_example","reading_verification|example_research","1","false","false","",""
"jp-39-kochi-075","～ちょう","高知県","四万十・幡多地域","indexable","C","P1","missing_reading|missing_example","reading_verification|example_research","1","false","false","",""
"jp-39-kochi-076","りぐる","高知県","四万十・幡多地域","indexable","C","P1","missing_reading|missing_example","reading_verification|example_research","1","false","false","",""
"jp-39-kochi-077","ソーニカーラン","高知県","四万十・幡多地域","indexable","C","P1","missing_reading|missing_example","reading_verification|example_research","1","false","false","",""
"jp-39-kochi-078","ノーガワリー","高知県","四万十・幡多地域","indexable","C","P1","missing_reading|missing_example","reading_verification|example_research","1","false","false","",""
"jp-39-kochi-079","たんねる","高知県","四万十・幡多地域","indexable","C","P1","missing_reading|missing_example","reading_verification|example_research","1","false","false","",""
"jp-39-kochi-080","かわるにかあらん","高知県","県西部","indexable","C","P1","missing_reading|missing_example","reading_verification|example_research","1","false","false","",""
"jp-39-kochi-081","ちょうどえい","高知県","県西部","indexable","C","P1","missing_reading|missing_example","reading_verification|example_research","1","false","false","",""
"jp-39-kochi-082","ロイロイ","高知県","県西部","indexable","C","P1","missing_reading|missing_example","reading_verification|example_research","1","false","false","",""
"jp-39-kochi-083","のうがえ","高知県","県西部","indexable","C","P1","missing_reading|missing_example","reading_verification|example_research","1","false","false","",""
"jp-39-kochi-084","はちきん","高知県","県西部","indexable","C","P1","missing_reading|missing_example","reading_verification|example_research","1","false","false","",""
"jp-39-kochi-085","りぐる","高知県","県西部","indexable","C","P1","missing_reading|missing_example","reading_verification|example_research","1","false","false","",""
"jp-39-kochi-086","サル","高知県","嶺北など山間部","indexable","C","P1","missing_reading|missing_example","reading_verification|example_research","1","false","false","",""
"jp-39-kochi-087","バー","高知県","嶺北など山間部","indexable","C","P1","missing_reading|missing_example","reading_verification|example_research","1","false","false","",""
"jp-39-kochi-088","サル","高知県","嶺北など山間部","indexable","C","P1","missing_reading|missing_example","reading_verification|example_research","1","false","false","",""
"jp-43-kumamoto-001","たいぎゃ","熊本県","熊本周辺","noindex","E","P2","missing_example","example_research|candidate_for_index","1","true","false","","例文と公開根拠・確認状態の資料確認後に再判定するindex候補。公開状態は未変更。"
"jp-43-kumamoto-002","リバテープ","熊本県","熊本周辺","indexable","B","P1","missing_example","example_research","1","true","false","",""
"jp-43-kumamoto-003","マチ","熊本県","熊本周辺","indexable","A","P3","","manual_editor_review","1","true","true","",""
"jp-43-kumamoto-004","あとぜき","熊本県","阿蘇","indexable","A","P3","","manual_editor_review","1","true","true","",""
"jp-43-kumamoto-005","ちゃんこ","熊本県","熊本周辺","indexable","A","P3","","manual_editor_review","1","true","true","",""
"jp-43-kumamoto-006","からう","熊本県","熊本周辺","indexable","A","P3","","manual_editor_review","1","true","true","",""
"jp-43-kumamoto-007","さしより","熊本県","熊本周辺","indexable","A","P3","","manual_editor_review","1","true","true","",""
"jp-43-kumamoto-008","どぎゃん？","熊本県","熊本周辺","indexable","A","P3","","manual_editor_review","1","true","true","",""
"jp-43-kumamoto-009","～なっせ","熊本県","熊本周辺","indexable","A","P3","","manual_editor_review","1","true","true","",""
"jp-43-kumamoto-010","あくしゃうつ","熊本県","熊本周辺","indexable","A","P3","","manual_editor_review","1","true","true","",""
"jp-43-kumamoto-011","そぜる","熊本県","熊本周辺","indexable","A","P3","","manual_editor_review","1","true","true","",""
"jp-43-kumamoto-012","とつけむにゃあ","熊本県","県北","indexable","B","P1","missing_example","example_research","1","true","false","",""
"jp-43-kumamoto-013","がまだす","熊本県","県北","indexable","B","P1","missing_example","example_research","1","true","false","",""
"jp-43-kumamoto-014","やおいかん","熊本県","県北","indexable","B","P1","missing_example","example_research","1","true","false","",""
"jp-43-kumamoto-015","ひやがり","熊本県","県北","indexable","B","P1","missing_example","example_research","1","true","false","",""
"jp-43-kumamoto-016","びっき","熊本県","県北","indexable","B","P1","missing_example","example_research","1","true","false","",""
"jp-43-kumamoto-017","てれっと","熊本県","県北","indexable","B","P1","missing_example","example_research","1","true","false","",""
"jp-43-kumamoto-018","ててんご","熊本県","県北","indexable","B","P1","missing_example","example_research","1","true","false","",""
"jp-43-kumamoto-019","ずんだれ","熊本県","県北","indexable","B","P1","missing_example","example_research","1","true","false","",""
"jp-43-kumamoto-020","しゃあづち","熊本県","県北","indexable","B","P1","missing_example","example_research","1","true","false","",""
"jp-43-kumamoto-021","ばっじゃす","熊本県","県北","indexable","B","P1","missing_example","example_research","1","true","false","",""
"jp-43-kumamoto-022","シルシー","熊本県","阿蘇","indexable","B","P1","missing_example","example_research","1","true","false","",""
"jp-43-kumamoto-023","ウゼネー","熊本県","阿蘇","indexable","B","P1","missing_example","example_research","1","true","false","",""
"jp-43-kumamoto-024","ズル","熊本県","阿蘇","indexable","B","P1","missing_example","example_research","1","true","false","",""
"jp-43-kumamoto-025","セツク","熊本県","阿蘇","indexable","B","P1","missing_example","example_research","1","true","false","",""
"jp-43-kumamoto-026","シレル","熊本県","阿蘇","indexable","B","P1","missing_example","example_research","1","true","false","",""
"jp-43-kumamoto-027","御樽","熊本県","阿蘇","indexable","A","P3","","manual_editor_review","1","true","true","",""
"jp-43-kumamoto-028","ひっと出る","熊本県","阿蘇","indexable","B","P1","missing_reading","reading_verification","1","false","true","",""
"jp-43-kumamoto-029","かたる","熊本県","県南","indexable","A","P3","","manual_editor_review","1","true","true","",""
"jp-43-kumamoto-030","つんのぼする","熊本県","阿蘇","indexable","A","P3","","manual_editor_review","1","true","true","",""
"jp-43-kumamoto-031","にくぞ","熊本県","阿蘇","indexable","A","P3","","manual_editor_review","1","true","true","",""
"jp-43-kumamoto-032","たばくまん","熊本県","県南","indexable","A","P3","","manual_editor_review","1","true","true","",""
"jp-43-kumamoto-033","いっそで","熊本県","県南","indexable","A","P3","","manual_editor_review","1","true","true","",""
"jp-43-kumamoto-034","ちなもい","熊本県","県南","indexable","B","P1","missing_example","example_research","1","true","false","",""
"jp-43-kumamoto-035","アッコイショ","熊本県","県南","indexable","A","P3","","manual_editor_review","1","true","true","",""
"jp-43-kumamoto-036","フトカ","熊本県","県南","indexable","A","P3","","manual_editor_review","1","true","true","",""
"jp-43-kumamoto-037","キラン","熊本県","県南","indexable","A","P3","","manual_editor_review","1","true","true","",""
"jp-43-kumamoto-038","オイギャン","熊本県","県南","indexable","B","P1","missing_example","example_research","1","true","false","",""
"jp-43-kumamoto-039","オドマ","熊本県","県南","indexable","B","P1","missing_example","example_research","1","true","false","",""
"jp-43-kumamoto-040","オドンギャサミャ","熊本県","県南","indexable","B","P1","missing_example","example_research","1","true","false","",""
"jp-43-kumamoto-041","クバイ","熊本県","県南","indexable","B","P1","missing_example","example_research","1","true","false","",""
"jp-43-kumamoto-042","いくっしぇな","熊本県","天草","indexable","B","P1","missing_example","example_research","1","true","false","",""
"jp-43-kumamoto-043","いたうゑ／いたうゑっか","熊本県","天草","indexable","C","P1","missing_reading|missing_example","reading_verification|example_research","1","false","false","",""
"jp-43-kumamoto-044","おいがすいで","熊本県","天草","indexable","B","P1","missing_example","example_research","1","true","false","",""
"jp-43-kumamoto-045","からいもほりかんもい","熊本県","天草","indexable","B","P1","missing_example","example_research","1","true","false","",""
"jp-43-kumamoto-046","くい／くいで","熊本県","天草","indexable","B","P1","missing_example","example_research","1","true","false","",""
"jp-43-kumamoto-047","こいもん","熊本県","天草","indexable","B","P1","missing_example","example_research","1","true","false","",""
"jp-43-kumamoto-048","しぃまい","熊本県","天草","indexable","B","P1","missing_example","example_research","1","true","false","",""
"jp-43-kumamoto-049","そどやがや","熊本県","天草","indexable","B","P1","missing_example","example_research","1","true","false","",""
"jp-43-kumamoto-050","ぬーどっど","熊本県","天草","indexable","B","P1","missing_example","example_research","1","true","false","",""
"jp-43-kumamoto-051","メダイ","熊本県","天草","indexable","B","P1","missing_example","example_research","1","true","false","",""
"jp-26-kyoto-001","おおきに","京都府","府内複数地域","indexable","A","P3","","manual_editor_review","2","true","true","",""
"jp-26-kyoto-002","～さかい","京都府","京都市周辺","indexable","A","P3","","manual_editor_review","1","true","true","",""
"jp-26-kyoto-003","ほいで","京都府","京都市周辺","indexable","A","P3","","manual_editor_review","1","true","true","",""
"jp-26-kyoto-004","～はる","京都府","京都市周辺","indexable","A","P3","","manual_editor_review","1","true","true","",""
"jp-26-kyoto-005","～どす","京都府","京都市周辺","indexable","A","P3","","manual_editor_review","1","true","true","",""
"jp-26-kyoto-006","～おす","京都府","京都市周辺","indexable","A","P3","","manual_editor_review","1","true","true","",""
"jp-26-kyoto-007","きっすい","京都府","京都市周辺","indexable","A","P3","","manual_editor_review","1","true","true","",""
"jp-26-kyoto-008","うち","京都府","京都市周辺","indexable","A","P3","","manual_editor_review","1","true","true","",""
"jp-26-kyoto-009","ごめんやす","京都府","京都市周辺","indexable","A","P3","","manual_editor_review","2","true","true","",""
"jp-26-kyoto-010","～へん","京都府","京都市周辺","indexable","A","P3","","manual_editor_review","1","true","true","",""
"jp-26-kyoto-011","アガル","京都府","京都市周辺","indexable","C","P1","missing_reading|missing_example","reading_verification|example_research","1","false","false","",""
"jp-26-kyoto-012","イラウ","京都府","京都市周辺","indexable","C","P1","missing_reading|missing_example","reading_verification|example_research","1","false","false","",""
"jp-26-kyoto-013","オーキニ","京都府","京都市周辺","indexable","C","P1","missing_reading|missing_example","reading_verification|example_research","1","false","false","",""
"jp-26-kyoto-014","オコシヤス","京都府","京都市周辺","indexable","C","P1","missing_reading|missing_example","reading_verification|example_research","1","false","false","",""
"jp-26-kyoto-015","オバンザイ","京都府","京都市周辺","indexable","C","P1","missing_reading|missing_example","reading_verification|example_research","1","false","false","",""
"jp-26-kyoto-016","カンニン","京都府","京都市周辺","indexable","C","P1","missing_reading|missing_example","reading_verification|example_research","1","false","false","",""
"jp-26-kyoto-017","キバル","京都府","京都市周辺","indexable","C","P1","missing_reading|missing_example","reading_verification|example_research","1","false","false","",""
"jp-26-kyoto-018","ケッタイナ","京都府","京都市周辺","indexable","C","P1","missing_reading|missing_example","reading_verification|example_research","1","false","false","",""
"jp-26-kyoto-019","サガル","京都府","京都市周辺","indexable","C","P1","missing_reading|missing_example","reading_verification|example_research","1","false","false","",""
"jp-26-kyoto-020","ジュンサイナ","京都府","京都市周辺","indexable","C","P1","missing_reading|missing_example","reading_verification|example_research","1","false","false","",""
"jp-26-kyoto-021","ショーモナイ","京都府","京都市周辺","indexable","C","P1","missing_reading|missing_example","reading_verification|example_research","1","false","false","",""
"jp-26-kyoto-022","シンドイ","京都府","京都市周辺","indexable","C","P1","missing_reading|missing_example","reading_verification|example_research","1","false","false","",""
"jp-26-kyoto-023","ソーロト","京都府","京都市周辺","indexable","C","P1","missing_reading|missing_example","reading_verification|example_research","1","false","false","",""
"jp-26-kyoto-024","タント","京都府","京都市周辺","indexable","C","P1","missing_reading|missing_example","reading_verification|example_research","1","false","false","",""
"jp-26-kyoto-025","デボチン","京都府","京都市周辺","indexable","C","P1","missing_reading|missing_example","reading_verification|example_research","1","false","false","",""
"jp-26-kyoto-026","ナオス","京都府","京都市周辺","indexable","C","P1","missing_reading|missing_example","reading_verification|example_research","1","false","false","",""
"jp-26-kyoto-027","ネキ","京都府","京都市周辺","indexable","C","P1","missing_reading|missing_example","reading_verification|example_research","1","false","false","",""
"jp-26-kyoto-028","ハバカリサン","京都府","京都市周辺","indexable","C","P1","missing_reading|missing_example","reading_verification|example_research","1","false","false","",""
"jp-26-kyoto-029","ハンナリ","京都府","京都市周辺","indexable","C","P1","missing_reading|missing_example","reading_verification|example_research","1","false","false","",""
"jp-26-kyoto-030","ブブ","京都府","京都市周辺","indexable","C","P1","missing_reading|missing_example","reading_verification|example_research","1","false","false","",""
"jp-26-kyoto-031","ホカス","京都府","京都市周辺","indexable","C","P1","missing_reading|missing_example","reading_verification|example_research","1","false","false","",""
"jp-26-kyoto-032","ホッコリスル","京都府","京都市周辺","indexable","C","P1","missing_reading|missing_example","reading_verification|example_research","1","false","false","",""
"jp-26-kyoto-033","マッタリ","京都府","京都市周辺","indexable","C","P1","missing_reading|missing_example","reading_verification|example_research","1","false","false","",""
"jp-26-kyoto-034","ヤヤコシイ","京都府","京都市周辺","indexable","C","P1","missing_reading|missing_example","reading_verification|example_research","1","false","false","",""
"jp-26-kyoto-035","ひろうす／ひりょうず","京都府","京都市周辺","indexable","C","P1","missing_reading|missing_example","reading_verification|example_research","1","false","false","",""
"jp-26-kyoto-036","いかき","京都府","京都市周辺","indexable","C","P1","missing_reading|missing_example","reading_verification|example_research","1","false","false","",""
"jp-26-kyoto-037","けんずい","京都府","京都市周辺","indexable","C","P1","missing_reading|missing_example","reading_verification|example_research","1","false","false","",""
"jp-26-kyoto-038","おまわり","京都府","京都市周辺","indexable","C","P1","missing_reading|missing_example","reading_verification|example_research","1","false","false","",""
"jp-26-kyoto-039","であいもん","京都府","府内地域未特定","indexable","C","P1","missing_reading|missing_example","reading_verification|example_research","1","false","false","",""
"jp-26-kyoto-040","はらくち","京都府","丹後","indexable","C","P1","missing_reading|missing_example","reading_verification|example_research","1","false","false","",""
"jp-26-kyoto-041","からくち","京都府","丹後","indexable","C","P1","missing_reading|missing_example","reading_verification|example_research","1","false","false","",""
"jp-26-kyoto-042","しばのは","京都府","丹後","indexable","C","P1","missing_reading|missing_example","reading_verification|example_research","1","false","false","",""
"jp-26-kyoto-043","しじゅう","京都府","丹後","indexable","C","P1","missing_reading|missing_example","reading_verification|example_research","1","false","false","",""
"jp-26-kyoto-044","もま","京都府","丹後","indexable","C","P1","missing_reading|missing_example","reading_verification|example_research","1","false","false","",""
"jp-26-kyoto-045","さとり","京都府","丹後","indexable","C","P1","missing_reading|missing_example","reading_verification|example_research","1","false","false","",""
"jp-26-kyoto-046","すい","京都府","丹後","indexable","C","P1","missing_reading|missing_example","reading_verification|example_research","1","false","false","",""
"jp-26-kyoto-047","すいいねず","京都府","丹後","indexable","C","P1","missing_reading|missing_example","reading_verification|example_research","1","false","false","",""
"jp-26-kyoto-048","きいねず","京都府","丹後","indexable","C","P1","missing_reading|missing_example","reading_verification|example_research","1","false","false","",""
"jp-26-kyoto-049","きょうげんばこ","京都府","丹後","indexable","C","P1","missing_reading|missing_example","reading_verification|example_research","1","false","false","",""
"jp-26-kyoto-050","くじ","京都府","丹後","indexable","C","P1","missing_reading|missing_example","reading_verification|example_research","1","false","false","",""
"jp-26-kyoto-051","ぐじ","京都府","丹後","indexable","C","P1","missing_reading|missing_example","reading_verification|example_research","1","false","false","",""
"jp-26-kyoto-052","ぐち","京都府","丹後","indexable","C","P1","missing_reading|missing_example","reading_verification|example_research","1","false","false","",""
"jp-26-kyoto-053","かます","京都府","丹後","indexable","C","P1","missing_reading|missing_example","reading_verification|example_research","1","false","false","",""
"jp-26-kyoto-054","まがれい","京都府","丹後","indexable","C","P1","missing_reading|missing_example","reading_verification|example_research","1","false","false","",""
"jp-26-kyoto-055","うしのした","京都府","丹後","indexable","C","P1","missing_reading|missing_example","reading_verification|example_research","1","false","false","",""
"jp-26-kyoto-056","べえのした","京都府","丹後","indexable","C","P1","missing_reading|missing_example","reading_verification|example_research","1","false","false","",""
"jp-26-kyoto-057","のどくろ","京都府","丹後","indexable","C","P1","missing_reading|missing_example","reading_verification|example_research","1","false","false","",""
"jp-26-kyoto-058","やがら","京都府","丹後","indexable","C","P1","missing_reading|missing_example","reading_verification|example_research","1","false","false","",""
"jp-26-kyoto-059","くぎうお","京都府","丹後","indexable","C","P1","missing_reading|missing_example","reading_verification|example_research","1","false","false","",""
"jp-24-mie-001","ささって","三重県","北勢","indexable","A","P3","","manual_editor_review","2","true","true","",""
"jp-24-mie-002","ヤイカガシ","三重県","県内地域未特定","indexable","C","P1","missing_reading|missing_example","reading_verification|example_research","1","false","false","",""
"jp-24-mie-003","アラクサ","三重県","南勢","indexable","C","P1","missing_reading|missing_example","reading_verification|example_research","1","false","false","",""
"jp-24-mie-004","アクサ鰯","三重県","県内地域未特定","indexable","C","P1","missing_reading|missing_example","reading_verification|example_research","1","false","false","",""
"jp-24-mie-005","オニノメツキ","三重県","東紀州","indexable","C","P1","missing_reading|missing_example","reading_verification|example_research","1","false","false","",""
"jp-24-mie-006","イタイクサイ","三重県","伊賀","indexable","C","P1","missing_reading|missing_example","reading_verification|example_research","1","false","false","",""
"jp-24-mie-007","オニカザリ","三重県","伊賀","indexable","C","P1","missing_reading|missing_example","reading_verification|example_research","1","false","false","",""
"jp-24-mie-008","鬼の目つぶし","三重県","東紀州","indexable","C","P1","missing_reading|missing_example","reading_verification|example_research","1","false","false","",""
"jp-24-mie-009","鬼の目突き","三重県","南勢","indexable","C","P1","missing_reading|missing_example","reading_verification|example_research","1","false","false","",""
"jp-24-mie-010","みてんか","三重県","中勢","indexable","C","P1","missing_reading|missing_example","reading_verification|example_research","1","false","false","",""
"jp-24-mie-011","デッポ","三重県","南勢","indexable","C","P1","missing_reading|missing_example","reading_verification|example_research","1","false","false","",""
"jp-24-mie-012","ズッポ","三重県","南勢","indexable","C","P1","missing_reading|missing_example","reading_verification|example_research","1","false","false","",""
"jp-24-mie-013","ヤゴダイ","三重県","南勢","indexable","C","P1","missing_reading|missing_example","reading_verification|example_research","1","false","false","",""
"jp-24-mie-014","シバマキ","三重県","南勢","indexable","C","P1","missing_reading|missing_example","reading_verification|example_research","1","false","false","",""
"jp-24-mie-015","トウジンベ","三重県","南勢","indexable","C","P1","missing_reading|missing_example","reading_verification|example_research","1","false","false","",""
"jp-24-mie-016","モンドリ","三重県","東紀州","indexable","C","P1","missing_reading|missing_example","reading_verification|example_research","1","false","false","",""
"jp-24-mie-019","してみえる","三重県","中勢","indexable","C","P1","missing_reading|missing_example","reading_verification|example_research","1","false","false","",""
"jp-04-miyagi-001","いずい","宮城県","仙台周辺","noindex","E","P3","core_evidence_scope_incomplete","keep_noindex","1","true","true","","現時点ではnoindex維持を推奨。"
"jp-04-miyagi-002","ン ゴザイス","宮城県","仙台周辺","indexable","A","P3","","manual_editor_review","1","true","true","",""
"jp-04-miyagi-003","ゴド ネァンダ","宮城県","仙台周辺","indexable","A","P3","","manual_editor_review","1","true","true","",""
"jp-04-miyagi-004","ソスカ","宮城県","仙台周辺","indexable","A","P3","","manual_editor_review","1","true","true","",""
"jp-04-miyagi-005","ウゲモーサル","宮城県","仙台周辺","indexable","A","P3","","manual_editor_review","1","true","true","",""
"jp-04-miyagi-006","ヤンダグナッツアッタ","宮城県","仙台周辺","indexable","A","P3","","manual_editor_review","1","true","true","",""
"jp-04-miyagi-007","ホスタラ","宮城県","仙台周辺","indexable","A","P3","","manual_editor_review","1","true","true","",""
"jp-04-miyagi-008","クンダンナクテナェ","宮城県","仙台周辺","indexable","A","P3","","manual_editor_review","1","true","true","",""
"jp-04-miyagi-009","アンベッチャ","宮城県","仙台周辺","indexable","A","P3","","manual_editor_review","1","true","true","",""
"jp-04-miyagi-010","イク゜ンダ","宮城県","仙台周辺","indexable","A","P3","","manual_editor_review","1","true","true","",""
"jp-04-miyagi-011","ワゲッシャ","宮城県","仙台周辺","indexable","A","P3","","manual_editor_review","1","true","true","",""
"jp-04-miyagi-012","ノボンネ","宮城県","仙台周辺","indexable","A","P3","","manual_editor_review","1","true","true","",""
"jp-04-miyagi-013","ガガ","宮城県","仙台周辺","indexable","A","P3","","manual_editor_review","1","true","true","",""
"jp-04-miyagi-014","ノボラサッタ","宮城県","仙台周辺","indexable","A","P3","","manual_editor_review","1","true","true","",""
"jp-04-miyagi-015","ツンツケダ","宮城県","仙台周辺","indexable","A","P3","","manual_editor_review","1","true","true","",""
"jp-04-miyagi-016","アルガサエバ","宮城県","仙台周辺","indexable","A","P3","","manual_editor_review","1","true","true","",""
"jp-04-miyagi-017","クンノワ","宮城県","仙台周辺","indexable","A","P3","","manual_editor_review","1","true","true","",""
"jp-04-miyagi-018","トーッテクル","宮城県","仙台周辺","indexable","A","P3","","manual_editor_review","1","true","true","",""
"jp-04-miyagi-019","ナガ゜レデンノサ","宮城県","仙台周辺","indexable","A","P3","","manual_editor_review","1","true","true","",""
"jp-04-miyagi-020","イズメン","宮城県","仙台周辺","indexable","A","P3","","manual_editor_review","1","true","true","",""
"jp-04-miyagi-021","ンダガラ","宮城県","仙台周辺","indexable","A","P3","","manual_editor_review","1","true","true","",""
"jp-04-miyagi-022","イダヨ","宮城県","仙台周辺","indexable","A","P3","","manual_editor_review","1","true","true","",""
"jp-04-miyagi-023","シェビ","宮城県","仙台周辺","indexable","A","P3","","manual_editor_review","1","true","true","",""
"jp-04-miyagi-024","タマケ゜ダ","宮城県","仙台周辺","indexable","A","P3","","manual_editor_review","1","true","true","",""
"jp-04-miyagi-025","ソーダネス","宮城県","仙台周辺","indexable","A","P3","","manual_editor_review","1","true","true","",""
"jp-04-miyagi-026","シッタッタ","宮城県","仙台周辺","indexable","A","P3","","manual_editor_review","1","true","true","",""
"jp-04-miyagi-027","デゲモノ","宮城県","仙台周辺","indexable","A","P3","","manual_editor_review","1","true","true","",""
"jp-04-miyagi-028","アルゲナグ","宮城県","仙台周辺","indexable","A","P3","","manual_editor_review","1","true","true","",""
"jp-04-miyagi-029","ゴド アンノスカ","宮城県","仙台周辺","indexable","A","P3","","manual_editor_review","1","true","true","",""
"jp-04-miyagi-030","ワゲァ ドギ","宮城県","仙台周辺","indexable","A","P3","","manual_editor_review","1","true","true","",""
"jp-04-miyagi-031","ワシェデル","宮城県","仙台周辺","indexable","A","P3","","manual_editor_review","1","true","true","",""
"jp-04-miyagi-032","ナンネンダ","宮城県","仙台周辺","indexable","A","P3","","manual_editor_review","1","true","true","",""
"jp-04-miyagi-033","アラサル","宮城県","仙台周辺","indexable","A","P3","","manual_editor_review","1","true","true","",""
"jp-04-miyagi-034","ゴザイスット","宮城県","仙台周辺","indexable","A","P3","","manual_editor_review","1","true","true","",""
"jp-04-miyagi-035","ノボレネェ","宮城県","仙台周辺","indexable","A","P3","","manual_editor_review","1","true","true","",""
"jp-04-miyagi-036","アッカラネス","宮城県","仙台周辺","indexable","A","P3","","manual_editor_review","1","true","true","",""
"jp-04-miyagi-037","タデダエッチャ","宮城県","仙台周辺","indexable","A","P3","","manual_editor_review","1","true","true","",""
"jp-04-miyagi-038","シューセンコ゜ダッチャ","宮城県","仙台周辺","indexable","A","P3","","manual_editor_review","1","true","true","",""
"jp-04-miyagi-039","ソーナンダベ","宮城県","仙台周辺","indexable","A","P3","","manual_editor_review","1","true","true","",""
"jp-04-miyagi-040","ナエンダモ","宮城県","仙台周辺","indexable","A","P3","","manual_editor_review","1","true","true","",""
"jp-04-miyagi-041","シェマクテ","宮城県","仙台周辺","indexable","A","P3","","manual_editor_review","1","true","true","",""
"jp-04-miyagi-042","ガエンベ","宮城県","仙台周辺","indexable","A","P3","","manual_editor_review","1","true","true","",""
"jp-04-miyagi-043","ヒドカッタノサ","宮城県","仙台周辺","indexable","A","P3","","manual_editor_review","1","true","true","",""
"jp-04-miyagi-044","シショグ","宮城県","仙台周辺","indexable","A","P3","","manual_editor_review","1","true","true","",""
"jp-04-miyagi-045","ンマグ ネンダ","宮城県","仙台周辺","indexable","A","P3","","manual_editor_review","1","true","true","",""
"jp-04-miyagi-046","シタズ","宮城県","仙台周辺","indexable","A","P3","","manual_editor_review","1","true","true","",""
"jp-04-miyagi-047","クワスエ","宮城県","仙台周辺","indexable","A","P3","","manual_editor_review","1","true","true","",""
"jp-04-miyagi-048","ノボランネ","宮城県","仙台周辺","indexable","A","P3","","manual_editor_review","1","true","true","",""
"jp-04-miyagi-049","イズト","宮城県","仙台周辺","indexable","A","P3","","manual_editor_review","1","true","true","",""
"jp-04-miyagi-050","シェネンダ","宮城県","仙台周辺","indexable","A","P3","","manual_editor_review","1","true","true","",""
"jp-04-miyagi-051","エグネァ","宮城県","仙台周辺","indexable","A","P3","","manual_editor_review","1","true","true","",""
"jp-04-miyagi-052","タイシタ モンダッタガラネッス","宮城県","仙台周辺","indexable","A","P3","","manual_editor_review","1","true","true","",""
"jp-04-miyagi-053","ハガサッテ","宮城県","仙台周辺","indexable","A","P3","","manual_editor_review","1","true","true","",""
"jp-04-miyagi-054","アンダゲントモシャ","宮城県","仙台周辺","indexable","A","P3","","manual_editor_review","1","true","true","",""
"jp-04-miyagi-055","ンデ ネーガナー","宮城県","仙台周辺","indexable","A","P3","","manual_editor_review","1","true","true","",""
"jp-45-miyazaki-001","てげ","宮崎県","県央","indexable","B","P1","missing_example","example_research","2","true","false","",""
"jp-45-miyazaki-002","まこち","宮崎県","県西","indexable","A","P3","","manual_editor_review","1","true","true","",""
"jp-45-miyazaki-003","そげん","宮崎県","県西","indexable","A","P3","","manual_editor_review","1","true","true","",""
"jp-45-miyazaki-004","どげん","宮崎県","県西","indexable","A","P3","","manual_editor_review","1","true","true","",""
"jp-45-miyazaki-005","～ちょる","宮崎県","県西","indexable","A","P3","","manual_editor_review","1","true","true","",""
"jp-45-miyazaki-006","～じゃろ","宮崎県","県西","indexable","A","P3","","manual_editor_review","1","true","true","",""
"jp-45-miyazaki-007","うんにゃ","宮崎県","県西","indexable","A","P3","","manual_editor_review","1","true","true","",""
"jp-45-miyazaki-008","よか","宮崎県","県西","indexable","A","P3","","manual_editor_review","1","true","true","",""
"jp-45-miyazaki-009","おい","宮崎県","県西","indexable","A","P3","","manual_editor_review","1","true","true","",""
"jp-45-miyazaki-010","おまい","宮崎県","県西","indexable","A","P3","","manual_editor_review","1","true","true","",""
"jp-45-miyazaki-011","ちった","宮崎県","県西","indexable","A","P3","","manual_editor_review","1","true","true","",""
"jp-45-miyazaki-012","ほっで","宮崎県","県西","indexable","A","P3","","manual_editor_review","1","true","true","",""
"jp-45-miyazaki-013","～かい","宮崎県","県西","indexable","A","P3","","manual_editor_review","1","true","true","",""
"jp-45-miyazaki-014","あったれこっしなったが","宮崎県","県南","indexable","C","P1","missing_reading|missing_example","reading_verification|example_research","1","false","false","",""
"jp-45-miyazaki-015","あんべらしゅ","宮崎県","県南","indexable","C","P1","missing_reading|missing_example","reading_verification|example_research","1","false","false","",""
"jp-45-miyazaki-016","いかんなんげな","宮崎県","県南","indexable","C","P1","missing_reading|missing_example","reading_verification|example_research","1","false","false","",""
"jp-45-miyazaki-017","やっくだはり","宮崎県","県南","indexable","C","P1","missing_reading|missing_example","reading_verification|example_research","1","false","false","",""
"jp-45-miyazaki-018","あんべ","宮崎県","県南","indexable","C","P1","missing_reading|missing_example","reading_verification|example_research","1","false","false","",""
"jp-45-miyazaki-019","いお／いよ","宮崎県","県南","indexable","C","P1","missing_reading|missing_example","reading_verification|example_research","1","false","false","",""
"jp-45-miyazaki-020","いっちゃが","宮崎県","県南","indexable","C","P1","missing_reading|missing_example","reading_verification|example_research","1","false","false","",""
"jp-45-miyazaki-021","うっせる","宮崎県","県南","indexable","C","P1","missing_reading|missing_example","reading_verification|example_research","1","false","false","",""
"jp-45-miyazaki-022","おーきん","宮崎県","県南","indexable","C","P1","missing_reading|missing_example","reading_verification|example_research","1","false","false","",""
"jp-45-miyazaki-023","およばん","宮崎県","県南","indexable","C","P1","missing_reading|missing_example","reading_verification|example_research","1","false","false","",""
"jp-45-miyazaki-024","おらぶ","宮崎県","県南","indexable","C","P1","missing_reading|missing_example","reading_verification|example_research","1","false","false","",""
"jp-45-miyazaki-025","からう","宮崎県","県南","indexable","C","P1","missing_reading|missing_example","reading_verification|example_research","1","false","false","",""
"jp-45-miyazaki-026","がんたれ","宮崎県","県南","indexable","C","P1","missing_reading|missing_example","reading_verification|example_research","1","false","false","",""
"jp-45-miyazaki-027","きばる","宮崎県","県南","indexable","C","P1","missing_reading|missing_example","reading_verification|example_research","1","false","false","",""
"jp-45-miyazaki-028","ぐらしぃ","宮崎県","県南","indexable","C","P1","missing_reading|missing_example","reading_verification|example_research","1","false","false","",""
"jp-45-miyazaki-029","こんめー","宮崎県","県南","indexable","C","P1","missing_reading|missing_example","reading_verification|example_research","1","false","false","",""
"jp-45-miyazaki-030","さるく","宮崎県","県南","indexable","C","P1","missing_reading|missing_example","reading_verification|example_research","1","false","false","",""
"jp-45-miyazaki-031","しごつ","宮崎県","県南","indexable","C","P1","missing_reading|missing_example","reading_verification|example_research","1","false","false","",""
"jp-45-miyazaki-032","よだきぃ","宮崎県","県南","indexable","C","P1","missing_reading|missing_example","reading_verification|example_research","1","false","false","",""
"jp-45-miyazaki-033","ゴゼムケ","宮崎県","県南","indexable","C","P1","missing_reading|missing_example","reading_verification|example_research","1","false","false","",""
"jp-45-miyazaki-034","つねんね","宮崎県","県央","indexable","C","P1","missing_reading|missing_example","reading_verification|example_research","1","false","false","",""
"jp-45-miyazaki-035","てにゃわん","宮崎県","県央","indexable","C","P1","missing_reading|missing_example","reading_verification|example_research","1","false","false","",""
"jp-45-miyazaki-036","ほいっぺ","宮崎県","県央","indexable","C","P1","missing_reading|missing_example","reading_verification|example_research","1","false","false","",""
"jp-45-miyazaki-037","よかんべ","宮崎県","県央","indexable","C","P1","missing_reading|missing_example","reading_verification|example_research","1","false","false","",""
"jp-45-miyazaki-038","あえちょる","宮崎県","県央","indexable","C","P1","missing_reading|missing_example","reading_verification|example_research","1","false","false","",""
"jp-45-miyazaki-039","しのべる","宮崎県","県央","indexable","C","P1","missing_reading|missing_example","reading_verification|example_research","1","false","false","",""
"jp-45-miyazaki-040","あたれ","宮崎県","県央","indexable","C","P1","missing_reading|missing_example","reading_verification|example_research","1","false","false","",""
"jp-45-miyazaki-041","ちょかんきり","宮崎県","県央","indexable","C","P1","missing_reading|missing_example","reading_verification|example_research","1","false","false","",""
"jp-45-miyazaki-042","てげてげ","宮崎県","県央","indexable","C","P1","missing_reading|missing_example","reading_verification|example_research","1","false","false","",""
"jp-45-miyazaki-043","なんきも","宮崎県","県央","indexable","C","P1","missing_reading|missing_example","reading_verification|example_research","1","false","false","",""
"jp-45-miyazaki-044","ヅンブリ","宮崎県","県央","indexable","C","P1","missing_reading|missing_example","reading_verification|example_research","1","false","false","",""
"jp-45-miyazaki-045","いかはっとかの／いかはっとかな","宮崎県","県央","indexable","C","P1","missing_reading|missing_example","reading_verification|example_research","1","false","false","",""
"jp-45-miyazaki-046","すぐっ","宮崎県","県央","indexable","C","P1","missing_reading|missing_example","reading_verification|example_research","1","false","false","",""
"jp-45-miyazaki-047","あけっぽ","宮崎県","県北","indexable","C","P1","missing_reading|missing_example","reading_verification|example_research","1","false","false","",""
"jp-45-miyazaki-048","あなんぼ（うど）","宮崎県","県北","indexable","C","P1","missing_reading|missing_example","reading_verification|example_research","1","false","false","",""
"jp-45-miyazaki-049","とりこのふし","宮崎県","県北","indexable","C","P1","missing_reading|missing_example","reading_verification|example_research","1","false","false","",""
"jp-45-miyazaki-050","ぐわん","宮崎県","県北","indexable","C","P1","missing_reading|missing_example","reading_verification|example_research","1","false","false","",""
"jp-45-miyazaki-051","やかんたぎり","宮崎県","県北","indexable","C","P1","missing_reading|missing_example","reading_verification|example_research","1","false","false","",""
"jp-45-miyazaki-052","あてっぽし","宮崎県","県北","indexable","C","P1","missing_reading|missing_example","reading_verification|example_research","1","false","false","",""
"jp-45-miyazaki-053","あんどする","宮崎県","県北","indexable","C","P1","missing_reading|missing_example","reading_verification|example_research","1","false","false","",""
"jp-45-miyazaki-054","おおなぐ","宮崎県","県北","indexable","C","P1","missing_reading|missing_example","reading_verification|example_research","1","false","false","",""
"jp-45-miyazaki-055","うろたゆる","宮崎県","県北","indexable","C","P1","missing_reading|missing_example","reading_verification|example_research","1","false","false","",""
"jp-45-miyazaki-056","ほがす","宮崎県","県北","indexable","C","P1","missing_reading|missing_example","reading_verification|example_research","1","false","false","",""
"jp-45-miyazaki-057","ほげた","宮崎県","県北","indexable","C","P1","missing_reading|missing_example","reading_verification|example_research","1","false","false","",""
"jp-45-miyazaki-058","よわみそ","宮崎県","県北","indexable","C","P1","missing_reading|missing_example","reading_verification|example_research","1","false","false","",""
"jp-45-miyazaki-059","のさん","宮崎県","県北","indexable","C","P1","missing_reading|missing_example","reading_verification|example_research","1","false","false","",""
"jp-45-miyazaki-060","ぎめ","宮崎県","県北","indexable","C","P1","missing_reading|missing_example","reading_verification|example_research","1","false","false","",""
"jp-45-miyazaki-061","コエ","宮崎県","県西","indexable","C","P1","missing_reading|missing_example","reading_verification|example_research","1","false","false","",""
"jp-45-miyazaki-062","ワラ","宮崎県","県西","indexable","C","P1","missing_reading|missing_example","reading_verification|example_research","1","false","false","",""
"jp-45-miyazaki-063","ビッキョ","宮崎県","県西","indexable","C","P1","missing_reading|missing_example","reading_verification|example_research","1","false","false","",""
"jp-45-miyazaki-064","マンカンメシ","宮崎県","県西","indexable","C","P1","missing_reading|missing_example","reading_verification|example_research","1","false","false","",""
"jp-45-miyazaki-065","バブタ","宮崎県","県西","indexable","C","P1","missing_reading|missing_example","reading_verification|example_research","1","false","false","",""
"jp-45-miyazaki-066","ガグレ","宮崎県","県西","indexable","C","P1","missing_reading|missing_example","reading_verification|example_research","1","false","false","",""
"jp-45-miyazaki-067","てなむ","宮崎県","県西","indexable","C","P1","missing_reading|missing_example","reading_verification|example_research","1","false","false","",""
"jp-45-miyazaki-068","じょじょん／じょじょんな","宮崎県","県西","indexable","C","P1","missing_reading|missing_example","reading_verification|example_research","1","false","false","",""
"jp-45-miyazaki-069","んだもしたん","宮崎県","県西","indexable","C","P1","missing_reading|missing_example","reading_verification|example_research","1","false","false","",""
"jp-45-miyazaki-070","すんくじら","宮崎県","県西","indexable","C","P1","missing_reading|missing_example","reading_verification|example_research","1","false","false","",""
"jp-45-miyazaki-071","そがらし","宮崎県","県西","indexable","C","P1","missing_reading|missing_example","reading_verification|example_research","1","false","false","",""
"jp-45-miyazaki-072","アマメ","宮崎県","県西","indexable","C","P1","missing_reading|missing_example","reading_verification|example_research","1","false","false","",""
"jp-20-nagano-001","ずく","長野県","北信","noindex","E","P2","publication_basis_review","candidate_for_index","1","true","true","","表示項目は揃っているが、公開根拠・確認状態の編集審査が必要なindex候補。公開状態は未変更。"
"jp-20-nagano-002","アー コンチワエー ダレカ オルカノー","長野県","南信","indexable","C","P1","missing_reading|missing_example","reading_verification|example_research","1","false","false","",""
"jp-20-nagano-003","ヤー ア オレカ゜ チョード ココニ オルヨー ナニカ ヨーカ゜ アルケー","長野県","南信","indexable","C","P1","missing_reading|missing_example","reading_verification|example_research","1","false","false","",""
"jp-20-nagano-004","オレア ゴモシンニ キタカ゜ノー","長野県","南信","indexable","C","P1","missing_reading|missing_example","reading_verification|example_research","1","false","false","",""
"jp-20-nagano-005","アー オヤスイ コンダゼー イマ ハシコ゜ア エートルデ モッテッテ オツカイヨ","長野県","南信","indexable","C","P1","missing_reading|missing_example","reading_verification|example_research","1","false","false","",""
"jp-20-nagano-006","アー ハー ソーケー オオヤスイ ゴヨーダニ モッテッテ イクラデモ オツカイヨー","長野県","南信","indexable","C","P1","missing_reading|missing_example","reading_verification|example_research","1","false","false","",""
"jp-20-nagano-007","アーアー オヤスイ コンデ ゴザイマス オモチナンショ","長野県","南信","indexable","C","P1","missing_reading|missing_example","reading_verification|example_research","1","false","false","",""
"jp-20-nagano-008","エッ オカケ゜ニ マニアッタデー オダエジナ ドーク゜ー ドーモ アリカ゜トー ゴザイマシタ","長野県","南信","indexable","C","P1","missing_reading|missing_example","reading_verification|example_research","1","false","false","",""
"jp-20-nagano-009","アーハー オヤスイ コッデ ゴザイマシタ ヘー デキタノケー","長野県","南信","indexable","C","P1","missing_reading|missing_example","reading_verification|example_research","1","false","false","",""
"jp-20-nagano-010","アー オカケ゜ニー デキテ コンダ マー アメカ゜ モーラント オモウケードノー","長野県","南信","indexable","C","P1","missing_reading|missing_example","reading_verification|example_research","1","false","false","",""
"jp-20-nagano-011","ヘー マンマ タベタカナー","長野県","南信","indexable","C","P1","missing_reading|missing_example","reading_verification|example_research","1","false","false","",""
"jp-20-nagano-012","ハー アノ スンダニ オヨリトクンナンショー","長野県","南信","indexable","C","P1","missing_reading|missing_example","reading_verification|example_research","1","false","false","",""
"jp-20-nagano-013","ソーカナー オレモ イマ タベタデ キタ トコダケード","長野県","南信","indexable","C","P1","missing_reading|missing_example","reading_verification|example_research","1","false","false","",""
"jp-20-nagano-014","オレア イッテ キテート オモウカ゜ナウン イッテ キタケードー モー イッペン イッテ キテート モッテー","長野県","南信","indexable","C","P1","missing_reading|missing_example","reading_verification|example_research","1","false","false","",""
"jp-20-nagano-015","ンーン ソーダナーシー","長野県","南信","indexable","C","P1","missing_reading|missing_example","reading_verification|example_research","1","false","false","",""
"jp-20-nagano-016","ソエジャ マタ イッショニ オタノモーシマス","長野県","南信","indexable","C","P1","missing_reading|missing_example","reading_verification|example_research","1","false","false","",""
"jp-20-nagano-017","ハイ オタノモーシマス マタ ソノトキン ナッテ イケニャー マーズ ショーナイケードナウン","長野県","南信","indexable","C","P1","missing_reading|missing_example","reading_verification|example_research","1","false","false","",""
"jp-20-nagano-018","ハー ソイジャ マー オネカ゜イ モーシマス","長野県","南信","indexable","C","P1","missing_reading|missing_example","reading_verification|example_research","1","false","false","",""
"jp-20-nagano-019","ナンダ ヨ ヨウェー コトー ユーナー オラー マットー ノムゾ","長野県","南信","indexable","C","P1","missing_reading|missing_example","reading_verification|example_research","1","false","false","",""
"jp-20-nagano-020","ソーダケード キコーモ ヘー イークレーデ オカニャー ヘー ケッコー ヨットルジャ ネーカ","長野県","南信","indexable","C","P1","missing_reading|missing_example","reading_verification|example_research","1","false","false","",""
"jp-20-nagano-021","ゴメンナンショ","長野県","南信","indexable","C","P1","missing_reading|missing_example","reading_verification|example_research","1","false","false","",""
"jp-20-nagano-022","ヤー オハイリナスットクンナンショ","長野県","南信","indexable","C","P1","missing_reading|missing_example","reading_verification|example_research","1","false","false","",""
"jp-20-nagano-023","ソーデモ ネー イー","長野県","南信","indexable","C","P1","missing_reading|missing_example","reading_verification|example_research","1","false","false","",""
"jp-20-nagano-024","ハハー ケッコー デキトルジャー ネーカナー","長野県","南信","indexable","C","P1","missing_reading|missing_example","reading_verification|example_research","1","false","false","",""
"jp-20-nagano-025","アー オオヨリトクンナイショー","長野県","南信","indexable","C","P1","missing_reading|missing_example","reading_verification|example_research","1","false","false","",""
"jp-20-nagano-026","ハールカ アメア フットッタケード キョーワ テンキカ゜ ヨク ヨク ナッテ キモチカ゜ イーナオン","長野県","南信","indexable","C","P1","missing_reading|missing_example","reading_verification|example_research","1","false","false","",""
"jp-20-nagano-027","オジサマ オルカナー","長野県","南信","indexable","C","P1","missing_reading|missing_example","reading_verification|example_research","1","false","false","",""
"jp-20-nagano-028","ハー アノ オルニ オヨリトクンナイショ","長野県","南信","indexable","C","P1","missing_reading|missing_example","reading_verification|example_research","1","false","false","",""
"jp-20-nagano-029","ハイ アリカ゜トー ゴザイマス","長野県","南信","indexable","C","P1","missing_reading|missing_example","reading_verification|example_research","1","false","false","",""
"jp-20-nagano-030","ドコ イッタカー ドコイモ イク ワキャー ネーカ゜","長野県","南信","indexable","C","P1","missing_reading|missing_example","reading_verification|example_research","1","false","false","",""
"jp-20-nagano-031","チョット ミアタランケードモー","長野県","南信","indexable","C","P1","missing_reading|missing_example","reading_verification|example_research","1","false","false","",""
"jp-20-nagano-032","ホホー ソイジャー オテンキカ゜ イーデー ハタイデモ イッタカ シランナウン","長野県","南信","indexable","C","P1","missing_reading|missing_example","reading_verification|example_research","1","false","false","",""
"jp-20-nagano-033","サー タバコ カイーデモ イッタンダカモ シランナー マー ジキ カエルラニ マー カケトクンナイショ","長野県","南信","indexable","C","P1","missing_reading|missing_example","reading_verification|example_research","1","false","false","",""
"jp-20-nagano-034","ソリャ マー モーシワケナカッタナウン","長野県","南信","indexable","C","P1","missing_reading|missing_example","reading_verification|example_research","1","false","false","",""
"jp-20-nagano-035","ソイジャー マー カエッタラー アノ イクヨーニ イワズカナナウンシ","長野県","南信","indexable","C","P1","missing_reading|missing_example","reading_verification|example_research","1","false","false","",""
"jp-20-nagano-036","ヤ ソンネン シテ クレナンデモ オレ マタ デカケテ クルデー","長野県","南信","indexable","C","P1","missing_reading|missing_example","reading_verification|example_research","1","false","false","",""
"jp-20-nagano-037","アー ソーカナ ソイジャー マー マタ オイデテ オクンナイショ","長野県","南信","indexable","C","P1","missing_reading|missing_example","reading_verification|example_research","1","false","false","",""
"jp-20-nagano-038","キタッチュ コトダケ チョット ユットイテ オクンナンヤレ","長野県","南信","indexable","C","P1","missing_reading|missing_example","reading_verification|example_research","1","false","false","",""
"jp-20-nagano-039","ソリャ マー アリカ゜トー ゴザイマシタ","長野県","南信","indexable","C","P1","missing_reading|missing_example","reading_verification|example_research","1","false","false","",""
"jp-20-nagano-040","マー アリカ゜トー ゴザイマシタ","長野県","南信","indexable","C","P1","missing_reading|missing_example","reading_verification|example_research","1","false","false","",""
"jp-20-nagano-041","ヨ ヨー オネーサン ドチラエ オイデルノー","長野県","南信","indexable","C","P1","missing_reading|missing_example","reading_verification|example_research","1","false","false","",""
"jp-20-nagano-042","デンキカ゜イシャニ イットルンダケードナー","長野県","南信","indexable","C","P1","missing_reading|missing_example","reading_verification|example_research","1","false","false","",""
"jp-20-nagano-043","アレ ソーカナー マダー ソイジャー シトリデー オイデルノ","長野県","南信","indexable","C","P1","missing_reading|missing_example","reading_verification|example_research","1","false","false","",""
"jp-20-nagano-044","アルッテヤー アルク゜ライジャ ナイデ マター ヨリアッテ ミツケズナーシー","長野県","南信","indexable","C","P1","missing_reading|missing_example","reading_verification|example_research","1","false","false","",""
"jp-20-nagano-045","ソエジャ マー オダイジニ イットイデナンショ","長野県","南信","indexable","C","P1","missing_reading|missing_example","reading_verification|example_research","1","false","false","",""
"jp-20-nagano-046","アリカ゜トー ゴザイマス ソレジャー マー ゴメンナイショ","長野県","南信","indexable","C","P1","missing_reading|missing_example","reading_verification|example_research","1","false","false","",""
"jp-20-nagano-047","ハールカブリダッタネー","長野県","南信","indexable","C","P1","missing_reading|missing_example","reading_verification|example_research","1","false","false","",""
"jp-20-nagano-048","ドーモ イッモ オタッシャノヨーデ ケッコーデ ゴザイマスナウン","長野県","南信","indexable","C","P1","missing_reading|missing_example","reading_verification|example_research","1","false","false","",""
"jp-20-nagano-049","アー ヨク シコ゜タ デキルヨーデ ケッコーダー ソリャー ソートー アニーワ ドコイ ツトメトルエ","長野県","南信","indexable","C","P1","missing_reading|missing_example","reading_verification|example_research","1","false","false","",""
"jp-20-nagano-050","ハーハー イーダッチュート","長野県","南信","indexable","C","P1","missing_reading|missing_example","reading_verification|example_research","1","false","false","",""
"jp-20-nagano-051","ソーカナ ヘー ソンネニ ジューサンネンニモー ナルノカナー ハヤイモンダナーン","長野県","南信","indexable","C","P1","missing_reading|missing_example","reading_verification|example_research","1","false","false","",""
"jp-20-nagano-052","ツキヒノ タツノア ハヤイ モンデノー","長野県","南信","indexable","C","P1","missing_reading|missing_example","reading_verification|example_research","1","false","false","",""
"jp-20-nagano-053","ハー ホリャ マー オダイジニ イッテ オイデナンショ","長野県","南信","indexable","C","P1","missing_reading|missing_example","reading_verification|example_research","1","false","false","",""
"jp-20-nagano-054","アー ソレジャー マー イッテ メーリマス","長野県","南信","indexable","C","P1","missing_reading|missing_example","reading_verification|example_research","1","false","false","",""
"jp-20-nagano-055","ンーン ホリャ マー ヘー ショーネーナー マー ウラヤンデ ミタ トコロデ ドーショーモ ネーデナ","長野県","南信","indexable","C","P1","missing_reading|missing_example","reading_verification|example_research","1","false","false","",""
"jp-42-nagasaki-001","ばってん","長崎県","県南","indexable","A","P3","","manual_editor_review","1","true","true","",""
"jp-42-nagasaki-002","すずるっ","長崎県","県南","indexable","B","P1","missing_example","example_research","1","true","false","",""
"jp-42-nagasaki-003","がんにゃ","長崎県","県南","indexable","B","P1","missing_example","example_research","1","true","false","",""
"jp-42-nagasaki-004","おてつく","長崎県","県南","indexable","B","P1","missing_example","example_research","1","true","false","",""
"jp-42-nagasaki-005","いっとき","長崎県","県南","indexable","B","P1","missing_example","example_research","1","true","false","",""
"jp-42-nagasaki-006","えっとなか","長崎県","県南","indexable","B","P1","missing_example","example_research","1","true","false","",""
"jp-42-nagasaki-007","ちんごよんご","長崎県","県南","indexable","B","P1","missing_example","example_research","1","true","false","",""
"jp-42-nagasaki-008","なして","長崎県","県南","indexable","B","P1","missing_example","example_research","1","true","false","",""
"jp-42-nagasaki-009","ぬすくる","長崎県","県南","indexable","B","P1","missing_example","example_research","1","true","false","",""
"jp-42-nagasaki-010","のうなる","長崎県","県南","indexable","B","P1","missing_example","example_research","1","true","false","",""
"jp-42-nagasaki-011","めんめん","長崎県","県南","indexable","B","P1","missing_example","example_research","1","true","false","",""
"jp-42-nagasaki-012","手のごい","長崎県","県南","indexable","B","P1","missing_example","example_research","1","true","false","",""
"jp-42-nagasaki-013","うっちょく","長崎県","県南","indexable","B","P1","missing_example","example_research","1","true","false","",""
"jp-42-nagasaki-014","まいっちょ","長崎県","県南","indexable","B","P1","missing_example","example_research","1","true","false","",""
"jp-42-nagasaki-015","アラカブ","長崎県","五島","indexable","B","P1","missing_example","example_research","1","true","false","",""
"jp-42-nagasaki-016","ガワッパ","長崎県","県南","indexable","B","P1","missing_example","example_research","1","true","false","",""
"jp-42-nagasaki-017","なしなる","長崎県","県央","indexable","B","P1","missing_example","example_research","1","true","false","",""
"jp-42-nagasaki-018","こんび","長崎県","県央","indexable","B","P1","missing_example","example_research","1","true","false","",""
"jp-42-nagasaki-019","おなご","長崎県","県央","indexable","B","P1","missing_example","example_research","1","true","false","",""
"jp-42-nagasaki-020","ひなか","長崎県","県央","indexable","B","P1","missing_example","example_research","1","true","false","",""
"jp-42-nagasaki-021","とぜんなか","長崎県","県央","indexable","B","P1","missing_example","example_research","2","true","false","",""
"jp-42-nagasaki-022","いなう","長崎県","県央","indexable","B","P1","missing_example","example_research","1","true","false","",""
"jp-42-nagasaki-023","ほっつらかす","長崎県","県央","indexable","B","P1","missing_example","example_research","1","true","false","",""
"jp-42-nagasaki-024","つんぬく","長崎県","県央","indexable","B","P1","missing_example","example_research","1","true","false","",""
"jp-42-nagasaki-025","モヤモン","長崎県","県央","indexable","B","P1","missing_example","example_research","1","true","false","",""
"jp-42-nagasaki-026","さるく","長崎県","県央","indexable","B","P1","missing_example","example_research","1","true","false","",""
"jp-42-nagasaki-027","ドクスラ","長崎県","県央","indexable","B","P1","missing_example","example_research","1","true","false","",""
"jp-42-nagasaki-028","インダク","長崎県","県央","indexable","B","P1","missing_example","example_research","1","true","false","",""
"jp-42-nagasaki-029","ナガセ","長崎県","県央","indexable","B","P1","missing_example","example_research","1","true","false","",""
"jp-42-nagasaki-030","サントク","長崎県","県央","indexable","B","P1","missing_example","example_research","1","true","false","",""
"jp-42-nagasaki-031","キビショ","長崎県","県央","indexable","B","P1","missing_example","example_research","1","true","false","",""
"jp-42-nagasaki-032","アイタ","長崎県","県央","indexable","B","P1","missing_example","example_research","1","true","false","",""
"jp-42-nagasaki-033","タモトギモン","長崎県","県央","indexable","B","P1","missing_example","example_research","1","true","false","",""
"jp-42-nagasaki-034","へへのじゅう","長崎県","県央","indexable","B","P1","missing_example","example_research","1","true","false","",""
"jp-42-nagasaki-035","かたる","長崎県","県央","indexable","B","P1","missing_example","example_research","1","true","false","",""
"jp-42-nagasaki-036","こい","長崎県","県北","indexable","A","P3","","manual_editor_review","1","true","true","",""
"jp-42-nagasaki-037","そい","長崎県","県北","indexable","A","P3","","manual_editor_review","1","true","true","",""
"jp-42-nagasaki-038","あい","長崎県","県北","indexable","B","P1","missing_example","example_research","1","true","false","",""
"jp-42-nagasaki-039","うんにゃ","長崎県","県北","indexable","B","P1","missing_example","example_research","1","true","false","",""
"jp-42-nagasaki-040","いっちょん","長崎県","県北","indexable","A","P3","","manual_editor_review","1","true","true","",""
"jp-42-nagasaki-041","とっとっと","長崎県","県北","indexable","A","P3","","manual_editor_review","1","true","true","",""
"jp-42-nagasaki-042","すーすーす","長崎県","県北","indexable","A","P3","","manual_editor_review","1","true","true","",""
"jp-42-nagasaki-043","つ","長崎県","県北","indexable","A","P3","","manual_editor_review","1","true","true","",""
"jp-42-nagasaki-044","がられる","長崎県","県北","indexable","A","P3","","manual_editor_review","1","true","true","",""
"jp-42-nagasaki-045","ごたる","長崎県","県北","indexable","A","P3","","manual_editor_review","1","true","true","",""
"jp-42-nagasaki-046","にき","長崎県","県北","indexable","B","P1","missing_example","example_research","1","true","false","",""
"jp-42-nagasaki-047","アゴ","長崎県","五島","indexable","B","P1","missing_example","example_research","1","true","false","",""
"jp-42-nagasaki-048","カットッポ","長崎県","五島","indexable","B","P1","missing_example","example_research","1","true","false","",""
"jp-42-nagasaki-049","ガゼ","長崎県","五島","indexable","B","P1","missing_example","example_research","1","true","false","",""
"jp-42-nagasaki-050","カンコロ","長崎県","五島","indexable","B","P1","missing_example","example_research","1","true","false","",""
"jp-42-nagasaki-051","カタシ","長崎県","五島","indexable","B","P1","missing_example","example_research","1","true","false","",""
"jp-42-nagasaki-052","あっぱよ〜","長崎県","五島","indexable","A","P3","","manual_editor_review","1","true","true","",""
"jp-42-nagasaki-053","おとろしか","長崎県","五島","indexable","A","P3","","manual_editor_review","1","true","true","",""
"jp-42-nagasaki-054","たまがる","長崎県","五島","indexable","B","P1","missing_example","example_research","1","true","false","",""
"jp-42-nagasaki-055","みじょか","長崎県","五島","indexable","A","P3","","manual_editor_review","1","true","true","",""
"jp-42-nagasaki-056","じこもん","長崎県","五島","indexable","B","P1","missing_example","example_research","1","true","false","",""
"jp-42-nagasaki-057","やぜらしか","長崎県","五島","indexable","B","P1","missing_example","example_research","1","true","false","",""
"jp-42-nagasaki-058","びっつんなか","長崎県","五島","indexable","B","P1","missing_example","example_research","1","true","false","",""
"jp-42-nagasaki-059","えらかす","長崎県","五島","indexable","A","P3","","manual_editor_review","1","true","true","",""
"jp-42-nagasaki-060","へっぱ","長崎県","五島","indexable","B","P1","missing_example","example_research","1","true","false","",""
"jp-42-nagasaki-061","うっちゃえる","長崎県","五島","indexable","A","P3","","manual_editor_review","1","true","true","",""
"jp-42-nagasaki-062","およ","長崎県","五島","indexable","A","P3","","manual_editor_review","1","true","true","",""
"jp-42-nagasaki-063","ぎばる","長崎県","五島","indexable","A","P3","","manual_editor_review","1","true","true","",""
"jp-42-nagasaki-064","ごっつ","長崎県","五島","indexable","A","P3","","manual_editor_review","1","true","true","",""
"jp-42-nagasaki-065","ざーま","長崎県","五島","indexable","A","P3","","manual_editor_review","1","true","true","",""
"jp-42-nagasaki-066","さばかる","長崎県","五島","indexable","A","P3","","manual_editor_review","1","true","true","",""
"jp-42-nagasaki-067","うーしけ","長崎県","五島","indexable","A","P3","","manual_editor_review","1","true","true","",""
"jp-42-nagasaki-068","ちんたか","長崎県","五島","indexable","B","P1","missing_example","example_research","1","true","false","",""
"jp-42-nagasaki-069","のんぺ","長崎県","五島","indexable","B","P1","missing_example","example_research","1","true","false","",""
"jp-42-nagasaki-070","ツジ","長崎県","壱岐","indexable","B","P1","missing_example","example_research","1","true","false","",""
"jp-42-nagasaki-071","カワ","長崎県","壱岐","indexable","B","P1","missing_example","example_research","1","true","false","",""
"jp-42-nagasaki-072","タキ","長崎県","壱岐","indexable","B","P1","missing_example","example_research","1","true","false","",""
"jp-42-nagasaki-073","春一番","長崎県","壱岐","indexable","B","P1","missing_example","example_research","1","true","false","",""
"jp-42-nagasaki-074","き〜ちみ","長崎県","壱岐","indexable","A","P3","","manual_editor_review","1","true","true","",""
"jp-42-nagasaki-075","しゃべっちみ","長崎県","壱岐","indexable","A","P3","","manual_editor_review","1","true","true","",""
"jp-42-nagasaki-076","おおきに","長崎県","壱岐","indexable","B","P1","missing_example","example_research","2","true","false","",""
"jp-42-nagasaki-077","わむ","長崎県","対馬","indexable","B","P1","missing_example","example_research","1","true","false","",""
"jp-42-nagasaki-078","さえ","長崎県","対馬","indexable","B","P1","missing_example","example_research","1","true","false","",""
"jp-42-nagasaki-079","ヤンバン","長崎県","対馬","indexable","B","P1","missing_example","example_research","1","true","false","",""
"jp-42-nagasaki-080","ペー","長崎県","対馬","indexable","B","P1","missing_example","example_research","1","true","false","",""
"jp-42-nagasaki-081","チョンガ","長崎県","対馬","indexable","B","P1","missing_example","example_research","1","true","false","",""
"jp-42-nagasaki-082","パカチ","長崎県","対馬","indexable","B","P1","missing_example","example_research","1","true","false","",""
"jp-42-nagasaki-083","コーコイモ","長崎県","対馬","indexable","B","P1","missing_example","example_research","1","true","false","",""
"jp-42-nagasaki-084","シケー","長崎県","対馬","indexable","B","P1","missing_example","example_research","1","true","false","",""
"jp-42-nagasaki-085","ニタカバンガチ","長崎県","対馬","indexable","B","P1","missing_example","example_research","1","true","false","",""
"jp-42-nagasaki-086","ネマル","長崎県","対馬","indexable","B","P1","missing_example","example_research","1","true","false","",""
"jp-42-nagasaki-087","オラブ","長崎県","対馬","indexable","B","P1","missing_example","example_research","1","true","false","",""
"jp-42-nagasaki-088","アユム","長崎県","対馬","indexable","B","P1","missing_example","example_research","1","true","false","",""
"jp-42-nagasaki-089","〜ち","長崎県","対馬","noindex","E","P3","missing_example|core_evidence_scope_incomplete","example_research|keep_noindex","1","true","false","","現時点ではnoindex維持を推奨。"
"jp-29-nara-001","おとろしい","奈良県","吉野","indexable","A","P3","","manual_editor_review","2","true","true","",""
"jp-29-nara-002","ツ","奈良県","吉野","indexable","C","P1","missing_reading|missing_example","reading_verification|example_research","1","false","false","",""
"jp-29-nara-003","ツアテ","奈良県","吉野","indexable","C","P1","missing_reading|missing_example","reading_verification|example_research","1","false","false","",""
"jp-29-nara-004","ツイシタラ","奈良県","吉野","indexable","C","P1","missing_reading|missing_example","reading_verification|example_research","1","false","false","",""
"jp-29-nara-005","ツイジ","奈良県","吉野","indexable","C","P1","missing_reading|missing_example","reading_verification|example_research","1","false","false","",""
"jp-29-nara-006","ツイジン","奈良県","吉野","indexable","C","P1","missing_reading|missing_example","reading_verification|example_research","1","false","false","",""
"jp-29-nara-007","ツイタチボン","奈良県","吉野","indexable","C","P1","missing_reading|missing_example","reading_verification|example_research","1","false","false","",""
"jp-29-nara-008","ツイバム","奈良県","吉野","indexable","C","P1","missing_reading|missing_example","reading_verification|example_research","1","false","false","",""
"jp-29-nara-009","ツイリ","奈良県","吉野","indexable","C","P1","missing_reading|missing_example","reading_verification|example_research","1","false","false","",""
"jp-29-nara-010","ツエ","奈良県","吉野","indexable","C","P1","missing_reading|missing_example","reading_verification|example_research","1","false","false","",""
"jp-29-nara-011","ツエ","奈良県","吉野","indexable","C","P1","missing_reading|missing_example","reading_verification|example_research","1","false","false","",""
"jp-29-nara-012","ツガニ","奈良県","吉野","indexable","C","P1","missing_reading|missing_example","reading_verification|example_research","1","false","false","",""
"jp-29-nara-013","ツキ","奈良県","吉野","indexable","C","P1","missing_reading|missing_example","reading_verification|example_research","1","false","false","",""
"jp-29-nara-014","ツキアイ","奈良県","吉野","indexable","C","P1","missing_reading|missing_example","reading_verification|example_research","1","false","false","",""
"jp-29-nara-015","ツキデッポウ","奈良県","吉野","indexable","C","P1","missing_reading|missing_example","reading_verification|example_research","1","false","false","",""
"jp-29-nara-016","ツクツクボウシ","奈良県","吉野","indexable","C","P1","missing_reading|missing_example","reading_verification|example_research","1","false","false","",""
"jp-29-nara-017","ツクネル","奈良県","吉野","indexable","C","P1","missing_reading|missing_example","reading_verification|example_research","1","false","false","",""
"jp-29-nara-018","ツクノウ","奈良県","吉野","indexable","C","P1","missing_reading|missing_example","reading_verification|example_research","1","false","false","",""
"jp-29-nara-019","ツクバウ","奈良県","吉野","indexable","C","P1","missing_reading|missing_example","reading_verification|example_research","1","false","false","",""
"jp-29-nara-020","ツクリ","奈良県","吉野","indexable","C","P1","missing_reading|missing_example","reading_verification|example_research","1","false","false","",""
"jp-29-nara-021","ツクリ","奈良県","吉野","indexable","C","P1","missing_reading|missing_example","reading_verification|example_research","1","false","false","",""
"jp-29-nara-022","ツケゴハン","奈良県","吉野","indexable","C","P1","missing_reading|missing_example","reading_verification|example_research","1","false","false","",""
"jp-29-nara-023","ツシ","奈良県","吉野","indexable","C","P1","missing_reading|missing_example","reading_verification|example_research","1","false","false","",""
"jp-29-nara-024","ツジ","奈良県","吉野","indexable","C","P1","missing_reading|missing_example","reading_verification|example_research","1","false","false","",""
"jp-29-nara-025","ツジ","奈良県","吉野","indexable","D","P0","missing_reading|missing_example|possible_content_duplicate","reading_verification|example_research|duplicate_review","1","false","false","","重複は文字列・SEO一致に基づく候補であり、統合には地域差と原資料の人間確認が必要。"
"jp-29-nara-026","ツチウチ","奈良県","吉野","indexable","C","P1","missing_reading|missing_example","reading_verification|example_research","1","false","false","",""
"jp-29-nara-027","まわり","奈良県","県内地域未特定","indexable","B","P1","missing_reading","reading_verification","1","false","true","",""
"jp-29-nara-028","あいさに","奈良県","中和","indexable","C","P1","missing_reading|missing_example","reading_verification|example_research","1","false","false","",""
"jp-29-nara-029","あいった","奈良県","中和","indexable","C","P1","missing_reading|missing_example","reading_verification|example_research","1","false","false","",""
"jp-29-nara-030","あいのひ","奈良県","中和","indexable","C","P1","missing_reading|missing_example","reading_verification|example_research","1","false","false","",""
"jp-29-nara-031","あいや","奈良県","中和","indexable","C","P1","missing_reading|missing_example","reading_verification|example_research","1","false","false","",""
"jp-29-nara-032","あいやこ","奈良県","中和","indexable","C","P1","missing_reading|missing_example","reading_verification|example_research","1","false","false","",""
"jp-29-nara-033","あおんじょ","奈良県","中和","indexable","C","P1","missing_reading|missing_example","reading_verification|example_research","1","false","false","",""
"jp-29-nara-034","あかい","奈良県","中和","indexable","C","P1","missing_reading|missing_example","reading_verification|example_research","1","false","false","",""
"jp-29-nara-035","あかんたれ","奈良県","中和","indexable","C","P1","missing_reading|missing_example","reading_verification|example_research","1","false","false","",""
"jp-29-nara-036","あごた","奈良県","中和","indexable","C","P1","missing_reading|missing_example","reading_verification|example_research","1","false","false","",""
"jp-29-nara-037","あてもん","奈良県","中和","indexable","C","P1","missing_reading|missing_example","reading_verification|example_research","1","false","false","",""
"jp-29-nara-038","あぶち","奈良県","中和","indexable","C","P1","missing_reading|missing_example","reading_verification|example_research","1","false","false","",""
"jp-29-nara-039","あぶつ","奈良県","中和","indexable","C","P1","missing_reading|missing_example","reading_verification|example_research","1","false","false","",""
"jp-29-nara-040","あぶつく","奈良県","中和","indexable","C","P1","missing_reading|missing_example","reading_verification|example_research","1","false","false","",""
"jp-29-nara-041","あぶらてり","奈良県","中和","indexable","C","P1","missing_reading|missing_example","reading_verification|example_research","1","false","false","",""
"jp-29-nara-042","あやかす","奈良県","中和","indexable","C","P1","missing_reading|missing_example","reading_verification|example_research","1","false","false","",""
"jp-29-nara-043","いがむ","奈良県","中和","indexable","C","P1","missing_reading|missing_example","reading_verification|example_research","1","false","false","",""
"jp-29-nara-044","いけいけ","奈良県","中和","indexable","C","P1","missing_reading|missing_example","reading_verification|example_research","1","false","false","",""
"jp-29-nara-045","いしな","奈良県","中和","indexable","C","P1","missing_reading|missing_example","reading_verification|example_research","1","false","false","",""
"jp-29-nara-046","いちびる","奈良県","中和","indexable","C","P1","missing_reading|missing_example","reading_verification|example_research","1","false","false","",""
"jp-29-nara-047","いっかけ","奈良県","中和","indexable","C","P1","missing_reading|missing_example","reading_verification|example_research","1","false","false","",""
"jp-29-nara-048","いび","奈良県","中和","indexable","C","P1","missing_reading|missing_example","reading_verification|example_research","1","false","false","",""
"jp-29-nara-049","いらち","奈良県","中和","indexable","C","P1","missing_reading|missing_example","reading_verification|example_research","1","false","false","",""
"jp-29-nara-050","うさる","奈良県","中和","indexable","C","P1","missing_reading|missing_example","reading_verification|example_research","1","false","false","",""
"jp-29-nara-051","うたばれる","奈良県","中和","indexable","C","P1","missing_reading|missing_example","reading_verification|example_research","1","false","false","",""
"jp-29-nara-052","うらけ","奈良県","中和","indexable","C","P1","missing_reading|missing_example","reading_verification|example_research","1","false","false","",""
"jp-29-nara-053","うろくる","奈良県","中和","indexable","C","P1","missing_reading|missing_example","reading_verification|example_research","1","false","false","",""
"jp-29-nara-054","えーし","奈良県","中和","indexable","C","P1","missing_reading|missing_example","reading_verification|example_research","1","false","false","",""
"jp-29-nara-055","えれる","奈良県","中和","indexable","C","P1","missing_reading|missing_example","reading_verification|example_research","1","false","false","",""
"jp-15-niigata-001","なじらね","新潟県","中越","noindex","E","P2","missing_source","source_research|keep_noindex","0","true","true","","記録済み出典がないため、資料確認まで根拠を補完しない。 現時点ではnoindex維持を推奨。"
"jp-15-niigata-002","ヤーヤ","新潟県","下越","indexable","C","P1","missing_reading|missing_example","reading_verification|example_research","1","false","false","",""
"jp-15-niigata-003","コンダ","新潟県","下越","indexable","C","P1","missing_reading|missing_example","reading_verification|example_research","1","false","false","",""
"jp-15-niigata-004","シモカゼ","新潟県","下越","indexable","C","P1","missing_reading|missing_example","reading_verification|example_research","1","false","false","",""
"jp-15-niigata-005","ダシ","新潟県","下越","indexable","C","P1","missing_reading|missing_example","reading_verification|example_research","1","false","false","",""
"jp-15-niigata-006","コーリ","新潟県","下越","indexable","C","P1","missing_reading|missing_example","reading_verification|example_research","1","false","false","",""
"jp-15-niigata-007","シミル","新潟県","下越","indexable","C","P1","missing_reading|missing_example","reading_verification|example_research","1","false","false","",""
"jp-15-niigata-008","キンナ","新潟県","下越","indexable","C","P1","missing_reading|missing_example","reading_verification|example_research","1","false","false","",""
"jp-15-niigata-009","ナメクジラ","新潟県","下越","indexable","C","P1","missing_reading|missing_example","reading_verification|example_research","1","false","false","",""
"jp-15-niigata-010","アンチャン","新潟県","下越","indexable","C","P1","missing_reading|missing_example","reading_verification|example_research","1","false","false","",""
"jp-15-niigata-011","オンチャ","新潟県","下越","indexable","C","P1","missing_reading|missing_example","reading_verification|example_research","1","false","false","",""
"jp-15-niigata-012","アネチャ","新潟県","下越","indexable","C","P1","missing_reading|missing_example","reading_verification|example_research","1","false","false","",""
"jp-15-niigata-013","オンバチャ","新潟県","下越","indexable","C","P1","missing_reading|missing_example","reading_verification|example_research","1","false","false","",""
"jp-15-niigata-014","シャミコキ","新潟県","下越","indexable","C","P1","missing_reading|missing_example","reading_verification|example_research","1","false","false","",""
"jp-15-niigata-015","ショータレ","新潟県","下越","indexable","C","P1","missing_reading|missing_example","reading_verification|example_research","1","false","false","",""
"jp-15-niigata-016","コンゲ","新潟県","中越","indexable","C","P1","missing_reading|missing_example","reading_verification|example_research","1","false","false","",""
"jp-15-niigata-017","ソンゲ","新潟県","中越","indexable","C","P1","missing_reading|missing_example","reading_verification|example_research","1","false","false","",""
"jp-15-niigata-018","ンバダメダ","新潟県","中越","indexable","C","P1","missing_reading|missing_example","reading_verification|example_research","1","false","false","",""
"jp-15-niigata-019","オレン","新潟県","中越","indexable","C","P1","missing_reading|missing_example","reading_verification|example_research","1","false","false","",""
"jp-15-niigata-020","オテントサン","新潟県","中越","indexable","C","P1","missing_reading|missing_example","reading_verification|example_research","1","false","false","",""
"jp-15-niigata-021","チャカチャカ","新潟県","中越","indexable","C","P1","missing_reading|missing_example","reading_verification|example_research","1","false","false","",""
"jp-15-niigata-022","アメンボー","新潟県","中越","indexable","C","P1","missing_reading|missing_example","reading_verification|example_research","1","false","false","",""
"jp-15-niigata-023","ザイガハル","新潟県","中越","indexable","C","P1","missing_reading|missing_example","reading_verification|example_research","1","false","false","",""
"jp-15-niigata-024","キンノ","新潟県","中越","indexable","C","P1","missing_reading|missing_example","reading_verification|example_research","1","false","false","",""
"jp-15-niigata-025","ゲーロッコ","新潟県","中越","indexable","C","P1","missing_reading|missing_example","reading_verification|example_research","1","false","false","",""
"jp-15-niigata-026","ダイロ","新潟県","中越","indexable","C","P1","missing_reading|missing_example","reading_verification|example_research","1","false","false","",""
"jp-15-niigata-027","メッパツ","新潟県","中越","indexable","C","P1","missing_reading|missing_example","reading_verification|example_research","1","false","false","",""
"jp-15-niigata-028","ドッタツ","新潟県","中越","indexable","C","P1","missing_reading|missing_example","reading_verification|example_research","1","false","false","",""
"jp-15-niigata-029","コシキ","新潟県","中越","indexable","C","P1","missing_reading|missing_example","reading_verification|example_research","1","false","false","",""
"jp-15-niigata-030","オキナイカ","新潟県","上越","indexable","C","P1","missing_reading|missing_example","reading_verification|example_research","1","false","false","",""
"jp-15-niigata-031","クレ（ば）","新潟県","上越","indexable","C","P1","missing_reading|missing_example","reading_verification|example_research","1","false","false","",""
"jp-15-niigata-032","スレ","新潟県","上越","indexable","C","P1","missing_reading|missing_example","reading_verification|example_research","1","false","false","",""
"jp-15-niigata-033","ポッチ","新潟県","上越","indexable","C","P1","missing_reading|missing_example","reading_verification|example_research","1","false","false","",""
"jp-15-niigata-034","ゴチミナミ","新潟県","上越","indexable","C","P1","missing_reading|missing_example","reading_verification|example_research","1","false","false","",""
"jp-15-niigata-035","オキアレ","新潟県","上越","indexable","C","P1","missing_reading|missing_example","reading_verification|example_research","1","false","false","",""
"jp-15-niigata-036","アス","新潟県","上越","indexable","C","P1","missing_reading|missing_example","reading_verification|example_research","1","false","false","",""
"jp-15-niigata-037","バシ","新潟県","上越","indexable","C","P1","missing_reading|missing_example","reading_verification|example_research","1","false","false","",""
"jp-15-niigata-038","ブショーモン","新潟県","上越","indexable","C","P1","missing_reading|missing_example","reading_verification|example_research","1","false","false","",""
"jp-15-niigata-039","チョーナ","新潟県","上越","indexable","C","P1","missing_reading|missing_example","reading_verification|example_research","1","false","false","",""
"jp-15-niigata-040","チョーラノホイ","新潟県","上越","indexable","C","P1","missing_reading|missing_example","reading_verification|example_research","1","false","false","",""
"jp-15-niigata-041","コエスキ","新潟県","上越","indexable","C","P1","missing_reading|missing_example","reading_verification|example_research","1","false","false","",""
"jp-15-niigata-042","チッコイ","新潟県","上越","indexable","C","P1","missing_reading|missing_example","reading_verification|example_research","1","false","false","",""
"jp-15-niigata-043","チーサイ","新潟県","上越","indexable","C","P1","missing_reading|missing_example","reading_verification|example_research","1","false","false","",""
"jp-15-niigata-044","オキンカヤ","新潟県","佐渡","indexable","C","P1","missing_reading|missing_example","reading_verification|example_research","1","false","false","",""
"jp-15-niigata-045","ミリャー","新潟県","佐渡","indexable","C","P1","missing_reading|missing_example","reading_verification|example_research","1","false","false","",""
"jp-15-niigata-046","ミー","新潟県","佐渡","indexable","C","P1","missing_reading|missing_example","reading_verification|example_research","1","false","false","",""
"jp-15-niigata-047","コン","新潟県","佐渡","indexable","C","P1","missing_reading|missing_example","reading_verification|example_research","1","false","false","",""
"jp-15-niigata-048","シル","新潟県","佐渡","indexable","C","P1","missing_reading|missing_example","reading_verification|example_research","1","false","false","",""
"jp-15-niigata-049","スリャー","新潟県","佐渡","indexable","C","P1","missing_reading|missing_example","reading_verification|example_research","1","false","false","",""
"jp-15-niigata-050","シェ（ー）","新潟県","佐渡","indexable","C","P1","missing_reading|missing_example","reading_verification|example_research","1","false","false","",""
"jp-15-niigata-051","ネトル","新潟県","佐渡","indexable","C","P1","missing_reading|missing_example","reading_verification|example_research","1","false","false","",""
"jp-15-niigata-052","シトル","新潟県","佐渡","indexable","C","P1","missing_reading|missing_example","reading_verification|example_research","1","false","false","",""
"jp-15-niigata-053","チュー","新潟県","佐渡","indexable","C","P1","missing_reading|missing_example","reading_verification|example_research","1","false","false","",""
"jp-15-niigata-054","ニャナラン","新潟県","佐渡","indexable","C","P1","missing_reading|missing_example","reading_verification|example_research","1","false","false","",""
"jp-15-niigata-055","アナタサン","新潟県","佐渡","indexable","C","P1","missing_reading|missing_example","reading_verification|example_research","1","false","false","",""
"jp-15-niigata-056","タバカゼ","新潟県","佐渡","indexable","C","P1","missing_reading|missing_example","reading_verification|example_research","1","false","false","",""
"jp-15-niigata-057","タレンボー","新潟県","佐渡","indexable","C","P1","missing_reading|missing_example","reading_verification|example_research","1","false","false","",""
"jp-44-oita-001","よだきい","大分県","県内広域","indexable","A","P3","","manual_editor_review","3","true","true","",""
"jp-44-oita-002","ヌキー","大分県","南部","indexable","B","P1","missing_example","example_research","1","true","false","",""
"jp-44-oita-003","シャーシー","大分県","南部","indexable","B","P1","missing_example","example_research","1","true","false","",""
"jp-44-oita-004","タマガル","大分県","南部","indexable","B","P1","missing_example","example_research","1","true","false","",""
"jp-44-oita-005","エーラシー","大分県","南部","indexable","B","P1","missing_example","example_research","1","true","false","",""
"jp-44-oita-006","ムゲネー","大分県","南部","indexable","A","P3","","manual_editor_review","1","true","true","",""
"jp-44-oita-007","コンメー","大分県","南部","indexable","B","P1","missing_example","example_research","1","true","false","",""
"jp-44-oita-008","ネキ","大分県","南部","indexable","B","P1","missing_example","example_research","1","true","false","",""
"jp-44-oita-009","ナオス","大分県","南部","indexable","B","P1","missing_example","example_research","1","true","false","",""
"jp-44-oita-010","アシンハラ","大分県","南部","indexable","B","P1","missing_example","example_research","1","true","false","",""
"jp-44-oita-011","ユーロ","大分県","南部","indexable","B","P1","missing_example","example_research","1","true","false","",""
"jp-44-oita-012","トリコンブシ","大分県","南部","indexable","B","P1","missing_example","example_research","1","true","false","",""
"jp-44-oita-013","ごたんなぁ","大分県","中部","indexable","A","P3","","manual_editor_review","1","true","true","",""
"jp-44-oita-014","～しようえ","大分県","南部","indexable","A","P3","","manual_editor_review","1","true","true","",""
"jp-44-oita-015","どげーすんな？","大分県","南部","indexable","A","P3","","manual_editor_review","1","true","true","",""
"jp-44-oita-016","すまくら","大分県","南部","indexable","A","P3","","manual_editor_review","1","true","true","",""
"jp-44-oita-017","～けん","大分県","南部","indexable","A","P3","","manual_editor_review","1","true","true","",""
"jp-44-oita-018","見ゆる","大分県","南部","indexable","B","P1","missing_reading","reading_verification","1","false","true","",""
"jp-44-oita-019","むぞうらしい","大分県","南部","indexable","A","P3","","manual_editor_review","1","true","true","",""
"jp-44-oita-020","ひとよこい","大分県","南部","indexable","A","P3","","manual_editor_review","1","true","true","",""
"jp-44-oita-021","やおねぇ","大分県","南部","indexable","B","P1","missing_example","example_research","1","true","false","",""
"jp-44-oita-022","だった","大分県","南部","indexable","A","P3","","manual_editor_review","1","true","true","",""
"jp-44-oita-023","～よる","大分県","西部","indexable","A","P3","","manual_editor_review","1","true","true","",""
"jp-44-oita-024","～ちょん","大分県","南部","indexable","B","P1","missing_example","example_research","1","true","false","",""
"jp-44-oita-025","～っち／～ち","大分県","南部","indexable","A","P3","","manual_editor_review","1","true","true","",""
"jp-44-oita-026","～ごつ","大分県","中部","indexable","A","P3","","manual_editor_review","1","true","true","",""
"jp-44-oita-027","～さるる","大分県","中部","indexable","A","P3","","manual_editor_review","1","true","true","",""
"jp-44-oita-028","ヨコウ","大分県","中部","indexable","A","P3","","manual_editor_review","1","true","true","",""
"jp-44-oita-029","ウロヨコイ","大分県","中部","indexable","B","P1","missing_example","example_research","1","true","false","",""
"jp-44-oita-030","いんげ","大分県","中部","indexable","B","P1","missing_example","example_research","1","true","false","",""
"jp-44-oita-031","うっとどー","大分県","中部","indexable","B","P1","missing_example","example_research","1","true","false","",""
"jp-44-oita-032","アゴタン","大分県","中部","indexable","B","P1","missing_example","example_research","1","true","false","",""
"jp-44-oita-033","オックリ","大分県","中部","indexable","B","P1","missing_example","example_research","1","true","false","",""
"jp-44-oita-034","イスル","大分県","中部","indexable","B","P1","missing_example","example_research","1","true","false","",""
"jp-44-oita-035","～キル／～キラン","大分県","西部","indexable","A","P3","","manual_editor_review","1","true","true","",""
"jp-44-oita-036","～ルル／～レン","大分県","南部","indexable","A","P3","","manual_editor_review","1","true","true","",""
"jp-44-oita-037","ヨカ","大分県","西部","indexable","B","P1","missing_example","example_research","1","true","false","",""
"jp-44-oita-038","～ナイ","大分県","西部","indexable","A","P3","","manual_editor_review","1","true","true","",""
"jp-44-oita-039","～ナンナ","大分県","西部","indexable","A","P3","","manual_editor_review","1","true","true","",""
"jp-44-oita-040","～トバイ／～ツバイ","大分県","西部","indexable","A","P3","","manual_editor_review","1","true","true","",""
"jp-44-oita-041","～ッチャ","大分県","西部","indexable","A","P3","","manual_editor_review","1","true","true","",""
"jp-44-oita-042","エジー","大分県","西部","indexable","B","P1","missing_example","example_research","1","true","false","",""
"jp-44-oita-043","ギューラシー","大分県","西部","indexable","A","P3","","manual_editor_review","1","true","true","",""
"jp-44-oita-044","シヌル","大分県","西部","indexable","A","P3","","manual_editor_review","1","true","true","",""
"jp-44-oita-045","アクル","大分県","西部","indexable","A","P3","","manual_editor_review","1","true","true","",""
"jp-44-oita-046","オクル","大分県","西部","indexable","A","P3","","manual_editor_review","1","true","true","",""
"jp-44-oita-047","ジョウモン","大分県","西部","indexable","B","P1","missing_example","example_research","1","true","false","",""
"jp-44-oita-048","アケンヒ","大分県","北部","indexable","C","P1","missing_reading|missing_example","reading_verification|example_research","1","false","false","",""
"jp-44-oita-049","アド","大分県","北部","indexable","C","P1","missing_reading|missing_example","reading_verification|example_research","1","false","false","",""
"jp-44-oita-050","イコロ","大分県","北部","indexable","C","P1","missing_reading|missing_example","reading_verification|example_research","1","false","false","",""
"jp-44-oita-051","イノチキ","大分県","北部","indexable","C","P1","missing_reading|missing_example","reading_verification|example_research","1","false","false","",""
"jp-44-oita-052","オテショウ","大分県","北部","indexable","C","P1","missing_reading|missing_example","reading_verification|example_research","1","false","false","",""
"jp-44-oita-053","ワクド","大分県","北部","indexable","C","P1","missing_reading|missing_example","reading_verification|example_research","1","false","false","",""
"jp-44-oita-054","ゴショウブン","大分県","北部","indexable","C","P1","missing_reading|missing_example","reading_verification|example_research","1","false","false","",""
"jp-44-oita-055","ムテエナ","大分県","北部","indexable","C","P1","missing_reading|missing_example","reading_verification|example_research","1","false","false","",""
"jp-44-oita-056","トゼネー","大分県","北部","indexable","B","P1","missing_reading","reading_verification","1","false","true","",""
"jp-44-oita-057","～デ（ー）","大分県","北部","indexable","C","P1","missing_reading|missing_example","reading_verification|example_research","1","false","false","",""
"jp-33-okayama-001","ぼっけぇ","岡山県","備前地域","indexable","A","P3","","manual_editor_review","1","true","true","",""
"jp-33-okayama-002","デーガ スリャー","岡山県","備前地域","indexable","B","P1","missing_reading","reading_verification","1","false","true","",""
"jp-33-okayama-003","ドケー イクンナラ","岡山県","備前地域","indexable","B","P1","missing_reading","reading_verification","1","false","true","",""
"jp-33-okayama-004","アメ フッテキタデ。","岡山県","備前地域","indexable","B","P1","missing_reading","reading_verification","1","false","true","",""
"jp-33-okayama-005","セー","岡山県","備前地域","indexable","C","P1","missing_reading|missing_example","reading_verification|example_research","1","false","false","",""
"jp-33-okayama-006","ケー","岡山県","備前地域","indexable","C","P1","missing_reading|missing_example","reading_verification|example_research","1","false","false","",""
"jp-33-okayama-007","ミー","岡山県","備前地域","indexable","C","P1","missing_reading|missing_example","reading_verification|example_research","1","false","false","",""
"jp-33-okayama-008","カカン","岡山県","備前地域","indexable","C","P1","missing_reading|missing_example","reading_verification|example_research","1","false","false","",""
"jp-33-okayama-009","テャー [tjaː]","岡山県","備前地域","indexable","C","P1","missing_reading|missing_example","reading_verification|example_research","1","false","false","",""
"jp-33-okayama-010","テュー [tjuː]／テョー [tjoː]","岡山県","備前地域","indexable","C","P1","missing_reading|missing_example","reading_verification|example_research","1","false","false","",""
"jp-33-okayama-011","ヤメー","岡山県","備前地域","indexable","C","P1","missing_reading|missing_example","reading_verification|example_research","1","false","false","",""
"jp-33-okayama-012","i[k-i-ne]e","岡山県","備前地域","indexable","C","P1","missing_reading|missing_example","reading_verification|example_research","1","false","false","",""
"jp-33-okayama-013","ta[be]-nee","岡山県","備前地域","indexable","C","P1","missing_reading|missing_example","reading_verification|example_research","1","false","false","",""
"jp-33-okayama-014","ki-[ne]e","岡山県","備前地域","indexable","C","P1","missing_reading|missing_example","reading_verification|example_research","1","false","false","",""
"jp-33-okayama-015","si-[ne]e","岡山県","備前地域","indexable","C","P1","missing_reading|missing_example","reading_verification|example_research","1","false","false","",""
"jp-33-okayama-016","i[ka]a","岡山県","備前地域","indexable","C","P1","missing_reading|missing_example","reading_verification|example_research","1","false","false","",""
"jp-33-okayama-017","ta[be]raa","岡山県","備前地域","indexable","C","P1","missing_reading|missing_example","reading_verification|example_research","1","false","false","",""
"jp-33-okayama-018","so[ko] ni a[ro]o ga","岡山県","備前地域","indexable","B","P1","missing_reading","reading_verification","1","false","true","",""
"jp-33-okayama-019","o[mee ni]mo wa[karo]o ga","岡山県","備前地域","indexable","B","P1","missing_reading","reading_verification","1","false","true","",""
"jp-33-okayama-020","o[mee ni]mo wa[karo]o no]o","岡山県","備前地域","indexable","B","P1","missing_reading","reading_verification","1","false","true","",""
"jp-33-okayama-021","a[sita]a a]mjaa hu[r-u ma]a","岡山県","備前地域","indexable","B","P1","missing_reading","reading_verification","1","false","true","",""
"jp-33-okayama-022","イマカラ　トモダチー　テガミュー　カク。","岡山県","備中地域","indexable","B","P1","missing_reading","reading_verification","1","false","true","",""
"jp-33-okayama-023","イエー　モドッテ　スグニ　テガミュー　カエータ。","岡山県","備中地域","indexable","B","P1","missing_reading","reading_verification","1","false","true","",""
"jp-33-okayama-024","カエータ　テガミュー　ナンベンモ　ヨミカエース。","岡山県","備中地域","indexable","B","P1","missing_reading","reading_verification","1","false","true","",""
"jp-33-okayama-025","アブナエーケー　シャドー　アルクナ。","岡山県","備中地域","indexable","B","P1","missing_reading","reading_verification","1","false","true","",""
"jp-33-okayama-026","ヒルカラ　アメガ　フロー ナー。","岡山県","備中地域","indexable","B","P1","missing_reading","reading_verification","1","false","true","",""
"jp-33-okayama-027","ハルン　ナリャー　ハナガ　サク。","岡山県","備中地域","indexable","B","P1","missing_reading","reading_verification","1","false","true","",""
"jp-33-okayama-028","ハナコガ　マドー　アケタラ　ムシガ　ハエッテ　キタ。","岡山県","備中地域","indexable","B","P1","missing_reading","reading_verification","1","false","true","",""
"jp-33-okayama-029","アサナー　アンマリ　テレビュー　ミン。","岡山県","備中地域","indexable","B","P1","missing_reading","reading_verification","1","false","true","",""
"jp-33-okayama-030","ハナカー　キニョー　テレビュー　ミナンダ。","岡山県","備中地域","indexable","B","P1","missing_reading","reading_verification","1","false","true","",""
"jp-33-okayama-031","ハナカー　テレビュー　ミント　ホンバー　ヨミョール。","岡山県","備中地域","indexable","B","P1","missing_reading","reading_verification","1","false","true","",""
"jp-33-okayama-032","アカェ／アケー","岡山県","備中地域","indexable","C","P1","missing_reading|missing_example","reading_verification|example_research","1","false","false","",""
"jp-33-okayama-033","ナェ／ネー","岡山県","備中地域","indexable","C","P1","missing_reading|missing_example","reading_verification|example_research","1","false","false","",""
"jp-33-okayama-034","ゴッツォー","岡山県","備中地域","indexable","C","P1","missing_reading|missing_example","reading_verification|example_research","1","false","false","",""
"jp-33-okayama-035","ミミュー","岡山県","備中地域","indexable","C","P1","missing_reading|missing_example","reading_verification|example_research","1","false","false","",""
"jp-33-okayama-036","シェーフ","岡山県","備中地域","indexable","C","P1","missing_reading|missing_example","reading_verification|example_research","1","false","false","",""
"jp-33-okayama-037","はぶてる","岡山県","備中地域","indexable","C","P1","missing_reading|missing_example","reading_verification|example_research","1","false","false","",""
"jp-33-okayama-038","いたしー","岡山県","備中地域","indexable","C","P1","missing_reading|missing_example","reading_verification|example_research","1","false","false","",""
"jp-33-okayama-039","くらわす","岡山県","備中地域","indexable","C","P1","missing_reading|missing_example","reading_verification|example_research","1","false","false","",""
"jp-33-okayama-040","たちまち","岡山県","備中地域","indexable","C","P1","missing_reading|missing_example","reading_verification|example_research","1","false","false","",""
"jp-33-okayama-041","すける","岡山県","備中地域","indexable","C","P1","missing_reading|missing_example","reading_verification|example_research","1","false","false","",""
"jp-33-okayama-042","みてる","岡山県","備中地域","indexable","C","P1","missing_reading|missing_example","reading_verification|example_research","1","false","false","",""
"jp-33-okayama-043","やっちもねー","岡山県","備中地域","indexable","C","P1","missing_reading|missing_example","reading_verification|example_research","1","false","false","",""
"jp-33-okayama-044","グイ","岡山県","美作地域","indexable","C","P1","missing_reading|missing_example","reading_verification|example_research","1","false","false","",""
"jp-33-okayama-045","ソゲ","岡山県","美作地域","indexable","C","P1","missing_reading|missing_example","reading_verification|example_research","1","false","false","",""
"jp-33-okayama-046","てんぐるま","岡山県","美作地域","indexable","C","P1","missing_reading|missing_example","reading_verification|example_research","1","false","false","",""
"jp-33-okayama-047","てんぐるさん","岡山県","美作地域","indexable","C","P1","missing_reading|missing_example","reading_verification|example_research","1","false","false","",""
"jp-33-okayama-048","チカマーリ","岡山県","美作地域","indexable","C","P1","missing_reading|missing_example","reading_verification|example_research","1","false","false","",""
"jp-33-okayama-049","チカマーリ","岡山県","美作地域","indexable","C","P1","missing_reading|missing_example","reading_verification|example_research","1","false","false","",""
"jp-33-okayama-050","田中さんが歌いよる。","岡山県","美作地域","indexable","B","P1","missing_reading","reading_verification","1","false","true","",""
"jp-33-okayama-051","斎藤さんはその場所を知っとる。","岡山県","美作地域","indexable","B","P1","missing_reading","reading_verification","1","false","true","",""
"jp-33-okayama-052","コケル","岡山県","美作地域","indexable","C","P1","missing_reading|missing_example","reading_verification|example_research","1","false","false","",""
"jp-33-okayama-053","モクレル","岡山県","美作地域","indexable","C","P1","missing_reading|missing_example","reading_verification|example_research","1","false","false","",""
"jp-33-okayama-054","ソーメンダコ","岡山県","備中地域","indexable","C","P1","missing_reading|missing_example","reading_verification|example_research","1","false","false","",""
"jp-33-okayama-055","たもり","岡山県","備中地域","indexable","C","P1","missing_reading|missing_example","reading_verification|example_research","1","false","false","",""
"jp-33-okayama-056","よしのごち","岡山県","備中地域","indexable","C","P1","missing_reading|missing_example","reading_verification|example_research","1","false","false","",""
"jp-33-okayama-057","べーか","岡山県","備中地域","indexable","C","P1","missing_reading|missing_example","reading_verification|example_research","1","false","false","",""
"jp-33-okayama-058","もだこ","岡山県","備中地域","indexable","C","P1","missing_reading|missing_example","reading_verification|example_research","1","false","false","",""
"jp-33-okayama-059","しろえび","岡山県","備中地域","indexable","C","P1","missing_reading|missing_example","reading_verification|example_research","1","false","false","",""
"jp-33-okayama-060","しろえび","岡山県","備中地域","indexable","C","P1","missing_reading|missing_example","reading_verification|example_research","1","false","false","",""
"jp-33-okayama-061","しろえび","岡山県","備中地域","indexable","C","P1","missing_reading|missing_example","reading_verification|example_research","1","false","false","",""
"jp-33-okayama-062","がく","岡山県","備中地域","indexable","C","P1","missing_reading|missing_example","reading_verification|example_research","1","false","false","",""
"jp-33-okayama-063","がく","岡山県","備中地域","indexable","C","P1","missing_reading|missing_example","reading_verification|example_research","1","false","false","",""
"jp-33-okayama-064","あおぎざみ","岡山県","瀬戸内海島嶼部","indexable","C","P1","missing_reading|missing_example","reading_verification|example_research","1","false","false","",""
"jp-33-okayama-065","あかぎざみ","岡山県","瀬戸内海島嶼部","indexable","C","P1","missing_reading|missing_example","reading_verification|example_research","1","false","false","",""
"jp-33-okayama-066","ががな","岡山県","瀬戸内海島嶼部","indexable","C","P1","missing_reading|missing_example","reading_verification|example_research","1","false","false","",""
"jp-33-okayama-067","がっちょごち","岡山県","瀬戸内海島嶼部","indexable","C","P1","missing_reading|missing_example","reading_verification|example_research","1","false","false","",""
"jp-33-okayama-068","しおふき","岡山県","瀬戸内海島嶼部","indexable","C","P1","missing_reading|missing_example","reading_verification|example_research","1","false","false","",""
"jp-33-okayama-069","す","岡山県","瀬戸内海島嶼部","indexable","C","P1","missing_reading|missing_example","reading_verification|example_research","1","false","false","",""
"jp-33-okayama-070","すくも","岡山県","瀬戸内海島嶼部","indexable","C","P1","missing_reading|missing_example","reading_verification|example_research","1","false","false","",""
"jp-33-okayama-071","はぜま","岡山県","瀬戸内海島嶼部","indexable","C","P1","missing_reading|missing_example","reading_verification|example_research","1","false","false","",""
"jp-47-okinawa-001","めんそーれ","沖縄県","沖縄本島中南部","indexable","A","P3","","manual_editor_review","3","true","true","",""
"jp-47-okinawa-002","ムﾟー","沖縄県","宮古諸島","indexable","A","P3","","manual_editor_review","1","true","true","",""
"jp-47-okinawa-003","ムﾟーアキャーダ","沖縄県","宮古諸島","indexable","A","P3","","manual_editor_review","1","true","true","",""
"jp-47-okinawa-004","ムﾟーアロー","沖縄県","宮古諸島","indexable","A","P3","","manual_editor_review","1","true","true","",""
"jp-47-okinawa-005","ムﾟーイﾟッシﾟマイﾟ","沖縄県","宮古諸島","indexable","A","P3","","manual_editor_review","1","true","true","",""
"jp-47-okinawa-006","ムﾟーイビ","沖縄県","宮古諸島","indexable","A","P3","","manual_editor_review","1","true","true","",""
"jp-47-okinawa-007","ムﾟーガー","沖縄県","宮古諸島","indexable","A","P3","","manual_editor_review","1","true","true","",""
"jp-47-okinawa-008","ムﾟーカジ","沖縄県","宮古諸島","indexable","A","P3","","manual_editor_review","1","true","true","",""
"jp-47-okinawa-009","ムﾟーギ","沖縄県","宮古諸島","indexable","A","P3","","manual_editor_review","1","true","true","",""
"jp-47-okinawa-010","ムﾟーギグル","沖縄県","宮古諸島","indexable","A","P3","","manual_editor_review","1","true","true","",""
"jp-47-okinawa-011","ムﾟーギザニ","沖縄県","宮古諸島","indexable","A","P3","","manual_editor_review","1","true","true","",""
"jp-47-okinawa-012","ムﾟーギヌ アイズゥー","沖縄県","宮古諸島","indexable","A","P3","","manual_editor_review","1","true","true","",""
"jp-47-okinawa-013","ムﾟーギヌ パー","沖縄県","宮古諸島","indexable","A","P3","","manual_editor_review","1","true","true","",""
"jp-47-okinawa-014","ムﾟーギヌ パージューシャ","沖縄県","宮古諸島","indexable","A","P3","","manual_editor_review","1","true","true","",""
"jp-47-okinawa-015","ムﾟーギバリ","沖縄県","宮古諸島","indexable","A","P3","","manual_editor_review","1","true","true","",""
"jp-47-okinawa-016","ムﾟークズ","沖縄県","宮古諸島","indexable","A","P3","","manual_editor_review","1","true","true","",""
"jp-47-okinawa-017","ムﾟークズパムﾟビン","沖縄県","宮古諸島","indexable","A","P3","","manual_editor_review","1","true","true","",""
"jp-47-okinawa-018","ムﾟーサニ","沖縄県","宮古諸島","indexable","A","P3","","manual_editor_review","1","true","true","",""
"jp-47-okinawa-019","ムﾟーナ","沖縄県","宮古諸島","indexable","A","P3","","manual_editor_review","1","true","true","",""
"jp-47-okinawa-020","ムﾟーナーキ","沖縄県","宮古諸島","indexable","A","P3","","manual_editor_review","1","true","true","",""
"jp-47-okinawa-021","ムﾟーナグー","沖縄県","宮古諸島","indexable","A","P3","","manual_editor_review","1","true","true","",""
"jp-47-okinawa-022","ムﾟーナグー アスプｽ","沖縄県","宮古諸島","indexable","A","P3","","manual_editor_review","1","true","true","",""
"jp-47-okinawa-023","ムﾟーニー","沖縄県","宮古諸島","indexable","A","P3","","manual_editor_review","1","true","true","",""
"jp-47-okinawa-024","ムﾟーヌ","沖縄県","宮古諸島","indexable","A","P3","","manual_editor_review","1","true","true","",""
"jp-47-okinawa-025","ムﾟーヌイﾟ","沖縄県","宮古諸島","indexable","A","P3","","manual_editor_review","1","true","true","",""
"jp-47-okinawa-026","ンーガナ","沖縄県","宮古諸島","indexable","A","P3","","manual_editor_review","1","true","true","",""
"jp-47-okinawa-027","ムﾟータ","沖縄県","宮古諸島","indexable","A","P3","","manual_editor_review","1","true","true","",""
"jp-47-okinawa-028","ムﾟーダリ","沖縄県","宮古諸島","indexable","A","P3","","manual_editor_review","1","true","true","",""
"jp-47-okinawa-029","ムﾟーツ","沖縄県","宮古諸島","indexable","A","P3","","manual_editor_review","1","true","true","",""
"jp-47-okinawa-030","ムﾟーナガ タマ","沖縄県","宮古諸島","indexable","A","P3","","manual_editor_review","1","true","true","",""
"jp-47-okinawa-031","ムﾟーナガ ムティ","沖縄県","宮古諸島","indexable","A","P3","","manual_editor_review","1","true","true","",""
"jp-47-okinawa-032","ムﾟーナカラ","沖縄県","宮古諸島","indexable","A","P3","","manual_editor_review","1","true","true","",""
"jp-47-okinawa-033","ムﾟーナガ ムﾟーナ","沖縄県","宮古諸島","indexable","A","P3","","manual_editor_review","1","true","true","",""
"jp-47-okinawa-034","ムﾟーナーキ カーラキ","沖縄県","宮古諸島","indexable","A","P3","","manual_editor_review","1","true","true","",""
"jp-47-okinawa-035","ムﾟーナーキナー","沖縄県","宮古諸島","indexable","A","P3","","manual_editor_review","1","true","true","",""
"jp-47-okinawa-036","ムﾟーナグー クス","沖縄県","宮古諸島","indexable","A","P3","","manual_editor_review","1","true","true","",""
"jp-47-okinawa-037","ムﾟーナグー ズー","沖縄県","宮古諸島","indexable","A","P3","","manual_editor_review","1","true","true","",""
"jp-47-okinawa-038","ムﾟーナグーパマ","沖縄県","宮古諸島","indexable","A","P3","","manual_editor_review","1","true","true","",""
"jp-47-okinawa-039","ムﾟーナグーパリ","沖縄県","宮古諸島","indexable","A","P3","","manual_editor_review","1","true","true","",""
"jp-47-okinawa-040","ムﾟーナグー ンタプｽ","沖縄県","宮古諸島","indexable","A","P3","","manual_editor_review","1","true","true","",""
"jp-47-okinawa-041","ムﾟーナグー ムﾟツ","沖縄県","宮古諸島","indexable","A","P3","","manual_editor_review","1","true","true","",""
"jp-47-okinawa-042","ムﾟーナシー","沖縄県","宮古諸島","indexable","A","P3","","manual_editor_review","1","true","true","",""
"jp-47-okinawa-043","ムﾟーニーズル","沖縄県","宮古諸島","indexable","A","P3","","manual_editor_review","1","true","true","",""
"jp-47-okinawa-044","ムﾟーニーナビ","沖縄県","宮古諸島","indexable","A","P3","","manual_editor_review","1","true","true","",""
"jp-47-okinawa-045","ムﾟーヌ シギ","沖縄県","宮古諸島","indexable","A","P3","","manual_editor_review","1","true","true","",""
"jp-47-okinawa-046","ムﾟマフファニャーン","沖縄県","宮古諸島","indexable","A","P3","","manual_editor_review","1","true","true","",""
"jp-47-okinawa-047","ムﾟマムヌ","沖縄県","宮古諸島","indexable","A","P3","","manual_editor_review","1","true","true","",""
"jp-47-okinawa-048","ムﾟマヤー","沖縄県","宮古諸島","indexable","A","P3","","manual_editor_review","1","true","true","",""
"jp-47-okinawa-049","ムﾟマームﾟマ","沖縄県","宮古諸島","indexable","A","P3","","manual_editor_review","1","true","true","",""
"jp-47-okinawa-050","ムﾟマリ","沖縄県","宮古諸島","indexable","A","P3","","manual_editor_review","1","true","true","",""
"jp-47-okinawa-051","ムﾟマリカーイﾟ","沖縄県","宮古諸島","indexable","A","P3","","manual_editor_review","1","true","true","",""
"jp-47-okinawa-052","ムﾟマリズマ","沖縄県","宮古諸島","indexable","A","P3","","manual_editor_review","1","true","true","",""
"jp-47-okinawa-053","ムﾟマリツクｽ","沖縄県","宮古諸島","indexable","A","P3","","manual_editor_review","1","true","true","",""
"jp-47-okinawa-054","ムﾟマリナツキ","沖縄県","宮古諸島","indexable","A","P3","","manual_editor_review","1","true","true","",""
"jp-47-okinawa-055","ムﾟマリハンジョー","沖縄県","宮古諸島","indexable","A","P3","","manual_editor_review","1","true","true","",""
"jp-47-okinawa-056","ムﾟマリプｽカズ","沖縄県","宮古諸島","indexable","A","P3","","manual_editor_review","1","true","true","",""
"jp-47-okinawa-057","ムﾟミ","沖縄県","宮古諸島","indexable","A","P3","","manual_editor_review","1","true","true","",""
"jp-47-okinawa-058","ふゎー","沖縄県","沖縄本島北部・国頭地域","indexable","B","P1","missing_example","example_research","1","true","false","",""
"jp-47-okinawa-059","はー","沖縄県","宮古諸島","indexable","B","P1","missing_example","example_research","1","true","false","",""
"jp-47-okinawa-060","ぱー","沖縄県","八重山諸島","indexable","B","P1","missing_example","example_research","1","true","false","",""
"jp-47-okinawa-061","はー","沖縄県","与那国島","indexable","B","P1","missing_example","example_research","1","true","false","",""
"jp-47-okinawa-062","わたー","沖縄県","沖縄本島北部・国頭地域","indexable","B","P1","missing_example","example_research","1","true","false","",""
"jp-47-okinawa-063","ばた","沖縄県","宮古諸島","indexable","B","P1","missing_example","example_research","1","true","false","",""
"jp-47-okinawa-064","ばだ","沖縄県","八重山諸島","indexable","B","P1","missing_example","example_research","1","true","false","",""
"jp-47-okinawa-065","ばた","沖縄県","与那国島","indexable","B","P1","missing_example","example_research","1","true","false","",""
"jp-47-okinawa-066","ふゎなー","沖縄県","沖縄本島北部・国頭地域","indexable","B","P1","missing_example","example_research","1","true","false","",""
"jp-47-okinawa-067","はな","沖縄県","宮古諸島","indexable","B","P1","missing_example","example_research","1","true","false","",""
"jp-47-okinawa-068","ぱな","沖縄県","八重山諸島","indexable","B","P1","missing_example","example_research","1","true","false","",""
"jp-47-okinawa-069","はな","沖縄県","与那国島","indexable","B","P1","missing_example","example_research","1","true","false","",""
"jp-47-okinawa-070","にしはじ","沖縄県","沖縄本島北部・国頭地域","indexable","B","P1","missing_example","example_research","1","true","false","",""
"jp-47-okinawa-071","んすかでぃ","沖縄県","宮古諸島","indexable","B","P1","missing_example","example_research","1","true","false","",""
"jp-47-okinawa-072","にしかじ","沖縄県","八重山諸島","indexable","B","P1","missing_example","example_research","1","true","false","",""
"jp-47-okinawa-073","にちかでぃ","沖縄県","与那国島","indexable","B","P1","missing_example","example_research","1","true","false","",""
"jp-47-okinawa-074","ふぇー","沖縄県","沖縄本島北部・国頭地域","indexable","B","P1","missing_example","example_research","1","true","false","",""
"jp-47-okinawa-075","はい","沖縄県","宮古諸島","indexable","B","P1","missing_example","example_research","1","true","false","",""
"jp-47-okinawa-076","ぱい","沖縄県","八重山諸島","indexable","B","P1","missing_example","example_research","1","true","false","",""
"jp-47-okinawa-077","はい","沖縄県","与那国島","indexable","B","P1","missing_example","example_research","1","true","false","",""
"jp-47-okinawa-078","わらー","沖縄県","沖縄本島北部・国頭地域","indexable","B","P1","missing_example","example_research","1","true","false","",""
"jp-47-okinawa-079","ばら","沖縄県","宮古諸島","indexable","B","P1","missing_example","example_research","1","true","false","",""
"jp-47-okinawa-080","ばら","沖縄県","八重山諸島","indexable","B","P1","missing_example","example_research","1","true","false","",""
"jp-47-okinawa-081","ばら","沖縄県","与那国島","indexable","B","P1","missing_example","example_research","1","true","false","",""
"jp-47-okinawa-082","ちぬ","沖縄県","沖縄本島北部・国頭地域","indexable","B","P1","missing_example","example_research","1","true","false","",""
"jp-47-okinawa-083","つぬ","沖縄県","宮古諸島","indexable","B","P1","missing_example","example_research","1","true","false","",""
"jp-47-okinawa-084","つぃぬ","沖縄県","八重山諸島","indexable","B","P1","missing_example","example_research","1","true","false","",""
"jp-47-okinawa-085","んぬん","沖縄県","与那国島","indexable","B","P1","missing_example","example_research","1","true","false","",""
"jp-47-okinawa-086","はーぎー","沖縄県","沖縄本島北部・国頭地域","indexable","B","P1","missing_example","example_research","1","true","false","",""
"jp-47-okinawa-087","かぎ","沖縄県","宮古諸島","indexable","B","P1","missing_example","example_research","1","true","false","",""
"jp-47-okinawa-088","かい","沖縄県","八重山諸島","indexable","B","P1","missing_example","example_research","1","true","false","",""
"jp-47-okinawa-089","かき゚","沖縄県","与那国島","indexable","B","P1","missing_example","example_research","1","true","false","",""
"jp-47-okinawa-090","はかー","沖縄県","沖縄本島北部・国頭地域","indexable","B","P1","missing_example","example_research","1","true","false","",""
"jp-47-okinawa-091","はか","沖縄県","宮古諸島","indexable","B","P1","missing_example","example_research","1","true","false","",""
"jp-47-okinawa-092","ぱか","沖縄県","八重山諸島","indexable","B","P1","missing_example","example_research","1","true","false","",""
"jp-47-okinawa-093","はが","沖縄県","与那国島","indexable","B","P1","missing_example","example_research","1","true","false","",""
"jp-47-okinawa-094","‘わー","沖縄県","沖縄本島北部・国頭地域","indexable","B","P1","missing_example","example_research","1","true","false","",""
"jp-47-okinawa-095","わー","沖縄県","宮古諸島","indexable","B","P1","missing_example","example_research","1","true","false","",""
"jp-47-okinawa-096","おー","沖縄県","八重山諸島","indexable","B","P1","missing_example","example_research","1","true","false","",""
"jp-47-okinawa-097","わー","沖縄県","与那国島","indexable","B","P1","missing_example","example_research","1","true","false","",""
"jp-47-okinawa-098","くぬーふ","沖縄県","沖縄本島北部・国頭地域","indexable","B","P1","missing_example","example_research","1","true","false","",""
"jp-47-okinawa-099","ふにゅー","沖縄県","宮古諸島","indexable","B","P1","missing_example","example_research","1","true","false","",""
"jp-47-okinawa-100","ふにふ","沖縄県","八重山諸島","indexable","B","P1","missing_example","example_research","1","true","false","",""
"jp-47-okinawa-101","んにん","沖縄県","与那国島","indexable","B","P1","missing_example","example_research","1","true","false","",""
"jp-47-okinawa-102","くち","沖縄県","沖縄本島北部・国頭地域","indexable","B","P1","missing_example","example_research","1","true","false","",""
"jp-47-okinawa-103","ふつ","沖縄県","宮古諸島","indexable","B","P1","missing_example","example_research","1","true","false","",""
"jp-47-okinawa-104","ふつぃ","沖縄県","八重山諸島","indexable","B","P1","missing_example","example_research","1","true","false","",""
"jp-47-okinawa-105","‘てぃー","沖縄県","与那国島","indexable","B","P1","missing_example","example_research","1","true","false","",""
"jp-47-okinawa-106","しちゃー","沖縄県","沖縄本島北部・国頭地域","indexable","B","P1","missing_example","example_research","1","true","false","",""
"jp-47-okinawa-107","った","沖縄県","宮古諸島","indexable","B","P1","missing_example","example_research","1","true","false","",""
"jp-47-okinawa-108","すぃた","沖縄県","八重山諸島","indexable","B","P1","missing_example","example_research","1","true","false","",""
"jp-47-okinawa-109","‘たー","沖縄県","与那国島","indexable","B","P1","missing_example","example_research","1","true","false","",""
"jp-47-okinawa-110","あちゃー","沖縄県","沖縄本島北部・国頭地域","indexable","B","P1","missing_example","example_research","1","true","false","",""
"jp-47-okinawa-111","あちゃ","沖縄県","宮古諸島","indexable","B","P1","missing_example","example_research","1","true","false","",""
"jp-47-okinawa-112","はっつぁ","沖縄県","八重山諸島","indexable","B","P1","missing_example","example_research","1","true","false","",""
"jp-47-okinawa-113","あった","沖縄県","与那国島","indexable","B","P1","missing_example","example_research","1","true","false","",""
"jp-47-okinawa-114","ひー","沖縄県","久米島","indexable","C","P1","missing_reading|missing_example","reading_verification|example_research","1","false","false","",""
"jp-47-okinawa-115","みじ","沖縄県","久米島","indexable","C","P1","missing_reading|missing_example","reading_verification|example_research","1","false","false","",""
"jp-47-okinawa-116","やま","沖縄県","久米島","indexable","C","P1","missing_reading|missing_example","reading_verification|example_research","1","false","false","",""
"jp-47-okinawa-117","かーら","沖縄県","久米島","indexable","C","P1","missing_reading|missing_example","reading_verification|example_research","1","false","false","",""
"jp-47-okinawa-118","はし","沖縄県","久米島","indexable","C","P1","missing_reading|missing_example","reading_verification|example_research","1","false","false","",""
"jp-47-okinawa-119","むい","沖縄県","久米島","indexable","C","P1","missing_reading|missing_example","reading_verification|example_research","1","false","false","",""
"jp-47-okinawa-120","ふし","沖縄県","久米島","indexable","C","P1","missing_reading|missing_example","reading_verification|example_research","1","false","false","",""
"jp-47-okinawa-121","かんない","沖縄県","久米島","indexable","C","P1","missing_reading|missing_example","reading_verification|example_research","1","false","false","",""
"jp-47-okinawa-122","うーみ","沖縄県","久米島","indexable","C","P1","missing_reading|missing_example","reading_verification|example_research","1","false","false","",""
"jp-47-okinawa-123","しな","沖縄県","久米島","indexable","C","P1","missing_reading|missing_example","reading_verification|example_research","1","false","false","",""
"jp-47-okinawa-124","かじ","沖縄県","沖縄本島中南部","indexable","B","P1","missing_example","example_research","1","true","false","",""
"jp-47-okinawa-125","うゎー","沖縄県","沖縄本島中南部","indexable","B","P1","missing_example","example_research","1","true","false","",""
"jp-47-okinawa-126","あみ","沖縄県","沖縄本島中南部","indexable","B","P1","missing_example","example_research","1","true","false","",""
"jp-47-okinawa-127","あみむゆーし","沖縄県","沖縄本島中南部","indexable","B","P1","missing_example","example_research","1","true","false","",""
"jp-47-okinawa-128","あみふいぎさん","沖縄県","沖縄本島中南部","indexable","B","P1","missing_example","example_research","1","true","false","",""
"jp-47-okinawa-129","あみゆん","沖縄県","沖縄本島中南部","indexable","A","P3","","manual_editor_review","1","true","true","",""
"jp-47-okinawa-130","んけーかじ","沖縄県","沖縄本島中南部","indexable","B","P1","missing_example","example_research","1","true","false","",""
"jp-47-okinawa-131","いちばな","沖縄県","沖縄本島中南部","indexable","B","P1","missing_example","example_research","1","true","false","",""
"jp-47-okinawa-132","みづぃぐすい","沖縄県","沖縄本島中南部","indexable","B","P1","missing_example","example_research","1","true","false","",""
"jp-47-okinawa-133","しゅいくとぅば","沖縄県","沖縄本島中南部","indexable","B","P1","missing_example","example_research","1","true","false","",""
"jp-27-osaka-001","カキー","大阪府","河内","indexable","C","P1","missing_reading|missing_example","reading_verification|example_research","1","false","false","",""
"jp-27-osaka-002","カキナ","大阪府","河内","indexable","D","P0","missing_reading|missing_example|possible_content_duplicate","reading_verification|example_research|duplicate_review","1","false","false","","重複は文字列・SEO一致に基づく候補であり、統合には地域差と原資料の人間確認が必要。"
"jp-27-osaka-003","ショー","大阪府","河内","indexable","D","P0","missing_reading|missing_example|possible_content_duplicate","reading_verification|example_research|duplicate_review","1","false","false","","重複は文字列・SEO一致に基づく候補であり、統合には地域差と原資料の人間確認が必要。"
"jp-27-osaka-004","カカヘン","大阪府","河内","indexable","D","P0","missing_reading|missing_example|possible_content_duplicate","reading_verification|example_research|duplicate_review","1","false","false","","重複は文字列・SEO一致に基づく候補であり、統合には地域差と原資料の人間確認が必要。"
"jp-27-osaka-005","ミーヒン","大阪府","河内","indexable","D","P0","missing_reading|missing_example|possible_content_duplicate","reading_verification|example_research|duplicate_review","1","false","false","","重複は文字列・SEO一致に基づく候補であり、統合には地域差と原資料の人間確認が必要。"
"jp-27-osaka-006","ケーヘン","大阪府","河内","indexable","C","P1","missing_reading|missing_example","reading_verification|example_research","1","false","false","",""
"jp-27-osaka-007","セーヘン","大阪府","河内","indexable","D","P0","missing_reading|missing_example|possible_content_duplicate","reading_verification|example_research|duplicate_review","1","false","false","","重複は文字列・SEO一致に基づく候補であり、統合には地域差と原資料の人間確認が必要。"
"jp-27-osaka-008","ヨーカカン","大阪府","河内","indexable","D","P0","missing_reading|missing_example|possible_content_duplicate","reading_verification|example_research|duplicate_review","1","false","false","","重複は文字列・SEO一致に基づく候補であり、統合には地域差と原資料の人間確認が必要。"
"jp-27-osaka-009","カキハル","大阪府","河内","indexable","C","P1","missing_reading|missing_example","reading_verification|example_research","1","false","false","",""
"jp-27-osaka-010","カキヨル","大阪府","河内","indexable","D","P0","missing_reading|missing_example|possible_content_duplicate","reading_verification|example_research|duplicate_review","1","false","false","","重複は文字列・SEO一致に基づく候補であり、統合には地域差と原資料の人間確認が必要。"
"jp-27-osaka-011","カイトル","大阪府","河内","indexable","D","P0","missing_reading|missing_example|possible_content_duplicate","reading_verification|example_research|duplicate_review","1","false","false","","重複は文字列・SEO一致に基づく候補であり、統合には地域差と原資料の人間確認が必要。"
"jp-27-osaka-012","カクネン","大阪府","河内","indexable","D","P0","missing_reading|missing_example|possible_content_duplicate","reading_verification|example_research|duplicate_review","1","false","false","","重複は文字列・SEO一致に基づく候補であり、統合には地域差と原資料の人間確認が必要。"
"jp-27-osaka-013","いらち","大阪府","泉州","indexable","C","P1","missing_reading|missing_example","reading_verification|example_research","1","false","false","",""
"jp-27-osaka-014","いっちょかみ","大阪府","泉州","indexable","C","P1","missing_reading|missing_example","reading_verification|example_research","1","false","false","",""
"jp-27-osaka-015","あまえた","大阪府","泉州","indexable","D","P0","missing_reading|missing_example|possible_content_duplicate","reading_verification|example_research|duplicate_review","1","false","false","","重複は文字列・SEO一致に基づく候補であり、統合には地域差と原資料の人間確認が必要。"
"jp-27-osaka-016","いきり","大阪府","泉州","indexable","C","P1","missing_reading|missing_example","reading_verification|example_research","1","false","false","",""
"jp-27-osaka-017","いちびり","大阪府","泉州","indexable","C","P1","missing_reading|missing_example","reading_verification|example_research","1","false","false","",""
"jp-27-osaka-018","げら","大阪府","泉州","indexable","C","P1","missing_reading|missing_example","reading_verification|example_research","1","false","false","",""
"jp-27-osaka-019","ごんたぼうず","大阪府","泉州","indexable","C","P1","missing_reading|missing_example","reading_verification|example_research","1","false","false","",""
"jp-27-osaka-020","はしかい","大阪府","泉州","indexable","C","P1","missing_reading|missing_example","reading_verification|example_research","1","false","false","",""
"jp-27-osaka-021","いぬ","大阪府","泉州","indexable","C","P1","missing_reading|missing_example","reading_verification|example_research","1","false","false","",""
"jp-27-osaka-022","よう＋未然形＋ん","大阪府","泉州","indexable","C","P1","missing_reading|missing_example","reading_verification|example_research","1","false","false","",""
"jp-27-osaka-023","おっちん","大阪府","泉州","indexable","C","P1","missing_reading|missing_example","reading_verification|example_research","1","false","false","",""
"jp-27-osaka-024","鍵をかぐ","大阪府","泉州","indexable","C","P1","missing_reading|missing_example","reading_verification|example_research","1","false","false","",""
"jp-27-osaka-025","みーする","大阪府","泉州","indexable","C","P1","missing_reading|missing_example","reading_verification|example_research","1","false","false","",""
"jp-27-osaka-026","たーする","大阪府","泉州","indexable","C","P1","missing_reading|missing_example","reading_verification|example_research","1","false","false","",""
"jp-27-osaka-027","みーいってしんどい","大阪府","泉州","indexable","C","P1","missing_reading|missing_example","reading_verification|example_research","1","false","false","",""
"jp-27-osaka-028","～たる／～ちゃる","大阪府","泉州","indexable","C","P1","missing_reading|missing_example","reading_verification|example_research","1","false","false","",""
"jp-27-osaka-029","～したって","大阪府","泉州","indexable","C","P1","missing_reading|missing_example","reading_verification|example_research","1","false","false","",""
"jp-27-osaka-030","でこちん","大阪府","泉州","indexable","C","P1","missing_reading|missing_example","reading_verification|example_research","1","false","false","",""
"jp-27-osaka-031","ちゃりげ","大阪府","泉州","indexable","C","P1","missing_reading|missing_example","reading_verification|example_research","1","false","false","",""
"jp-27-osaka-032","じんじろ","大阪府","泉州","indexable","C","P1","missing_reading|missing_example","reading_verification|example_research","1","false","false","",""
"jp-27-osaka-033","みーいく","大阪府","泉州","indexable","C","P1","missing_reading|missing_example","reading_verification|example_research","1","false","false","",""
"jp-27-osaka-034","でんぼ","大阪府","府内地域未特定","indexable","C","P1","missing_reading|missing_example","reading_verification|example_research","1","false","false","",""
"jp-27-osaka-035","ややこしい","大阪府","泉州","indexable","C","P1","missing_reading|missing_example","reading_verification|example_research","1","false","false","",""
"jp-27-osaka-036","おおきに","大阪府","府内地域未特定","indexable","C","P1","missing_reading|missing_example","reading_verification|example_research","1","false","false","",""
"jp-27-osaka-037","なおす","大阪府","府内地域未特定","indexable","C","P1","missing_reading|missing_example","reading_verification|example_research","1","false","false","",""
"jp-27-osaka-038","いちびる","大阪府","府内地域未特定","indexable","C","P1","missing_reading|missing_example","reading_verification|example_research","1","false","false","",""
"jp-27-osaka-039","しょうもない","大阪府","府内地域未特定","indexable","C","P1","missing_reading|missing_example","reading_verification|example_research","1","false","false","",""
"jp-27-osaka-040","コータ","大阪府","大阪市","indexable","C","P1","missing_reading|missing_example","reading_verification|example_research","1","false","false","",""
"jp-27-osaka-041","シラヘン","大阪府","大阪市","indexable","C","P1","missing_reading|missing_example","reading_verification|example_research","1","false","false","",""
"jp-27-osaka-042","シレヘン","大阪府","大阪市","indexable","C","P1","missing_reading|missing_example","reading_verification|example_research","1","false","false","",""
"jp-27-osaka-043","キーヒン","大阪府","大阪市","indexable","C","P1","missing_reading|missing_example","reading_verification|example_research","1","false","false","",""
"jp-27-osaka-044","シーヒン","大阪府","大阪市","indexable","C","P1","missing_reading|missing_example","reading_verification|example_research","1","false","false","",""
"jp-27-osaka-045","ノレヘン","大阪府","大阪市","indexable","C","P1","missing_reading|missing_example","reading_verification|example_research","1","false","false","",""
"jp-27-osaka-046","ノレヘンカッタ","大阪府","大阪市","indexable","C","P1","missing_reading|missing_example","reading_verification|example_research","1","false","false","",""
"jp-27-osaka-047","タコナイ","大阪府","大阪市","indexable","C","P1","missing_reading|missing_example","reading_verification|example_research","1","false","false","",""
"jp-27-osaka-048","ウルソナイ","大阪府","大阪市","indexable","C","P1","missing_reading|missing_example","reading_verification|example_research","1","false","false","",""
"jp-27-osaka-049","タコナル","大阪府","大阪市","indexable","C","P1","missing_reading|missing_example","reading_verification|example_research","1","false","false","",""
"jp-27-osaka-050","ウルソナル","大阪府","大阪市","indexable","C","P1","missing_reading|missing_example","reading_verification|example_research","1","false","false","",""
"jp-27-osaka-051","ノリトナル","大阪府","大阪市","indexable","C","P1","missing_reading|missing_example","reading_verification|example_research","1","false","false","",""
"jp-27-osaka-052","タコーテ","大阪府","大阪市","indexable","C","P1","missing_reading|missing_example","reading_verification|example_research","1","false","false","",""
"jp-27-osaka-053","ウルソーテ","大阪府","大阪市","indexable","C","P1","missing_reading|missing_example","reading_verification|example_research","1","false","false","",""
"jp-27-osaka-054","ノリトーテ","大阪府","大阪市","indexable","C","P1","missing_reading|missing_example","reading_verification|example_research","1","false","false","",""
"jp-27-osaka-055","ネサス","大阪府","大阪市","indexable","C","P1","missing_reading|missing_example","reading_verification|example_research","1","false","false","",""
"jp-27-osaka-056","ヨーカエラン","大阪府","大阪市","indexable","C","P1","missing_reading|missing_example","reading_verification|example_research","1","false","false","",""
"jp-27-osaka-057","イキマッカ","大阪府","大阪市","indexable","C","P1","missing_reading|missing_example","reading_verification|example_research","1","false","false","",""
"jp-27-osaka-058","イキマヒョカ","大阪府","大阪市","indexable","C","P1","missing_reading|missing_example","reading_verification|example_research","1","false","false","",""
"jp-41-saga-001","がばい","佐賀県","佐賀平野","noindex","E","P2","missing_example","example_research|candidate_for_index","1","true","false","","例文と公開根拠・確認状態の資料確認後に再判定するindex候補。公開状態は未変更。"
"jp-41-saga-002","やーのめし","佐賀県","佐賀平野","indexable","B","P1","missing_reading","reading_verification","1","false","true","",""
"jp-41-saga-003","きんぱんしゃ","佐賀県","佐賀平野","indexable","B","P1","missing_reading","reading_verification","1","false","true","",""
"jp-41-saga-004","あったらもんぎ","佐賀県","佐賀平野","indexable","B","P1","missing_reading","reading_verification","1","false","true","",""
"jp-41-saga-005","あばおろし","佐賀県","佐賀平野","indexable","B","P1","missing_reading","reading_verification","1","false","true","",""
"jp-41-saga-006","つくるぶく","佐賀県","佐賀平野","indexable","B","P1","missing_reading","reading_verification","1","false","true","",""
"jp-41-saga-007","とぜんなか","佐賀県","杵島・藤津","indexable","B","P1","missing_reading","reading_verification","1","false","true","",""
"jp-41-saga-008","ない","佐賀県","佐賀平野","indexable","B","P1","missing_reading","reading_verification","1","false","true","",""
"jp-41-saga-009","よくー","佐賀県","佐賀平野","indexable","B","P1","missing_reading","reading_verification","1","false","true","",""
"jp-41-saga-010","むーらしか","佐賀県","佐賀平野","indexable","B","P1","missing_reading","reading_verification","1","false","true","",""
"jp-41-saga-011","ねまっ","佐賀県","佐賀平野","indexable","B","P1","missing_reading","reading_verification","1","false","true","",""
"jp-41-saga-012","あばかん","佐賀県","佐賀平野","indexable","B","P1","missing_reading","reading_verification","1","false","true","",""
"jp-41-saga-013","つーばつ","佐賀県","佐賀平野","indexable","B","P1","missing_reading","reading_verification","1","false","true","",""
"jp-41-saga-014","ざっとなか","佐賀県","杵島・藤津","indexable","B","P1","missing_reading","reading_verification","1","false","true","",""
"jp-41-saga-015","ちかっと","佐賀県","佐賀平野","indexable","B","P1","missing_reading","reading_verification","1","false","true","",""
"jp-41-saga-016","あーも","佐賀県","佐賀平野","indexable","C","P1","missing_reading|missing_example","reading_verification|example_research","1","false","false","",""
"jp-41-saga-017","どがんじゃい","佐賀県","佐賀平野","indexable","B","P1","missing_reading","reading_verification","1","false","true","",""
"jp-41-saga-018","あいやん","佐賀県","唐津・東松浦","indexable","C","P1","missing_reading|missing_example","reading_verification|example_research","1","false","false","",""
"jp-41-saga-019","あっちやごうし","佐賀県","唐津・東松浦","indexable","C","P1","missing_reading|missing_example","reading_verification|example_research","1","false","false","",""
"jp-41-saga-020","あもよ","佐賀県","唐津・東松浦","indexable","C","P1","missing_reading|missing_example","reading_verification|example_research","1","false","false","",""
"jp-41-saga-021","いけと","佐賀県","唐津・東松浦","indexable","C","P1","missing_reading|missing_example","reading_verification|example_research","1","false","false","",""
"jp-41-saga-022","いたぐら","佐賀県","唐津・東松浦","indexable","C","P1","missing_reading|missing_example","reading_verification|example_research","1","false","false","",""
"jp-41-saga-023","ううすっぽく","佐賀県","唐津・東松浦","indexable","C","P1","missing_reading|missing_example","reading_verification|example_research","1","false","false","",""
"jp-41-saga-024","えせなむ","佐賀県","唐津・東松浦","indexable","C","P1","missing_reading|missing_example","reading_verification|example_research","1","false","false","",""
"jp-41-saga-025","えんば","佐賀県","唐津・東松浦","indexable","C","P1","missing_reading|missing_example","reading_verification|example_research","1","false","false","",""
"jp-41-saga-026","てしやにん","佐賀県","唐津・東松浦","indexable","C","P1","missing_reading|missing_example","reading_verification|example_research","1","false","false","",""
"jp-41-saga-027","どうけいる","佐賀県","唐津・東松浦","indexable","C","P1","missing_reading|missing_example","reading_verification|example_research","1","false","false","",""
"jp-41-saga-028","いんま","佐賀県","伊万里・西松浦","indexable","C","P1","missing_reading|missing_example","reading_verification|example_research","1","false","false","",""
"jp-41-saga-029","からびる","佐賀県","伊万里・西松浦","indexable","C","P1","missing_reading|missing_example","reading_verification|example_research","1","false","false","",""
"jp-41-saga-030","ちょろっと","佐賀県","伊万里・西松浦","indexable","C","P1","missing_reading|missing_example","reading_verification|example_research","1","false","false","",""
"jp-41-saga-031","ひとせん","佐賀県","伊万里・西松浦","indexable","C","P1","missing_reading|missing_example","reading_verification|example_research","1","false","false","",""
"jp-41-saga-032","ぐるりする","佐賀県","伊万里・西松浦","indexable","C","P1","missing_reading|missing_example","reading_verification|example_research","1","false","false","",""
"jp-41-saga-033","くれんかい","佐賀県","伊万里・西松浦","indexable","C","P1","missing_reading|missing_example","reading_verification|example_research","1","false","false","",""
"jp-41-saga-034","こすか","佐賀県","伊万里・西松浦","indexable","C","P1","missing_reading|missing_example","reading_verification|example_research","1","false","false","",""
"jp-41-saga-035","こちょばいか","佐賀県","伊万里・西松浦","indexable","C","P1","missing_reading|missing_example","reading_verification|example_research","1","false","false","",""
"jp-41-saga-036","ころっと","佐賀県","伊万里・西松浦","indexable","C","P1","missing_reading|missing_example","reading_verification|example_research","1","false","false","",""
"jp-41-saga-037","なんちゅうかい","佐賀県","伊万里・西松浦","indexable","C","P1","missing_reading|missing_example","reading_verification|example_research","1","false","false","",""
"jp-41-saga-038","ごっとい","佐賀県","杵島・藤津","indexable","C","P1","missing_reading|missing_example","reading_verification|example_research","1","false","false","",""
"jp-41-saga-039","ぞーたん","佐賀県","杵島・藤津","indexable","B","P1","missing_reading","reading_verification","1","false","true","",""
"jp-41-saga-040","そいぎんた","佐賀県","杵島・藤津","indexable","B","P1","missing_reading","reading_verification","1","false","true","",""
"jp-41-saga-041","ちゃーがつか","佐賀県","杵島・藤津","indexable","B","P1","missing_reading","reading_verification","1","false","true","",""
"jp-41-saga-042","せからしか","佐賀県","杵島・藤津","indexable","B","P1","missing_reading","reading_verification","1","false","true","",""
"jp-41-saga-043","きゅうか～","佐賀県","杵島・藤津","indexable","C","P1","missing_reading|missing_example","reading_verification|example_research","1","false","false","",""
"jp-41-saga-044","おらぶ","佐賀県","杵島・藤津","indexable","C","P1","missing_reading|missing_example","reading_verification|example_research","1","false","false","",""
"jp-41-saga-045","よろいすっ","佐賀県","杵島・藤津","indexable","B","P1","missing_reading","reading_verification","1","false","true","",""
"jp-41-saga-046","ととしか","佐賀県","杵島・藤津","indexable","C","P1","missing_reading|missing_example","reading_verification|example_research","1","false","false","",""
"jp-41-saga-047","ひだるか","佐賀県","杵島・藤津","indexable","C","P1","missing_reading|missing_example","reading_verification|example_research","1","false","false","",""
"jp-41-saga-048","がぶろ","佐賀県","唐津・東松浦","indexable","C","P1","missing_reading|missing_example","reading_verification|example_research","1","false","false","",""
"jp-41-saga-049","ぎやりこ","佐賀県","唐津・東松浦","indexable","C","P1","missing_reading|missing_example","reading_verification|example_research","1","false","false","",""
"jp-41-saga-050","くちなわ","佐賀県","唐津・東松浦","indexable","C","P1","missing_reading|missing_example","reading_verification|example_research","1","false","false","",""
"jp-41-saga-051","しやんす","佐賀県","唐津・東松浦","indexable","C","P1","missing_reading|missing_example","reading_verification|example_research","1","false","false","",""
"jp-41-saga-052","ぞうぐり","佐賀県","唐津・東松浦","indexable","C","P1","missing_reading|missing_example","reading_verification|example_research","1","false","false","",""
"jp-41-saga-053","ちよんだり","佐賀県","唐津・東松浦","indexable","C","P1","missing_reading|missing_example","reading_verification|example_research","1","false","false","",""
"jp-41-saga-054","てれぱれん","佐賀県","唐津・東松浦","indexable","C","P1","missing_reading|missing_example","reading_verification|example_research","1","false","false","",""
"jp-41-saga-055","ねんじゅうさんぼ","佐賀県","唐津・東松浦","indexable","C","P1","missing_reading|missing_example","reading_verification|example_research","1","false","false","",""
"jp-11-saitama-001","かたす","埼玉県","東部","noindex","E","P2","missing_source","source_research|keep_noindex","0","true","true","","記録済み出典がないため、資料確認まで根拠を補完しない。 現時点ではnoindex維持を推奨。"
"jp-11-saitama-002","メカイゴ","埼玉県","東部","indexable","C","P1","missing_reading|missing_example","reading_verification|example_research","1","false","false","",""
"jp-11-saitama-003","コブシ","埼玉県","東部","indexable","C","P1","missing_reading|missing_example","reading_verification|example_research","1","false","false","",""
"jp-11-saitama-004","ボシ","埼玉県","東部","indexable","C","P1","missing_reading|missing_example","reading_verification|example_research","1","false","false","",""
"jp-11-saitama-005","ソトクロブシ","埼玉県","東部","indexable","C","P1","missing_reading|missing_example","reading_verification|example_research","1","false","false","",""
"jp-11-saitama-006","マミゲ","埼玉県","東部","indexable","C","P1","missing_reading|missing_example","reading_verification|example_research","1","false","false","",""
"jp-11-saitama-007","ミゲ","埼玉県","東部","indexable","C","P1","missing_reading|missing_example","reading_verification|example_research","1","false","false","",""
"jp-11-saitama-008","オタマ","埼玉県","東部","indexable","C","P1","missing_reading|missing_example","reading_verification|example_research","1","false","false","",""
"jp-11-saitama-009","オタマッコ","埼玉県","東部","indexable","C","P1","missing_reading|missing_example","reading_verification|example_research","1","false","false","",""
"jp-11-saitama-010","オタマグーロ","埼玉県","東部","indexable","C","P1","missing_reading|missing_example","reading_verification|example_research","1","false","false","",""
"jp-11-saitama-011","ゴンベー","埼玉県","東部","indexable","C","P1","missing_reading|missing_example","reading_verification|example_research","1","false","false","",""
"jp-11-saitama-012","カマキッチョ","埼玉県","東部","indexable","C","P1","missing_reading|missing_example","reading_verification|example_research","1","false","false","",""
"jp-11-saitama-013","ハラタチ","埼玉県","東部","indexable","C","P1","missing_reading|missing_example","reading_verification|example_research","1","false","false","",""
"jp-11-saitama-014","カマギッチョ","埼玉県","東部","indexable","C","P1","missing_reading|missing_example","reading_verification|example_research","1","false","false","",""
"jp-11-saitama-015","カガメッチョ","埼玉県","東部","indexable","C","P1","missing_reading|missing_example","reading_verification|example_research","1","false","false","",""
"jp-11-saitama-016","シカクナ","埼玉県","東部","indexable","C","P1","missing_reading|missing_example","reading_verification|example_research","1","false","false","",""
"jp-11-saitama-017","ナガシカクナ","埼玉県","東部","indexable","C","P1","missing_reading|missing_example","reading_verification|example_research","1","false","false","",""
"jp-11-saitama-018","チョーホーケーナ","埼玉県","東部","indexable","C","P1","missing_reading|missing_example","reading_verification|example_research","1","false","false","",""
"jp-11-saitama-019","カライ","埼玉県","東部","indexable","C","P1","missing_reading|missing_example","reading_verification|example_research","1","false","false","",""
"jp-11-saitama-020","ショッカライ","埼玉県","東部","indexable","C","P1","missing_reading|missing_example","reading_verification|example_research","1","false","false","",""
"jp-11-saitama-021","ショッパイ","埼玉県","東部","indexable","C","P1","missing_reading|missing_example","reading_verification|example_research","1","false","false","",""
"jp-11-saitama-022","シオッカライ","埼玉県","東部","indexable","C","P1","missing_reading|missing_example","reading_verification|example_research","1","false","false","",""
"jp-11-saitama-023","アマイ","埼玉県","東部","indexable","C","P1","missing_reading|missing_example","reading_verification|example_research","1","false","false","",""
"jp-11-saitama-024","ウスイ","埼玉県","東部","indexable","C","P1","missing_reading|missing_example","reading_verification|example_research","1","false","false","",""
"jp-11-saitama-025","カッタルイ","埼玉県","東部","indexable","C","P1","missing_reading|missing_example","reading_verification|example_research","1","false","false","",""
"jp-11-saitama-026","ケッタルイ","埼玉県","東部","indexable","C","P1","missing_reading|missing_example","reading_verification|example_research","1","false","false","",""
"jp-11-saitama-027","オチャントスル","埼玉県","東部","indexable","C","P1","missing_reading|missing_example","reading_verification|example_research","1","false","false","",""
"jp-11-saitama-028","オチャントスワル","埼玉県","東部","indexable","C","P1","missing_reading|missing_example","reading_verification|example_research","1","false","false","",""
"jp-11-saitama-029","カシコマル","埼玉県","東部","indexable","C","P1","missing_reading|missing_example","reading_verification|example_research","1","false","false","",""
"jp-11-saitama-030","アグラカク","埼玉県","東部","indexable","C","P1","missing_reading|missing_example","reading_verification|example_research","1","false","false","",""
"jp-11-saitama-031","ウッチャル","埼玉県","東部","indexable","C","P1","missing_reading|missing_example","reading_verification|example_research","1","false","false","",""
"jp-11-saitama-032","ホッポル","埼玉県","東部","indexable","C","P1","missing_reading|missing_example","reading_verification|example_research","1","false","false","",""
"jp-11-saitama-033","オブー","埼玉県","東部","indexable","C","P1","missing_reading|missing_example","reading_verification|example_research","1","false","false","",""
"jp-11-saitama-034","ブー","埼玉県","東部","indexable","C","P1","missing_reading|missing_example","reading_verification|example_research","1","false","false","",""
"jp-11-saitama-035","ブッチャル","埼玉県","東部","indexable","C","P1","missing_reading|missing_example","reading_verification|example_research","1","false","false","",""
"jp-11-saitama-036","ブッチャス","埼玉県","東部","indexable","C","P1","missing_reading|missing_example","reading_verification|example_research","1","false","false","",""
"jp-11-saitama-037","クッツグル","埼玉県","東部","indexable","C","P1","missing_reading|missing_example","reading_verification|example_research","1","false","false","",""
"jp-11-saitama-038","コチョコチョスル","埼玉県","東部","indexable","C","P1","missing_reading|missing_example","reading_verification|example_research","1","false","false","",""
"jp-11-saitama-039","ニオイカク","埼玉県","東部","indexable","C","P1","missing_reading|missing_example","reading_verification|example_research","1","false","false","",""
"jp-11-saitama-040","カク","埼玉県","東部","indexable","C","P1","missing_reading|missing_example","reading_verification|example_research","1","false","false","",""
"jp-11-saitama-041","メイトス","埼玉県","東部","indexable","C","P1","missing_reading|missing_example","reading_verification|example_research","1","false","false","",""
"jp-11-saitama-042","メイト","埼玉県","東部","indexable","C","P1","missing_reading|missing_example","reading_verification|example_research","1","false","false","",""
"jp-11-saitama-043","アタリバチ","埼玉県","東部","indexable","C","P1","missing_reading|missing_example","reading_verification|example_research","1","false","false","",""
"jp-11-saitama-044","シラジ","埼玉県","東部","indexable","C","P1","missing_reading|missing_example","reading_verification|example_research","1","false","false","",""
"jp-11-saitama-045","スリコギバチ","埼玉県","東部","indexable","C","P1","missing_reading|missing_example","reading_verification|example_research","1","false","false","",""
"jp-11-saitama-046","カラカミ","埼玉県","東部","indexable","C","P1","missing_reading|missing_example","reading_verification|example_research","1","false","false","",""
"jp-11-saitama-047","スマ","埼玉県","東部","indexable","C","P1","missing_reading|missing_example","reading_verification|example_research","1","false","false","",""
"jp-11-saitama-048","ウエキバ","埼玉県","東部","indexable","C","P1","missing_reading|missing_example","reading_verification|example_research","1","false","false","",""
"jp-11-saitama-049","ツボニワ","埼玉県","東部","indexable","C","P1","missing_reading|missing_example","reading_verification|example_research","1","false","false","",""
"jp-11-saitama-050","ヤシキウチ","埼玉県","東部","indexable","C","P1","missing_reading|missing_example","reading_verification|example_research","1","false","false","",""
"jp-11-saitama-051","ライサマ","埼玉県","東部","indexable","C","P1","missing_reading|missing_example","reading_verification|example_research","1","false","false","",""
"jp-11-saitama-052","ゴロゴロサマ","埼玉県","東部","indexable","C","P1","missing_reading|missing_example","reading_verification|example_research","1","false","false","",""
"jp-11-saitama-053","イナビカリ","埼玉県","東部","indexable","C","P1","missing_reading|missing_example","reading_verification|example_research","1","false","false","",""
"jp-11-saitama-054","オヒカリ","埼玉県","東部","indexable","C","P1","missing_reading|missing_example","reading_verification|example_research","1","false","false","",""
"jp-11-saitama-055","サガル","埼玉県","東部","indexable","C","P1","missing_reading|missing_example","reading_verification|example_research","1","false","false","",""
"jp-11-saitama-056","オシカリ","埼玉県","東部","indexable","C","P1","missing_reading|missing_example","reading_verification|example_research","1","false","false","",""
"jp-25-shiga-001","ほっこりする","滋賀県","湖東","noindex","E","P2","missing_source","source_research|keep_noindex","0","true","true","","記録済み出典がないため、資料確認まで根拠を補完しない。 現時点ではnoindex維持を推奨。"
"jp-25-shiga-002","ネヨ","滋賀県","湖南","indexable","B","P1","missing_reading","reading_verification","1","false","true","",""
"jp-25-shiga-003","ネヤイ","滋賀県","湖南","indexable","D","P0","missing_reading|possible_content_duplicate","reading_verification|duplicate_review","1","false","true","","重複は文字列・SEO一致に基づく候補であり、統合には地域差と原資料の人間確認が必要。"
"jp-25-shiga-004","アルカントカイ","滋賀県","湖南","indexable","B","P1","missing_reading","reading_verification","1","false","true","",""
"jp-25-shiga-005","ミーヒン","滋賀県","湖南","indexable","D","P0","missing_reading|possible_content_duplicate","reading_verification|duplicate_review","1","false","true","","重複は文字列・SEO一致に基づく候補であり、統合には地域差と原資料の人間確認が必要。"
"jp-25-shiga-006","ミヤヘン","滋賀県","湖南","indexable","B","P1","missing_reading","reading_verification","1","false","true","",""
"jp-25-shiga-007","ミーヒンタ","滋賀県","湖南","indexable","B","P1","missing_reading","reading_verification","1","false","true","",""
"jp-25-shiga-008","ヨンデヤル","滋賀県","湖南","indexable","B","P1","missing_reading","reading_verification","1","false","true","",""
"jp-25-shiga-009","カケヘン","滋賀県","湖南","indexable","B","P1","missing_reading","reading_verification","1","false","true","",""
"jp-25-shiga-010","メッチャ","滋賀県","湖南","indexable","B","P1","missing_reading","reading_verification","1","false","true","",""
"jp-25-shiga-011","タコー","滋賀県","湖南","indexable","B","P1","missing_reading","reading_verification","1","false","true","",""
"jp-25-shiga-012","キーヒン","滋賀県","湖南","indexable","B","P1","missing_reading","reading_verification","1","false","true","",""
"jp-25-shiga-013","ユーテタヤン","滋賀県","湖南","indexable","B","P1","missing_reading","reading_verification","1","false","true","",""
"jp-25-shiga-014","アッコ","滋賀県","湖南","indexable","B","P1","missing_reading","reading_verification","1","false","true","",""
"jp-25-shiga-015","カシチャル","滋賀県","湖南","indexable","B","P1","missing_reading","reading_verification","1","false","true","",""
"jp-25-shiga-016","イコヤー","滋賀県","湖南","indexable","B","P1","missing_reading","reading_verification","1","false","true","",""
"jp-25-shiga-017","ヤール","滋賀県","湖東","indexable","B","P1","missing_reading","reading_verification","1","false","true","",""
"jp-25-shiga-018","モンテカラ","滋賀県","湖東","indexable","B","P1","missing_reading","reading_verification","1","false","true","",""
"jp-25-shiga-019","ナンベンモ","滋賀県","湖東","indexable","B","P1","missing_reading","reading_verification","1","false","true","",""
"jp-25-shiga-020","ネヤイ","滋賀県","湖東","indexable","D","P0","missing_reading|possible_content_duplicate","reading_verification|duplicate_review","1","false","true","","重複は文字列・SEO一致に基づく候補であり、統合には地域差と原資料の人間確認が必要。"
"jp-25-shiga-021","アルキナヤ","滋賀県","湖東","indexable","B","P1","missing_reading","reading_verification","1","false","true","",""
"jp-25-shiga-022","ミーヒン","滋賀県","湖東","indexable","D","P0","missing_reading|possible_content_duplicate","reading_verification|duplicate_review","1","false","true","","重複は文字列・SEO一致に基づく候補であり、統合には地域差と原資料の人間確認が必要。"
"jp-25-shiga-023","ミヤヘン","滋賀県","湖東","indexable","B","P1","missing_reading","reading_verification","1","false","true","",""
"jp-25-shiga-024","ホンナ","滋賀県","湖東","indexable","B","P1","missing_reading","reading_verification","1","false","true","",""
"jp-25-shiga-025","ミヨラン","滋賀県","湖東","indexable","B","P1","missing_reading","reading_verification","1","false","true","",""
"jp-25-shiga-026","ワイ","滋賀県","湖東","indexable","B","P1","missing_reading","reading_verification","1","false","true","",""
"jp-25-shiga-027","ゴッツイ","滋賀県","湖東","indexable","B","P1","missing_reading","reading_verification","1","false","true","",""
"jp-25-shiga-028","オマン","滋賀県","湖東","indexable","D","P0","missing_reading|possible_content_duplicate","reading_verification|duplicate_review","1","false","true","","重複は文字列・SEO一致に基づく候補であり、統合には地域差と原資料の人間確認が必要。"
"jp-25-shiga-029","ホノ","滋賀県","湖東","indexable","B","P1","missing_reading","reading_verification","1","false","true","",""
"jp-25-shiga-030","ウットコ","滋賀県","湖東","indexable","B","P1","missing_reading","reading_verification","1","false","true","",""
"jp-25-shiga-031","イコマイ","滋賀県","湖東","indexable","B","P1","missing_reading","reading_verification","1","false","true","",""
"jp-25-shiga-032","ツレ","滋賀県","湖北","indexable","B","P1","missing_reading","reading_verification","1","false","true","",""
"jp-25-shiga-033","モンダラ","滋賀県","湖北","indexable","B","P1","missing_reading","reading_verification","1","false","true","",""
"jp-25-shiga-034","ネナ　アカンデ","滋賀県","湖北","indexable","B","P1","missing_reading","reading_verification","1","false","true","",""
"jp-25-shiga-035","サカイ","滋賀県","湖北","indexable","B","P1","missing_reading","reading_verification","1","false","true","",""
"jp-25-shiga-036","ミンワ","滋賀県","湖北","indexable","B","P1","missing_reading","reading_verification","1","false","true","",""
"jp-25-shiga-037","ミヤンセン","滋賀県","湖北","indexable","B","P1","missing_reading","reading_verification","1","false","true","",""
"jp-25-shiga-038","ミヤンセナンダ","滋賀県","湖北","indexable","B","P1","missing_reading","reading_verification","1","false","true","",""
"jp-25-shiga-039","ヨンデヤンス","滋賀県","湖北","indexable","B","P1","missing_reading","reading_verification","1","false","true","",""
"jp-25-shiga-040","イカサンタ","滋賀県","湖北","indexable","B","P1","missing_reading","reading_verification","1","false","true","",""
"jp-25-shiga-041","コマカイ","滋賀県","湖北","indexable","B","P1","missing_reading","reading_verification","1","false","true","",""
"jp-25-shiga-042","シマイマデ","滋賀県","湖北","indexable","B","P1","missing_reading","reading_verification","1","false","true","",""
"jp-25-shiga-043","コーテ","滋賀県","湖北","indexable","B","P1","missing_reading","reading_verification","1","false","true","",""
"jp-25-shiga-044","キャンセン","滋賀県","湖北","indexable","B","P1","missing_reading","reading_verification","1","false","true","",""
"jp-25-shiga-045","タノシコトナイ","滋賀県","湖北","indexable","B","P1","missing_reading","reading_verification","1","false","true","",""
"jp-25-shiga-046","オマン","滋賀県","湖北","indexable","D","P0","missing_reading|possible_content_duplicate","reading_verification|duplicate_review","1","false","true","","重複は文字列・SEO一致に基づく候補であり、統合には地域差と原資料の人間確認が必要。"
"jp-25-shiga-047","ネナ　アカン","滋賀県","湖西","indexable","C","P1","missing_reading|missing_example","reading_verification|example_research","1","false","false","",""
"jp-25-shiga-048","サケ","滋賀県","湖西","indexable","C","P1","missing_reading|missing_example","reading_verification|example_research","1","false","false","",""
"jp-25-shiga-049","アルクナー","滋賀県","湖西","indexable","C","P1","missing_reading|missing_example","reading_verification|example_research","1","false","false","",""
"jp-25-shiga-050","ヨンミョール","滋賀県","湖西","indexable","C","P1","missing_reading|missing_example","reading_verification|example_research","1","false","false","",""
"jp-25-shiga-051","アサマ","滋賀県","湖西","indexable","C","P1","missing_reading|missing_example","reading_verification|example_research","1","false","false","",""
"jp-25-shiga-052","テナモン","滋賀県","湖西","indexable","C","P1","missing_reading|missing_example","reading_verification|example_research","1","false","false","",""
"jp-25-shiga-053","ミヨラナンダ","滋賀県","湖西","indexable","C","P1","missing_reading|missing_example","reading_verification|example_research","1","false","false","",""
"jp-25-shiga-054","ノマイサ","滋賀県","湖西","indexable","C","P1","missing_reading|missing_example","reading_verification|example_research","1","false","false","",""
"jp-25-shiga-055","オドッタン","滋賀県","湖西","indexable","C","P1","missing_reading|missing_example","reading_verification|example_research","1","false","false","",""
"jp-25-shiga-056","オンジャン","滋賀県","湖西","indexable","C","P1","missing_reading|missing_example","reading_verification|example_research","1","false","false","",""
"jp-25-shiga-057","カッキョル","滋賀県","湖西","indexable","C","P1","missing_reading|missing_example","reading_verification|example_research","1","false","false","",""
"jp-25-shiga-058","ハイカラ","滋賀県","湖西","indexable","C","P1","missing_reading|missing_example","reading_verification|example_research","1","false","false","",""
"jp-25-shiga-059","センチ","滋賀県","湖西","indexable","C","P1","missing_reading|missing_example","reading_verification|example_research","1","false","false","",""
"jp-25-shiga-060","ワルゲシキ","滋賀県","湖西","indexable","C","P1","missing_reading|missing_example","reading_verification|example_research","1","false","false","",""
"jp-25-shiga-061","ホット","滋賀県","湖西","indexable","C","P1","missing_reading|missing_example","reading_verification|example_research","1","false","false","",""
"jp-32-shimane-001","だんだん","島根県","出雲地域","indexable","C","P1","missing_reading|missing_example","reading_verification|example_research","2","false","false","",""
"jp-32-shimane-002","ズーサン","島根県","出雲地域","indexable","B","P1","missing_example","example_research","1","true","false","",""
"jp-32-shimane-003","エネ","島根県","出雲地域","indexable","B","P1","missing_example","example_research","1","true","false","",""
"jp-32-shimane-004","ボサイク","島根県","出雲地域","indexable","B","P1","missing_example","example_research","1","true","false","",""
"jp-32-shimane-005","シェンシェー","島根県","出雲地域","indexable","B","P1","missing_example","example_research","1","true","false","",""
"jp-32-shimane-006","ジェニ","島根県","出雲地域","indexable","B","P1","missing_example","example_research","1","true","false","",""
"jp-32-shimane-007","クワズ","島根県","出雲地域","indexable","B","P1","missing_example","example_research","1","true","false","",""
"jp-32-shimane-008","エイグワ","島根県","出雲地域","indexable","B","P1","missing_example","example_research","1","true","false","",""
"jp-32-shimane-009","かんなー","島根県","出雲地域","indexable","B","P1","missing_example","example_research","1","true","false","",""
"jp-32-shimane-010","かんなさん","島根県","出雲地域","indexable","B","P1","missing_example","example_research","1","true","false","",""
"jp-32-shimane-011","ばげかた","島根県","出雲地域","indexable","B","P1","missing_example","example_research","1","true","false","",""
"jp-32-shimane-012","よんべがた","島根県","出雲地域","indexable","B","P1","missing_example","example_research","1","true","false","",""
"jp-32-shimane-013","ばんげ","島根県","出雲地域","indexable","B","P1","missing_example","example_research","1","true","false","",""
"jp-32-shimane-014","てんこ","島根県","出雲地域","indexable","B","P1","missing_example","example_research","1","true","false","",""
"jp-32-shimane-015","てんこつ","島根県","出雲地域","indexable","B","P1","missing_example","example_research","1","true","false","",""
"jp-32-shimane-016","おとご","島根県","出雲地域","indexable","B","P1","missing_example","example_research","1","true","false","",""
"jp-32-shimane-017","おとんぼ","島根県","出雲地域","indexable","B","P1","missing_example","example_research","1","true","false","",""
"jp-32-shimane-018","いきゃー","島根県","出雲地域","indexable","B","P1","missing_reading","reading_verification","1","false","true","",""
"jp-32-shimane-019","くーだわ","島根県","出雲地域","indexable","B","P1","missing_reading","reading_verification","1","false","true","",""
"jp-32-shimane-020","はやこと","島根県","出雲地域","indexable","B","P1","missing_reading","reading_verification","1","false","true","",""
"jp-32-shimane-021","こらかー","島根県","出雲地域","indexable","B","P1","missing_reading","reading_verification","1","false","true","",""
"jp-32-shimane-022","おわえこー","島根県","石見地域","indexable","C","P1","missing_reading|missing_example","reading_verification|example_research","1","false","false","",""
"jp-32-shimane-023","おんさるかなー","島根県","石見地域","indexable","C","P1","missing_reading|missing_example","reading_verification|example_research","1","false","false","",""
"jp-32-shimane-024","さいちん","島根県","石見地域","indexable","C","P1","missing_reading|missing_example","reading_verification|example_research","1","false","false","",""
"jp-32-shimane-025","さいちんやく","島根県","石見地域","indexable","C","P1","missing_reading|missing_example","reading_verification|example_research","1","false","false","",""
"jp-32-shimane-026","さえん","島根県","石見地域","indexable","C","P1","missing_reading|missing_example","reading_verification|example_research","1","false","false","",""
"jp-32-shimane-027","さえん","島根県","石見地域","indexable","C","P1","missing_reading|missing_example","reading_verification|example_research","1","false","false","",""
"jp-32-shimane-028","なおす","島根県","石見地域","indexable","C","P1","missing_reading|missing_example","reading_verification|example_research","1","false","false","",""
"jp-32-shimane-029","なして","島根県","石見地域","indexable","C","P1","missing_reading|missing_example","reading_verification|example_research","1","false","false","",""
"jp-32-shimane-030","ちゃをはえる","島根県","石見地域","indexable","C","P1","missing_reading|missing_example","reading_verification|example_research","1","false","false","",""
"jp-32-shimane-031","はしかいい","島根県","石見地域","indexable","C","P1","missing_reading|missing_example","reading_verification|example_research","1","false","false","",""
"jp-32-shimane-032","はしる","島根県","石見地域","indexable","C","P1","missing_reading|missing_example","reading_verification|example_research","1","false","false","",""
"jp-32-shimane-033","たいがたい","島根県","石見地域","indexable","C","P1","missing_reading|missing_example","reading_verification|example_research","1","false","false","",""
"jp-32-shimane-034","たお","島根県","石見地域","indexable","C","P1","missing_reading|missing_example","reading_verification|example_research","1","false","false","",""
"jp-32-shimane-035","たかなっとる","島根県","石見地域","indexable","C","P1","missing_reading|missing_example","reading_verification|example_research","1","false","false","",""
"jp-32-shimane-036","まくれる","島根県","石見地域","indexable","C","P1","missing_reading|missing_example","reading_verification|example_research","1","false","false","",""
"jp-32-shimane-037","またきちゃんさい","島根県","石見地域","indexable","C","P1","missing_reading|missing_example","reading_verification|example_research","1","false","false","",""
"jp-32-shimane-038","ろしない","島根県","石見地域","indexable","C","P1","missing_reading|missing_example","reading_verification|example_research","1","false","false","",""
"jp-32-shimane-039","ごいせ","島根県","石見地域","indexable","C","P1","missing_reading|missing_example","reading_verification|example_research","1","false","false","",""
"jp-32-shimane-040","あんじょー","島根県","石見地域","indexable","C","P1","missing_reading|missing_example","reading_verification|example_research","1","false","false","",""
"jp-32-shimane-041","あんじょー","島根県","石見地域","indexable","C","P1","missing_reading|missing_example","reading_verification|example_research","1","false","false","",""
"jp-32-shimane-042","チート","島根県","隠岐諸島","indexable","B","P1","missing_example","example_research","1","true","false","",""
"jp-32-shimane-043","ハイエー","島根県","隠岐諸島","indexable","B","P1","missing_example","example_research","1","true","false","",""
"jp-32-shimane-044","ハヤエー","島根県","隠岐諸島","indexable","B","P1","missing_example","example_research","1","true","false","",""
"jp-32-shimane-045","エット","島根県","隠岐諸島","indexable","B","P1","missing_example","example_research","1","true","false","",""
"jp-32-shimane-046","ガイナ","島根県","隠岐諸島","indexable","B","P1","missing_example","example_research","1","true","false","",""
"jp-32-shimane-047","ドーント","島根県","隠岐諸島","indexable","B","P1","missing_example","example_research","1","true","false","",""
"jp-32-shimane-048","マット","島根県","隠岐諸島","indexable","B","P1","missing_example","example_research","1","true","false","",""
"jp-32-shimane-049","チンカモ","島根県","隠岐諸島","noindex","D","P2","missing_reading|duplicate_seo","reading_verification|duplicate_review|seo_metadata_review|keep_noindex","1","false","true","title-2|description-3","重複は文字列・SEO一致に基づく候補であり、統合には地域差と原資料の人間確認が必要。 現時点ではnoindex維持を推奨。"
"jp-32-shimane-050","チンカモ","島根県","隠岐諸島","noindex","D","P2","missing_reading|duplicate_seo","reading_verification|duplicate_review|seo_metadata_review|keep_noindex","1","false","true","title-2|description-3","重複は文字列・SEO一致に基づく候補であり、統合には地域差と原資料の人間確認が必要。 現時点ではnoindex維持を推奨。"
"jp-32-shimane-051","しゃばる","島根県","隠岐諸島","indexable","C","P1","missing_reading|missing_example","reading_verification|example_research","1","false","false","",""
"jp-32-shimane-052","チャノコ","島根県","隠岐諸島","indexable","C","P1","missing_reading|missing_example","reading_verification|example_research","1","false","false","",""
"jp-32-shimane-053","ツンをカウ","島根県","隠岐諸島","indexable","C","P1","missing_reading|missing_example","reading_verification|example_research","1","false","false","",""
"jp-32-shimane-054","ジゲシゴト","島根県","隠岐諸島","indexable","C","P1","missing_reading|missing_example","reading_verification|example_research","1","false","false","",""
"jp-32-shimane-055","オジ","島根県","隠岐諸島","indexable","C","P1","missing_reading|missing_example","reading_verification|example_research","1","false","false","",""
"jp-32-shimane-056","がい","島根県","隠岐諸島","indexable","B","P1","missing_reading","reading_verification","1","false","true","",""
"jp-32-shimane-057","ちょいちょい","島根県","隠岐諸島","indexable","B","P1","missing_reading","reading_verification","1","false","true","",""
"jp-32-shimane-058","ええだわい","島根県","隠岐諸島","indexable","B","P1","missing_reading","reading_verification","1","false","true","",""
"jp-32-shimane-059","ごせ","島根県","隠岐諸島","indexable","B","P1","missing_reading","reading_verification","1","false","true","",""
"jp-32-shimane-060","なんかしぃ","島根県","隠岐諸島","indexable","C","P1","missing_reading|missing_example","reading_verification|example_research","1","false","false","",""
"jp-32-shimane-061","アサリ","島根県","隠岐諸島","indexable","C","P1","missing_reading|missing_example","reading_verification|example_research","1","false","false","",""
"jp-32-shimane-062","くろや","島根県","隠岐諸島","indexable","C","P1","missing_reading|missing_example","reading_verification|example_research","1","false","false","",""
"jp-22-shizuoka-001","だら","静岡県","中部","noindex","E","P2","missing_source","source_research|keep_noindex","0","true","true","","記録済み出典がないため、資料確認まで根拠を補完しない。 現時点ではnoindex維持を推奨。"
"jp-22-shizuoka-002","いな","静岡県","中部","indexable","A","P3","","manual_editor_review","1","true","true","",""
"jp-22-shizuoka-003","おくう","静岡県","中部","indexable","A","P3","","manual_editor_review","1","true","true","",""
"jp-22-shizuoka-004","ちょびちょびする","静岡県","中部","indexable","A","P3","","manual_editor_review","1","true","true","",""
"jp-22-shizuoka-005","ならい","静岡県","中部","indexable","A","P3","","manual_editor_review","1","true","true","",""
"jp-22-shizuoka-006","われ","静岡県","中部","indexable","A","P3","","manual_editor_review","1","true","true","",""
"jp-22-shizuoka-007","いいからかん","静岡県","中部","indexable","A","P3","","manual_editor_review","1","true","true","",""
"jp-22-shizuoka-008","いかい","静岡県","中部","indexable","A","P3","","manual_editor_review","1","true","true","",""
"jp-22-shizuoka-009","行かすか","静岡県","中部","indexable","A","P3","","manual_editor_review","1","true","true","",""
"jp-22-shizuoka-010","いと","静岡県","中部","indexable","A","P3","","manual_editor_review","1","true","true","",""
"jp-22-shizuoka-011","つらます","静岡県","中部","indexable","A","P3","","manual_editor_review","1","true","true","",""
"jp-22-shizuoka-012","でえ","静岡県","中部","indexable","A","P3","","manual_editor_review","1","true","true","",""
"jp-22-shizuoka-013","なるい","静岡県","中部","indexable","A","P3","","manual_editor_review","1","true","true","",""
"jp-22-shizuoka-014","のっつそっつ","静岡県","中部","indexable","A","P3","","manual_editor_review","1","true","true","",""
"jp-22-shizuoka-015","めえ行く","静岡県","中部","indexable","A","P3","","manual_editor_review","1","true","true","",""
"jp-22-shizuoka-016","みるい","静岡県","中部","indexable","A","P3","","manual_editor_review","1","true","true","",""
"jp-22-shizuoka-017","かあかあしい","静岡県","中部","indexable","A","P3","","manual_editor_review","1","true","true","",""
"jp-22-shizuoka-018","かあばる","静岡県","中部","indexable","A","P3","","manual_editor_review","1","true","true","",""
"jp-22-shizuoka-019","かじくる","静岡県","中部","indexable","A","P3","","manual_editor_review","1","true","true","",""
"jp-22-shizuoka-020","…かしん","静岡県","中部","indexable","A","P3","","manual_editor_review","1","true","true","",""
"jp-22-shizuoka-021","かっちめる","静岡県","中部","indexable","A","P3","","manual_editor_review","1","true","true","",""
"jp-22-shizuoka-022","キイッツイ","静岡県","中部","indexable","A","P3","","manual_editor_review","1","true","true","",""
"jp-22-shizuoka-023","くすぐ","静岡県","中部","indexable","A","P3","","manual_editor_review","1","true","true","",""
"jp-22-shizuoka-024","ぐらす","静岡県","中部","indexable","A","P3","","manual_editor_review","1","true","true","",""
"jp-22-shizuoka-025","くろ","静岡県","中部","indexable","A","P3","","manual_editor_review","1","true","true","",""
"jp-22-shizuoka-026","ごう","静岡県","中部","indexable","A","P3","","manual_editor_review","1","true","true","",""
"jp-22-shizuoka-027","…ざあ","静岡県","中部","indexable","A","P3","","manual_editor_review","1","true","true","",""
"jp-22-shizuoka-028","ささらほうさら","静岡県","中部","indexable","A","P3","","manual_editor_review","1","true","true","",""
"jp-22-shizuoka-029","…しがつら","静岡県","中部","indexable","A","P3","","manual_editor_review","1","true","true","",""
"jp-22-shizuoka-030","しなべる","静岡県","中部","indexable","A","P3","","manual_editor_review","1","true","true","",""
"jp-22-shizuoka-031","ジュルイ","静岡県","中部","indexable","A","P3","","manual_editor_review","1","true","true","",""
"jp-22-shizuoka-032","しょづむ","静岡県","中部","indexable","A","P3","","manual_editor_review","1","true","true","",""
"jp-22-shizuoka-033","しょんばい","静岡県","中部","indexable","A","P3","","manual_editor_review","1","true","true","",""
"jp-22-shizuoka-034","シラ","静岡県","中部","indexable","A","P3","","manual_editor_review","1","true","true","",""
"jp-22-shizuoka-035","すどんこ","静岡県","中部","indexable","A","P3","","manual_editor_review","1","true","true","",""
"jp-22-shizuoka-036","せばらったい","静岡県","中部","indexable","A","P3","","manual_editor_review","1","true","true","",""
"jp-22-shizuoka-037","はだって","静岡県","中部","indexable","A","P3","","manual_editor_review","1","true","true","",""
"jp-22-shizuoka-038","はなけ","静岡県","中部","indexable","A","P3","","manual_editor_review","1","true","true","",""
"jp-22-shizuoka-039","ばんげんしま","静岡県","中部","indexable","A","P3","","manual_editor_review","1","true","true","",""
"jp-22-shizuoka-040","ひずらしい","静岡県","中部","indexable","A","P3","","manual_editor_review","1","true","true","",""
"jp-22-shizuoka-041","ひやかす","静岡県","中部","indexable","A","P3","","manual_editor_review","1","true","true","",""
"jp-22-shizuoka-042","ヒューケンボウ","静岡県","中部","indexable","A","P3","","manual_editor_review","1","true","true","",""
"jp-22-shizuoka-043","ひょうきん","静岡県","中部","indexable","A","P3","","manual_editor_review","1","true","true","",""
"jp-22-shizuoka-044","ぶしょったい","静岡県","中部","indexable","A","P3","","manual_editor_review","1","true","true","",""
"jp-22-shizuoka-045","ふぬく","静岡県","中部","indexable","A","P3","","manual_editor_review","1","true","true","",""
"jp-22-shizuoka-046","べんかんべんかん","静岡県","中部","indexable","A","P3","","manual_editor_review","1","true","true","",""
"jp-22-shizuoka-047","ばね","静岡県","中部","indexable","A","P3","","manual_editor_review","1","true","true","",""
"jp-22-shizuoka-048","はりこんぼう","静岡県","中部","indexable","A","P3","","manual_editor_review","1","true","true","",""
"jp-22-shizuoka-049","ひなる","静岡県","中部","indexable","A","P3","","manual_editor_review","1","true","true","",""
"jp-22-shizuoka-050","ひやっこい","静岡県","中部","indexable","A","P3","","manual_editor_review","1","true","true","",""
"jp-22-shizuoka-051","ひりくっつく","静岡県","中部","indexable","A","P3","","manual_editor_review","1","true","true","",""
"jp-22-shizuoka-052","ぶそくる","静岡県","中部","indexable","A","P3","","manual_editor_review","1","true","true","",""
"jp-22-shizuoka-053","ぶっぱらい","静岡県","中部","indexable","A","P3","","manual_editor_review","1","true","true","",""
"jp-22-shizuoka-054","ふんずばす","静岡県","中部","indexable","A","P3","","manual_editor_review","1","true","true","",""
"jp-22-shizuoka-055","ふんだらげ","静岡県","中部","indexable","A","P3","","manual_editor_review","1","true","true","",""
"jp-22-shizuoka-056","ぺったん","静岡県","中部","indexable","A","P3","","manual_editor_review","1","true","true","",""
"jp-22-shizuoka-057","かーりばんこ","静岡県","中部","indexable","A","P3","","manual_editor_review","1","true","true","",""
"jp-22-shizuoka-058","かしいでる","静岡県","中部","indexable","A","P3","","manual_editor_review","1","true","true","",""
"jp-22-shizuoka-059","かたなめし","静岡県","中部","indexable","A","P3","","manual_editor_review","1","true","true","",""
"jp-22-shizuoka-060","カツージャ","静岡県","中部","indexable","A","P3","","manual_editor_review","1","true","true","",""
"jp-22-shizuoka-061","がったり","静岡県","中部","indexable","A","P3","","manual_editor_review","1","true","true","",""
"jp-22-shizuoka-062","かっちんだま","静岡県","中部","indexable","A","P3","","manual_editor_review","1","true","true","",""
"jp-22-shizuoka-063","がとう","静岡県","中部","indexable","A","P3","","manual_editor_review","1","true","true","",""
"jp-22-shizuoka-064","かやっさ","静岡県","中部","indexable","A","P3","","manual_editor_review","1","true","true","",""
"jp-22-shizuoka-065","がらいか","静岡県","中部","indexable","A","P3","","manual_editor_review","1","true","true","",""
"jp-22-shizuoka-066","かんじかなる","静岡県","中部","indexable","A","P3","","manual_editor_review","1","true","true","",""
"jp-22-shizuoka-067","ガータリカァーッテ","静岡県","中部","indexable","A","P3","","manual_editor_review","1","true","true","",""
"jp-22-shizuoka-068","があなりかあってる","静岡県","中部","indexable","A","P3","","manual_editor_review","1","true","true","",""
"jp-22-shizuoka-069","きーない","静岡県","中部","indexable","A","P3","","manual_editor_review","1","true","true","",""
"jp-22-shizuoka-070","きみっつらあえぇ","静岡県","中部","indexable","A","P3","","manual_editor_review","1","true","true","",""
"jp-22-shizuoka-071","きょうら","静岡県","中部","indexable","A","P3","","manual_editor_review","1","true","true","",""
"jp-22-shizuoka-072","きもをいらせる","静岡県","中部","indexable","A","P3","","manual_editor_review","1","true","true","",""
"jp-22-shizuoka-073","きんの","静岡県","中部","indexable","A","P3","","manual_editor_review","1","true","true","",""
"jp-22-shizuoka-074","くすがる","静岡県","中部","indexable","A","P3","","manual_editor_review","1","true","true","",""
"jp-22-shizuoka-075","ぐるさんぐるさん","静岡県","中部","indexable","A","P3","","manual_editor_review","1","true","true","",""
"jp-22-shizuoka-076","けっこう","静岡県","中部","indexable","A","P3","","manual_editor_review","1","true","true","",""
"jp-22-shizuoka-077","たぁぶれる","静岡県","中部","indexable","A","P3","","manual_editor_review","1","true","true","",""
"jp-22-shizuoka-078","たーんと","静岡県","中部","indexable","A","P3","","manual_editor_review","1","true","true","",""
"jp-22-shizuoka-079","だいじもんじ","静岡県","中部","indexable","A","P3","","manual_editor_review","1","true","true","",""
"jp-22-shizuoka-080","たつ","静岡県","中部","indexable","A","P3","","manual_editor_review","1","true","true","",""
"jp-22-shizuoka-081","…だっちょう","静岡県","中部","indexable","A","P3","","manual_editor_review","1","true","true","",""
"jp-22-shizuoka-082","だで","静岡県","中部","indexable","A","P3","","manual_editor_review","1","true","true","",""
"jp-22-shizuoka-083","ちーっとらっつ","静岡県","中部","indexable","A","P3","","manual_editor_review","1","true","true","",""
"jp-22-shizuoka-084","ちいよんえっ","静岡県","中部","indexable","A","P3","","manual_editor_review","1","true","true","",""
"jp-22-shizuoka-085","ちっくない","静岡県","中部","indexable","A","P3","","manual_editor_review","1","true","true","",""
"jp-22-shizuoka-086","ちみくる","静岡県","中部","indexable","A","P3","","manual_editor_review","1","true","true","",""
"jp-22-shizuoka-087","ちったー","静岡県","中部","indexable","A","P3","","manual_editor_review","1","true","true","",""
"jp-22-shizuoka-089","ちょーらかす","静岡県","中部","indexable","A","P3","","manual_editor_review","1","true","true","",""
"jp-22-shizuoka-090","ちんちんこめ","静岡県","中部","indexable","A","P3","","manual_editor_review","1","true","true","",""
"jp-22-shizuoka-091","ちんびくたい","静岡県","中部","indexable","A","P3","","manual_editor_review","1","true","true","",""
"jp-22-shizuoka-092","ちんぶりかく","静岡県","中部","indexable","A","P3","","manual_editor_review","1","true","true","",""
"jp-22-shizuoka-093","つかます","静岡県","中部","indexable","A","P3","","manual_editor_review","1","true","true","",""
"jp-22-shizuoka-094","つっからかす","静岡県","中部","indexable","A","P3","","manual_editor_review","1","true","true","",""
"jp-22-shizuoka-095","づない","静岡県","中部","indexable","A","P3","","manual_editor_review","1","true","true","",""
"jp-22-shizuoka-096","…つら","静岡県","中部","indexable","A","P3","","manual_editor_review","1","true","true","",""
"jp-22-shizuoka-098","つんつるてん","静岡県","中部","indexable","A","P3","","manual_editor_review","1","true","true","",""
"jp-22-shizuoka-100","でがある","静岡県","中部","indexable","A","P3","","manual_editor_review","1","true","true","",""
"jp-22-shizuoka-101","てつけてがえない","静岡県","中部","indexable","A","P3","","manual_editor_review","1","true","true","",""
"jp-22-shizuoka-102","てんがけ","静岡県","中部","indexable","A","P3","","manual_editor_review","1","true","true","",""
"jp-22-shizuoka-103","てんこちょ","静岡県","中部","indexable","A","P3","","manual_editor_review","1","true","true","",""
"jp-22-shizuoka-104","てんだう","静岡県","中部","indexable","A","P3","","manual_editor_review","1","true","true","",""
"jp-22-shizuoka-105","てんでっこ","静岡県","中部","indexable","A","P3","","manual_editor_review","1","true","true","",""
"jp-22-shizuoka-106","とおさんべえ","静岡県","中部","indexable","A","P3","","manual_editor_review","1","true","true","",""
"jp-22-shizuoka-107","とかじる","静岡県","中部","indexable","A","P3","","manual_editor_review","1","true","true","",""
"jp-22-shizuoka-108","どこうら","静岡県","中部","indexable","A","P3","","manual_editor_review","1","true","true","",""
"jp-22-shizuoka-109","とっつきひっつき","静岡県","中部","indexable","A","P3","","manual_editor_review","1","true","true","",""
"jp-22-shizuoka-110","とびっくら","静岡県","中部","indexable","A","P3","","manual_editor_review","1","true","true","",""
"jp-22-shizuoka-111","どべっかす","静岡県","中部","indexable","A","P3","","manual_editor_review","1","true","true","",""
"jp-22-shizuoka-112","どんかい","静岡県","中部","indexable","A","P3","","manual_editor_review","1","true","true","",""
"jp-22-shizuoka-113","なかまっこ","静岡県","中部","indexable","A","P3","","manual_editor_review","1","true","true","",""
"jp-22-shizuoka-114","なにっか","静岡県","中部","indexable","A","P3","","manual_editor_review","1","true","true","",""
"jp-22-shizuoka-115","なりき","静岡県","中部","indexable","A","P3","","manual_editor_review","1","true","true","",""
"jp-22-shizuoka-116","ぬくとい","静岡県","中部","indexable","A","P3","","manual_editor_review","1","true","true","",""
"jp-22-shizuoka-117","ねーたたかす","静岡県","中部","indexable","A","P3","","manual_editor_review","1","true","true","",""
"jp-22-shizuoka-118","ねえる","静岡県","中部","indexable","A","P3","","manual_editor_review","1","true","true","",""
"jp-22-shizuoka-119","ねこんざい","静岡県","中部","indexable","A","P3","","manual_editor_review","1","true","true","",""
"jp-22-shizuoka-120","ねぶったい","静岡県","中部","indexable","A","P3","","manual_editor_review","1","true","true","",""
"jp-22-shizuoka-121","のす","静岡県","中部","indexable","A","P3","","manual_editor_review","1","true","true","",""
"jp-22-shizuoka-122","のっこす","静岡県","中部","indexable","A","P3","","manual_editor_review","1","true","true","",""
"jp-22-shizuoka-123","のま","静岡県","中部","indexable","A","P3","","manual_editor_review","1","true","true","",""
"jp-22-shizuoka-124","のろこくた","静岡県","中部","indexable","A","P3","","manual_editor_review","1","true","true","",""
"jp-22-shizuoka-125","のんばめる","静岡県","中部","indexable","A","P3","","manual_editor_review","1","true","true","",""
"jp-22-shizuoka-126","はあ","静岡県","中部","indexable","A","P3","","manual_editor_review","1","true","true","",""
"jp-22-shizuoka-127","ばっか","静岡県","中部","indexable","A","P3","","manual_editor_review","1","true","true","",""
"jp-22-shizuoka-128","はなっから","静岡県","中部","indexable","A","P3","","manual_editor_review","1","true","true","",""
"jp-22-shizuoka-129","はなる","静岡県","中部","indexable","A","P3","","manual_editor_review","1","true","true","",""
"jp-22-shizuoka-130","ばんたび","静岡県","中部","indexable","A","P3","","manual_editor_review","1","true","true","",""
"jp-22-shizuoka-131","ひっちばる","静岡県","中部","indexable","A","P3","","manual_editor_review","1","true","true","",""
"jp-22-shizuoka-132","ひっぽかす","静岡県","中部","indexable","A","P3","","manual_editor_review","1","true","true","",""
"jp-22-shizuoka-133","ひまっさい","静岡県","中部","indexable","A","P3","","manual_editor_review","1","true","true","",""
"jp-22-shizuoka-134","びりだら","静岡県","中部","indexable","A","P3","","manual_editor_review","1","true","true","",""
"jp-22-shizuoka-135","ひろひろ","静岡県","中部","indexable","A","P3","","manual_editor_review","1","true","true","",""
"jp-22-shizuoka-136","へえび","静岡県","中部","indexable","A","P3","","manual_editor_review","1","true","true","",""
"jp-22-shizuoka-137","へこまかす","静岡県","中部","indexable","A","P3","","manual_editor_review","1","true","true","",""
"jp-22-shizuoka-138","へさえる","静岡県","中部","indexable","A","P3","","manual_editor_review","1","true","true","",""
"jp-22-shizuoka-139","へったくたー","静岡県","中部","indexable","A","P3","","manual_editor_review","1","true","true","",""
"jp-22-shizuoka-140","べろくた","静岡県","中部","indexable","A","P3","","manual_editor_review","1","true","true","",""
"jp-22-shizuoka-142","ふんずばず","静岡県","中部","indexable","A","P3","","manual_editor_review","1","true","true","",""
"jp-22-shizuoka-143","ほおたん","静岡県","中部","indexable","A","P3","","manual_editor_review","1","true","true","",""
"jp-22-shizuoka-144","ほーちょん","静岡県","中部","indexable","A","P3","","manual_editor_review","1","true","true","",""
"jp-22-shizuoka-145","ぼっこい","静岡県","中部","indexable","A","P3","","manual_editor_review","1","true","true","",""
"jp-22-shizuoka-146","ほてっぱら","静岡県","中部","indexable","A","P3","","manual_editor_review","1","true","true","",""
"jp-22-shizuoka-147","ぼいっくら","静岡県","中部","indexable","A","P3","","manual_editor_review","1","true","true","",""
"jp-22-shizuoka-148","ぽんぽん","静岡県","中部","indexable","A","P3","","manual_editor_review","1","true","true","",""
"jp-22-shizuoka-149","やいやい","静岡県","中部","indexable","A","P3","","manual_editor_review","1","true","true","",""
"jp-22-shizuoka-150","やくたいもない","静岡県","中部","indexable","A","P3","","manual_editor_review","1","true","true","",""
"jp-22-shizuoka-151","やっきり","静岡県","中部","indexable","A","P3","","manual_editor_review","1","true","true","",""
"jp-22-shizuoka-152","やだこいて","静岡県","中部","indexable","A","P3","","manual_editor_review","1","true","true","",""
"jp-22-shizuoka-153","やぶせったい","静岡県","中部","indexable","A","P3","","manual_editor_review","1","true","true","",""
"jp-22-shizuoka-154","やんなり","静岡県","中部","indexable","A","P3","","manual_editor_review","1","true","true","",""
"jp-22-shizuoka-155","ゆういと","静岡県","中部","indexable","A","P3","","manual_editor_review","1","true","true","",""
"jp-22-shizuoka-156","よしゃーえーに","静岡県","中部","indexable","A","P3","","manual_editor_review","1","true","true","",""
"jp-22-shizuoka-157","よっぴてー","静岡県","中部","indexable","A","P3","","manual_editor_review","1","true","true","",""
"jp-22-shizuoka-158","よんわくたい","静岡県","中部","indexable","A","P3","","manual_editor_review","1","true","true","",""
"jp-22-shizuoka-159","らちんあかない","静岡県","中部","indexable","A","P3","","manual_editor_review","1","true","true","",""
"jp-22-shizuoka-160","らっかい","静岡県","中部","indexable","A","P3","","manual_editor_review","1","true","true","",""
"jp-22-shizuoka-161","りょーくろ","静岡県","中部","indexable","A","P3","","manual_editor_review","1","true","true","",""
"jp-22-shizuoka-162","ろくさっぽ","静岡県","中部","indexable","A","P3","","manual_editor_review","1","true","true","",""
"jp-22-shizuoka-163","わきゃーない","静岡県","中部","indexable","A","P3","","manual_editor_review","1","true","true","",""
"jp-22-shizuoka-164","わりかし","静岡県","中部","indexable","A","P3","","manual_editor_review","1","true","true","",""
"jp-22-shizuoka-165","まあし","静岡県","中部","indexable","A","P3","","manual_editor_review","1","true","true","",""
"jp-22-shizuoka-166","まじくる","静岡県","中部","indexable","A","P3","","manual_editor_review","1","true","true","",""
"jp-22-shizuoka-167","まちょー","静岡県","中部","indexable","A","P3","","manual_editor_review","1","true","true","",""
"jp-22-shizuoka-168","まやす","静岡県","中部","indexable","A","P3","","manual_editor_review","1","true","true","",""
"jp-22-shizuoka-169","まるける","静岡県","中部","indexable","A","P3","","manual_editor_review","1","true","true","",""
"jp-22-shizuoka-170","みしくる","静岡県","中部","indexable","A","P3","","manual_editor_review","1","true","true","",""
"jp-22-shizuoka-171","みしょう","静岡県","中部","indexable","A","P3","","manual_editor_review","1","true","true","",""
"jp-22-shizuoka-172","みっかん","静岡県","中部","indexable","A","P3","","manual_editor_review","1","true","true","",""
"jp-22-shizuoka-173","むくる","静岡県","中部","indexable","A","P3","","manual_editor_review","1","true","true","",""
"jp-22-shizuoka-174","めこんじき","静岡県","中部","indexable","A","P3","","manual_editor_review","1","true","true","",""
"jp-22-shizuoka-175","めぇる","静岡県","中部","indexable","A","P3","","manual_editor_review","1","true","true","",""
"jp-22-shizuoka-176","めたくた","静岡県","中部","indexable","A","P3","","manual_editor_review","1","true","true","",""
"jp-22-shizuoka-177","もめくりけぇる","静岡県","中部","indexable","A","P3","","manual_editor_review","1","true","true","",""
"jp-22-shizuoka-178","あーぬく","静岡県","中部","indexable","A","P3","","manual_editor_review","1","true","true","",""
"jp-22-shizuoka-179","あぁべっきゃあ","静岡県","中部","noindex","E","P2","publication_basis_review","candidate_for_index","1","true","true","","表示項目は揃っているが、公開根拠・確認状態の編集審査が必要なindex候補。公開状態は未変更。"
"jp-22-shizuoka-180","あーんでく","静岡県","中部","indexable","A","P3","","manual_editor_review","1","true","true","",""
"jp-22-shizuoka-181","あしんど","静岡県","中部","indexable","A","P3","","manual_editor_review","1","true","true","",""
"jp-22-shizuoka-182","あっかんまっかん","静岡県","中部","indexable","A","P3","","manual_editor_review","1","true","true","",""
"jp-22-shizuoka-183","あてこともない","静岡県","中部","indexable","A","P3","","manual_editor_review","1","true","true","",""
"jp-22-shizuoka-184","あばらう","静岡県","中部","indexable","A","P3","","manual_editor_review","1","true","true","",""
"jp-22-shizuoka-185","あましをくう","静岡県","中部","indexable","A","P3","","manual_editor_review","1","true","true","",""
"jp-22-shizuoka-186","あまばく","静岡県","中部","indexable","A","P3","","manual_editor_review","1","true","true","",""
"jp-22-shizuoka-187","ありもせん","静岡県","中部","indexable","A","P3","","manual_editor_review","1","true","true","",""
"jp-22-shizuoka-188","あんもう","静岡県","中部","indexable","A","P3","","manual_editor_review","1","true","true","",""
"jp-22-shizuoka-189","いつら","静岡県","中部","indexable","A","P3","","manual_editor_review","1","true","true","",""
"jp-22-shizuoka-191","いっかり","静岡県","中部","indexable","A","P3","","manual_editor_review","1","true","true","",""
"jp-22-shizuoka-192","いのかす","静岡県","中部","indexable","A","P3","","manual_editor_review","1","true","true","",""
"jp-22-shizuoka-193","いのく","静岡県","中部","indexable","A","P3","","manual_editor_review","1","true","true","",""
"jp-22-shizuoka-194","いばる","静岡県","中部","indexable","A","P3","","manual_editor_review","1","true","true","",""
"jp-22-shizuoka-195","いみり","静岡県","中部","indexable","A","P3","","manual_editor_review","1","true","true","",""
"jp-22-shizuoka-196","うざましい","静岡県","中部","indexable","A","P3","","manual_editor_review","1","true","true","",""
"jp-22-shizuoka-197","うしゃがれ","静岡県","中部","indexable","A","P3","","manual_editor_review","1","true","true","",""
"jp-22-shizuoka-198","うねっきり","静岡県","中部","indexable","A","P3","","manual_editor_review","1","true","true","",""
"jp-22-shizuoka-199","えーかげん","静岡県","中部","indexable","A","P3","","manual_editor_review","1","true","true","",""
"jp-22-shizuoka-200","えーっさん","静岡県","中部","indexable","A","P3","","manual_editor_review","1","true","true","",""
"jp-22-shizuoka-201","えーばっか","静岡県","中部","indexable","A","P3","","manual_editor_review","1","true","true","",""
"jp-22-shizuoka-202","えーら・えーらえー","静岡県","中部","indexable","A","P3","","manual_editor_review","1","true","true","",""
"jp-22-shizuoka-203","えんのころ","静岡県","中部","indexable","A","P3","","manual_editor_review","1","true","true","",""
"jp-22-shizuoka-204","おさんこち","静岡県","中部","indexable","A","P3","","manual_editor_review","1","true","true","",""
"jp-22-shizuoka-205","おじゃみ","静岡県","中部","indexable","A","P3","","manual_editor_review","1","true","true","",""
"jp-22-shizuoka-206","おしょうしい","静岡県","中部","indexable","A","P3","","manual_editor_review","1","true","true","",""
"jp-22-shizuoka-207","おだい","静岡県","中部","indexable","A","P3","","manual_editor_review","1","true","true","",""
"jp-22-shizuoka-208","おだっくい","静岡県","中部","indexable","A","P3","","manual_editor_review","1","true","true","",""
"jp-22-shizuoka-209","おてえた","静岡県","中部","indexable","A","P3","","manual_editor_review","1","true","true","",""
"jp-22-shizuoka-210","おとましい","静岡県","中部","indexable","A","P3","","manual_editor_review","1","true","true","",""
"jp-22-shizuoka-211","おひんぶる","静岡県","中部","indexable","A","P3","","manual_editor_review","1","true","true","",""
"jp-22-shizuoka-212","おまた","静岡県","中部","indexable","A","P3","","manual_editor_review","1","true","true","",""
"jp-22-shizuoka-213","おもる","静岡県","中部","indexable","A","P3","","manual_editor_review","1","true","true","",""
"jp-22-shizuoka-214","おやく","静岡県","中部","indexable","A","P3","","manual_editor_review","1","true","true","",""
"jp-22-shizuoka-215","おやす","静岡県","中部","indexable","A","P3","","manual_editor_review","1","true","true","",""
"jp-22-shizuoka-216","およう","静岡県","中部","indexable","A","P3","","manual_editor_review","1","true","true","",""
"jp-22-shizuoka-217","およーじゃ","静岡県","中部","indexable","A","P3","","manual_editor_review","1","true","true","",""
"jp-22-shizuoka-218","おれんさん","静岡県","中部","indexable","A","P3","","manual_editor_review","1","true","true","",""
"jp-22-shizuoka-219","おんぶさる","静岡県","中部","indexable","A","P3","","manual_editor_review","1","true","true","",""
"jp-22-shizuoka-220","いるさ","静岡県","中部","indexable","A","P3","","manual_editor_review","1","true","true","",""
"jp-22-shizuoka-221","ほいで","静岡県","中部","indexable","A","P3","","manual_editor_review","1","true","true","",""
"jp-22-shizuoka-222","なんじょう","静岡県","中部","indexable","A","P3","","manual_editor_review","1","true","true","",""
"jp-22-shizuoka-223","べつに","静岡県","中部","indexable","A","P3","","manual_editor_review","1","true","true","",""
"jp-22-shizuoka-224","～ずら","静岡県","中部","indexable","A","P3","","manual_editor_review","1","true","true","",""
"jp-22-shizuoka-225","なおいて","静岡県","中部","indexable","A","P3","","manual_editor_review","1","true","true","",""
"jp-22-shizuoka-226","腹がぺった","静岡県","中部","indexable","A","P3","","manual_editor_review","1","true","true","",""
"jp-22-shizuoka-227","ほうだ","静岡県","中部","indexable","A","P3","","manual_editor_review","1","true","true","",""
"jp-22-shizuoka-228","そいで","静岡県","中部","indexable","A","P3","","manual_editor_review","1","true","true","",""
"jp-22-shizuoka-229","きゃーまいか","静岡県","中部","indexable","A","P3","","manual_editor_review","1","true","true","",""
"jp-22-shizuoka-230","うっちょいてけー","静岡県","中部","indexable","A","P3","","manual_editor_review","1","true","true","",""
"jp-22-shizuoka-231","ないそ","静岡県","中部","indexable","A","P3","","manual_editor_review","1","true","true","",""
"jp-09-tochigi-001","だいじ","栃木県","県南","indexable","A","P3","","manual_editor_review","1","true","true","",""
"jp-09-tochigi-002","かがむ","栃木県","県南","indexable","A","P3","","manual_editor_review","1","true","true","",""
"jp-09-tochigi-003","うずぶれる","栃木県","県南","indexable","A","P3","","manual_editor_review","1","true","true","",""
"jp-09-tochigi-004","くさばっこ","栃木県","県南","indexable","A","P3","","manual_editor_review","1","true","true","",""
"jp-09-tochigi-005","せーふろ","栃木県","県南","indexable","A","P3","","manual_editor_review","1","true","true","",""
"jp-09-tochigi-006","やぶ","栃木県","県南","indexable","A","P3","","manual_editor_review","1","true","true","",""
"jp-09-tochigi-007","のめんど","栃木県","県南","indexable","A","P3","","manual_editor_review","1","true","true","",""
"jp-09-tochigi-008","たなぎねこ","栃木県","県南","indexable","A","P3","","manual_editor_review","1","true","true","",""
"jp-09-tochigi-009","けじろう","栃木県","県南","indexable","A","P3","","manual_editor_review","1","true","true","",""
"jp-09-tochigi-010","ぎご","栃木県","県南","indexable","A","P3","","manual_editor_review","1","true","true","",""
"jp-09-tochigi-011","してんごてん","栃木県","県南","indexable","A","P3","","manual_editor_review","1","true","true","",""
"jp-09-tochigi-012","たっぺ","栃木県","県南","indexable","A","P3","","manual_editor_review","1","true","true","",""
"jp-09-tochigi-013","のだつ","栃木県","県南","indexable","A","P3","","manual_editor_review","1","true","true","",""
"jp-09-tochigi-014","せーた","栃木県","県南","indexable","A","P3","","manual_editor_review","1","true","true","",""
"jp-09-tochigi-015","はま","栃木県","県南","indexable","A","P3","","manual_editor_review","1","true","true","",""
"jp-09-tochigi-016","おぞい","栃木県","県南","indexable","A","P3","","manual_editor_review","1","true","true","",""
"jp-09-tochigi-017","じぐるー","栃木県","県南","indexable","A","P3","","manual_editor_review","1","true","true","",""
"jp-09-tochigi-018","どずける","栃木県","県南","indexable","A","P3","","manual_editor_review","1","true","true","",""
"jp-09-tochigi-019","ちょちょらっけ","栃木県","県南","indexable","A","P3","","manual_editor_review","1","true","true","",""
"jp-09-tochigi-020","そそらっけ","栃木県","県南","indexable","A","P3","","manual_editor_review","1","true","true","",""
"jp-09-tochigi-021","どぶくれる","栃木県","県南","indexable","A","P3","","manual_editor_review","1","true","true","",""
"jp-09-tochigi-022","ひっくるける","栃木県","県南","indexable","A","P3","","manual_editor_review","1","true","true","",""
"jp-09-tochigi-023","ちょーがんに","栃木県","県南","indexable","A","P3","","manual_editor_review","1","true","true","",""
"jp-09-tochigi-024","おなんご","栃木県","県南","indexable","A","P3","","manual_editor_review","1","true","true","",""
"jp-09-tochigi-025","なんこんぼ","栃木県","県南","indexable","A","P3","","manual_editor_review","1","true","true","",""
"jp-09-tochigi-026","ありんどん","栃木県","県南","indexable","A","P3","","manual_editor_review","1","true","true","",""
"jp-09-tochigi-027","せっちょする","栃木県","県南","indexable","A","P3","","manual_editor_review","1","true","true","",""
"jp-09-tochigi-028","くらーね","栃木県","県南","indexable","A","P3","","manual_editor_review","1","true","true","",""
"jp-09-tochigi-029","ふっこし","栃木県","県南","indexable","A","P3","","manual_editor_review","1","true","true","",""
"jp-09-tochigi-030","みみきりかぜ","栃木県","県南","indexable","A","P3","","manual_editor_review","1","true","true","",""
"jp-09-tochigi-031","ふきっつぁらし","栃木県","県南","indexable","A","P3","","manual_editor_review","1","true","true","",""
"jp-09-tochigi-032","あしっこ","栃木県","県北","indexable","C","P1","missing_reading|missing_example","reading_verification|example_research","1","false","false","",""
"jp-09-tochigi-033","あなめど","栃木県","県北","indexable","C","P1","missing_reading|missing_example","reading_verification|example_research","1","false","false","",""
"jp-09-tochigi-034","あまごや","栃木県","県北","indexable","C","P1","missing_reading|missing_example","reading_verification|example_research","1","false","false","",""
"jp-09-tochigi-035","あんたげ","栃木県","県北","indexable","C","P1","missing_reading|missing_example","reading_verification|example_research","1","false","false","",""
"jp-09-tochigi-036","いでる","栃木県","県北","indexable","C","P1","missing_reading|missing_example","reading_verification|example_research","1","false","false","",""
"jp-09-tochigi-037","いぶい","栃木県","県北","indexable","C","P1","missing_reading|missing_example","reading_verification|example_research","1","false","false","",""
"jp-09-tochigi-038","いまっと","栃木県","県北","indexable","C","P1","missing_reading|missing_example","reading_verification|example_research","1","false","false","",""
"jp-09-tochigi-039","おおがん","栃木県","県北","indexable","C","P1","missing_reading|missing_example","reading_verification|example_research","1","false","false","",""
"jp-09-tochigi-040","おそっこわい","栃木県","県北","indexable","C","P1","missing_reading|missing_example","reading_verification|example_research","1","false","false","",""
"jp-09-tochigi-041","おっちめる","栃木県","県北","indexable","C","P1","missing_reading|missing_example","reading_verification|example_research","1","false","false","",""
"jp-09-tochigi-042","おっぴたす","栃木県","県北","indexable","C","P1","missing_reading|missing_example","reading_verification|example_research","1","false","false","",""
"jp-09-tochigi-043","おんつぁれる","栃木県","県北","indexable","C","P1","missing_reading|missing_example","reading_verification|example_research","1","false","false","",""
"jp-09-tochigi-044","かぎまし","栃木県","県北","indexable","C","P1","missing_reading|missing_example","reading_verification|example_research","1","false","false","",""
"jp-09-tochigi-045","きっぱじ","栃木県","県北","indexable","C","P1","missing_reading|missing_example","reading_verification|example_research","1","false","false","",""
"jp-09-tochigi-046","くちはび","栃木県","県北","indexable","C","P1","missing_reading|missing_example","reading_verification|example_research","1","false","false","",""
"jp-09-tochigi-047","ぐるわ","栃木県","県北","indexable","C","P1","missing_reading|missing_example","reading_verification|example_research","1","false","false","",""
"jp-09-tochigi-048","げんさんぼ","栃木県","県北","indexable","C","P1","missing_reading|missing_example","reading_verification|example_research","1","false","false","",""
"jp-09-tochigi-049","ごんど","栃木県","県北","indexable","C","P1","missing_reading|missing_example","reading_verification|example_research","1","false","false","",""
"jp-09-tochigi-050","しゃくご","栃木県","県北","indexable","C","P1","missing_reading|missing_example","reading_verification|example_research","1","false","false","",""
"jp-09-tochigi-051","じゃっちゃかぶり","栃木県","県北","indexable","C","P1","missing_reading|missing_example","reading_verification|example_research","1","false","false","",""
"jp-09-tochigi-052","ちちっぺら","栃木県","県北","indexable","C","P1","missing_reading|missing_example","reading_verification|example_research","1","false","false","",""
"jp-09-tochigi-053","ちっちめ","栃木県","県北","indexable","C","P1","missing_reading|missing_example","reading_verification|example_research","1","false","false","",""
"jp-09-tochigi-054","てぇら","栃木県","県北","indexable","C","P1","missing_reading|missing_example","reading_verification|example_research","1","false","false","",""
"jp-09-tochigi-055","どどめいろ","栃木県","県北","indexable","C","P1","missing_reading|missing_example","reading_verification|example_research","1","false","false","",""
"jp-36-tokushima-001","せこい","徳島県","徳島市周辺・県東部","noindex","E","P2","publication_basis_review","candidate_for_index","1","true","true","","表示項目は揃っているが、公開根拠・確認状態の編集審査が必要なindex候補。公開状態は未変更。"
"jp-36-tokushima-002","セコイ","徳島県","鳴門・県北東部","indexable","B","P1","missing_example","example_research","1","true","false","",""
"jp-36-tokushima-003","ツッツォ","徳島県","鳴門・県北東部","indexable","B","P1","missing_example","example_research","1","true","false","",""
"jp-36-tokushima-004","アババイ","徳島県","鳴門・県北東部","indexable","A","P3","","manual_editor_review","1","true","true","",""
"jp-36-tokushima-005","ヤネガコワル","徳島県","鳴門・県北東部","indexable","B","P1","missing_example","example_research","1","true","false","",""
"jp-36-tokushima-006","ダンナイ","徳島県","鳴門・県北東部","indexable","B","P1","missing_example","example_research","1","true","false","",""
"jp-36-tokushima-007","エットブリ","徳島県","鳴門・県北東部","indexable","A","P3","","manual_editor_review","1","true","true","",""
"jp-36-tokushima-008","オブケル","徳島県","鳴門・県北東部","indexable","B","P1","missing_example","example_research","1","true","false","",""
"jp-36-tokushima-009","サラバエル","徳島県","鳴門・県北東部","indexable","B","P1","missing_example","example_research","1","true","false","",""
"jp-36-tokushima-010","ソラ","徳島県","鳴門・県北東部","indexable","B","P1","missing_example","example_research","1","true","false","",""
"jp-36-tokushima-011","グッチュー","徳島県","鳴門・県北東部","indexable","B","P1","missing_example","example_research","1","true","false","",""
"jp-36-tokushima-012","ヤドシ","徳島県","鳴門・県北東部","indexable","B","P1","missing_example","example_research","1","true","false","",""
"jp-36-tokushima-013","ソバエ","徳島県","鳴門・県北東部","indexable","B","P1","missing_example","example_research","1","true","false","",""
"jp-36-tokushima-014","シェンジェン","徳島県","徳島市周辺・県東部","indexable","B","P1","missing_example","example_research","1","true","false","",""
"jp-36-tokushima-015","ケンド","徳島県","徳島市周辺・県東部","indexable","A","P3","","manual_editor_review","1","true","true","",""
"jp-36-tokushima-016","ジョ","徳島県","徳島市周辺・県東部","indexable","B","P1","missing_example","example_research","1","true","false","",""
"jp-36-tokushima-017","〜ヘンダ","徳島県","徳島市周辺・県東部","indexable","B","P1","missing_example","example_research","1","true","false","",""
"jp-36-tokushima-018","つっつぉ","徳島県","徳島市周辺・県東部","indexable","B","P1","missing_example","example_research","1","true","false","",""
"jp-36-tokushima-019","じまぜ","徳島県","徳島市周辺・県東部","indexable","B","P1","missing_example","example_research","1","true","false","",""
"jp-36-tokushima-020","たーつ","徳島県","徳島市周辺・県東部","indexable","B","P1","missing_example","example_research","1","true","false","",""
"jp-36-tokushima-021","つまえる","徳島県","徳島市周辺・県東部","indexable","A","P3","","manual_editor_review","1","true","true","",""
"jp-36-tokushima-022","できる","徳島県","徳島市周辺・県東部","indexable","B","P1","missing_example","example_research","1","true","false","",""
"jp-36-tokushima-023","どんぶか","徳島県","徳島市周辺・県東部","indexable","B","P1","missing_example","example_research","1","true","false","",""
"jp-36-tokushima-024","ふご","徳島県","徳島市周辺・県東部","indexable","B","P1","missing_example","example_research","1","true","false","",""
"jp-36-tokushima-025","タッチェ","徳島県","徳島市周辺・県東部","indexable","B","P1","missing_example","example_research","1","true","false","",""
"jp-36-tokushima-026","アリンド","徳島県","吉野川中上流・県西部","indexable","B","P1","missing_example","example_research","1","true","false","",""
"jp-36-tokushima-027","ミジョイ","徳島県","吉野川中上流・県西部","indexable","B","P1","missing_example","example_research","1","true","false","",""
"jp-36-tokushima-028","イソシイ","徳島県","吉野川中上流・県西部","indexable","B","P1","missing_example","example_research","1","true","false","",""
"jp-36-tokushima-029","メゲル","徳島県","吉野川中上流・県西部","indexable","B","P1","missing_example","example_research","1","true","false","",""
"jp-36-tokushima-030","ヨツメル","徳島県","吉野川中上流・県西部","indexable","B","P1","missing_example","example_research","1","true","false","",""
"jp-36-tokushima-031","タゴル","徳島県","吉野川中上流・県西部","indexable","B","P1","missing_example","example_research","1","true","false","",""
"jp-36-tokushima-032","ゴート","徳島県","吉野川中上流・県西部","indexable","B","P1","missing_example","example_research","1","true","false","",""
"jp-36-tokushima-033","ホーベタ","徳島県","吉野川中上流・県西部","indexable","B","P1","missing_example","example_research","1","true","false","",""
"jp-36-tokushima-034","マケル","徳島県","吉野川中上流・県西部","indexable","B","P1","missing_example","example_research","1","true","false","",""
"jp-36-tokushima-035","クダク","徳島県","吉野川中上流・県西部","indexable","B","P1","missing_example","example_research","1","true","false","",""
"jp-36-tokushima-036","ナグル","徳島県","吉野川中上流・県西部","indexable","B","P1","missing_example","example_research","1","true","false","",""
"jp-36-tokushima-037","ナグル","徳島県","吉野川中上流・県西部","indexable","B","P1","missing_example","example_research","1","true","false","",""
"jp-36-tokushima-038","ジェ","徳島県","阿南周辺・県南部","indexable","B","P1","missing_example","example_research","1","true","false","",""
"jp-36-tokushima-039","ケ","徳島県","阿南周辺・県南部","indexable","A","P3","","manual_editor_review","1","true","true","",""
"jp-36-tokushima-040","ヨーケ","徳島県","阿南周辺・県南部","indexable","B","P1","missing_example","example_research","1","true","false","",""
"jp-36-tokushima-041","トロクロ","徳島県","阿南周辺・県南部","indexable","B","P1","missing_example","example_research","1","true","false","",""
"jp-36-tokushima-042","ウキャータイ","徳島県","阿南周辺・県南部","indexable","B","P1","missing_example","example_research","1","true","false","",""
"jp-36-tokushima-043","コザーナ","徳島県","阿南周辺・県南部","indexable","B","P1","missing_example","example_research","1","true","false","",""
"jp-36-tokushima-044","タウ","徳島県","阿南周辺・県南部","indexable","B","P1","missing_example","example_research","1","true","false","",""
"jp-36-tokushima-045","ゴソオカク","徳島県","阿南周辺・県南部","indexable","B","P1","missing_example","example_research","1","true","false","",""
"jp-36-tokushima-046","ジブンク","徳島県","阿南周辺・県南部","indexable","B","P1","missing_example","example_research","1","true","false","",""
"jp-36-tokushima-047","メグ","徳島県","阿南周辺・県南部","indexable","B","P1","missing_example","example_research","1","true","false","",""
"jp-36-tokushima-048","ツム","徳島県","阿南周辺・県南部","indexable","A","P3","","manual_editor_review","1","true","true","",""
"jp-36-tokushima-049","オッキョイ","徳島県","阿南周辺・県南部","indexable","B","P1","missing_example","example_research","1","true","false","",""
"jp-36-tokushima-050","土","徳島県","海部地域","noindex","E","P3","missing_reading|missing_example|core_evidence_scope_incomplete","reading_verification|example_research|keep_noindex","1","false","false","","現時点ではnoindex維持を推奨。"
"jp-36-tokushima-051","サカイ","徳島県","海部地域","indexable","A","P3","","manual_editor_review","1","true","true","",""
"jp-36-tokushima-052","イデ","徳島県","海部地域","indexable","A","P3","","manual_editor_review","1","true","true","",""
"jp-36-tokushima-053","あち","徳島県","海部地域","indexable","B","P1","missing_example","example_research","1","true","false","",""
"jp-36-tokushima-054","いさましかよ","徳島県","海部地域","indexable","B","P1","missing_example","example_research","1","true","false","",""
"jp-36-tokushima-055","ぎゅんぱ","徳島県","海部地域","indexable","B","P1","missing_example","example_research","1","true","false","",""
"jp-36-tokushima-056","ざまな","徳島県","海部地域","indexable","B","P1","missing_example","example_research","1","true","false","",""
"jp-36-tokushima-057","しびたびより","徳島県","海部地域","indexable","B","P1","missing_example","example_research","1","true","false","",""
"jp-36-tokushima-058","ちゃっちゃ","徳島県","海部地域","indexable","B","P1","missing_example","example_research","1","true","false","",""
"jp-36-tokushima-059","デキ","徳島県","海部地域","indexable","B","P1","missing_example","example_research","1","true","false","",""
"jp-36-tokushima-060","にちょな","徳島県","海部地域","indexable","B","P1","missing_example","example_research","1","true","false","",""
"jp-36-tokushima-061","めんどい","徳島県","海部地域","indexable","B","P1","missing_example","example_research","1","true","false","",""
"jp-13-tokyo-001","うざったい","東京都","多摩","noindex","E","P2","missing_source","source_research|keep_noindex","0","true","true","","記録済み出典がないため、資料確認まで根拠を補完しない。 現時点ではnoindex維持を推奨。"
"jp-13-tokyo-002","つぶり","東京都","島しょ","indexable","B","P1","missing_example","example_research","1","true","false","",""
"jp-13-tokyo-003","つぶりのけぶし","東京都","島しょ","indexable","B","P1","missing_example","example_research","1","true","false","",""
"jp-13-tokyo-004","しゃが","東京都","島しょ","indexable","B","P1","missing_example","example_research","1","true","false","",""
"jp-13-tokyo-005","まなこ","東京都","島しょ","indexable","B","P1","missing_example","example_research","1","true","false","",""
"jp-13-tokyo-006","むかば","東京都","島しょ","indexable","B","P1","missing_example","example_research","1","true","false","",""
"jp-13-tokyo-007","おとげー","東京都","島しょ","indexable","B","P1","missing_example","example_research","1","true","false","",""
"jp-13-tokyo-008","へげ","東京都","島しょ","indexable","B","P1","missing_example","example_research","1","true","false","",""
"jp-13-tokyo-009","けーな","東京都","島しょ","indexable","B","P1","missing_example","example_research","1","true","false","",""
"jp-13-tokyo-010","へだか","東京都","島しょ","indexable","B","P1","missing_example","example_research","1","true","false","",""
"jp-13-tokyo-011","へっちょご","東京都","島しょ","indexable","B","P1","missing_example","example_research","1","true","false","",""
"jp-13-tokyo-012","しんべた","東京都","島しょ","indexable","B","P1","missing_example","example_research","1","true","false","",""
"jp-13-tokyo-013","たんぼー","東京都","島しょ","indexable","B","P1","missing_example","example_research","1","true","false","",""
"jp-13-tokyo-014","いび","東京都","島しょ","indexable","B","P1","missing_example","example_research","1","true","false","",""
"jp-13-tokyo-015","あっけー","東京都","島しょ","indexable","B","P1","missing_example","example_research","1","true","false","",""
"jp-13-tokyo-016","つぐめ","東京都","島しょ","indexable","B","P1","missing_example","example_research","1","true","false","",""
"jp-13-tokyo-017","けーぶし","東京都","島しょ","indexable","B","P1","missing_example","example_research","1","true","false","",""
"jp-13-tokyo-018","こむな","東京都","島しょ","indexable","B","P1","missing_example","example_research","1","true","false","",""
"jp-13-tokyo-019","こーべ","東京都","島しょ","indexable","B","P1","missing_example","example_research","1","true","false","",""
"jp-13-tokyo-020","くすべ","東京都","島しょ","indexable","B","P1","missing_example","example_research","1","true","false","",""
"jp-13-tokyo-021","めなだ","東京都","島しょ","indexable","B","P1","missing_example","example_research","1","true","false","",""
"jp-13-tokyo-022","つばき","東京都","島しょ","indexable","B","P1","missing_example","example_research","1","true","false","",""
"jp-13-tokyo-023","よんだれ","東京都","島しょ","indexable","B","P1","missing_example","example_research","1","true","false","",""
"jp-13-tokyo-024","ひーり","東京都","島しょ","indexable","B","P1","missing_example","example_research","1","true","false","",""
"jp-13-tokyo-025","よんばり","東京都","島しょ","indexable","B","P1","missing_example","example_research","1","true","false","",""
"jp-13-tokyo-026","やんべ","東京都","島しょ","indexable","B","P1","missing_example","example_research","1","true","false","",""
"jp-13-tokyo-027","よんで","東京都","島しょ","indexable","B","P1","missing_example","example_research","1","true","false","",""
"jp-13-tokyo-028","とんじゃき","東京都","島しょ","indexable","B","P1","missing_example","example_research","1","true","false","",""
"jp-13-tokyo-029","たぶ","東京都","島しょ","indexable","B","P1","missing_example","example_research","1","true","false","",""
"jp-13-tokyo-030","かんも","東京都","島しょ","indexable","B","P1","missing_example","example_research","1","true","false","",""
"jp-13-tokyo-031","でーこ","東京都","島しょ","indexable","B","P1","missing_example","example_research","1","true","false","",""
"jp-13-tokyo-032","みみだぶ","東京都","島しょ","indexable","B","P1","missing_example","example_research","1","true","false","",""
"jp-13-tokyo-033","あび","東京都","島しょ","indexable","B","P1","missing_example","example_research","1","true","false","",""
"jp-13-tokyo-034","かのき","東京都","島しょ","indexable","B","P1","missing_example","example_research","1","true","false","",""
"jp-13-tokyo-035","くば","東京都","島しょ","indexable","B","P1","missing_example","example_research","1","true","false","",""
"jp-13-tokyo-036","いかめ","東京都","島しょ","indexable","B","P1","missing_example","example_research","1","true","false","",""
"jp-13-tokyo-037","たこめ","東京都","島しょ","indexable","B","P1","missing_example","example_research","1","true","false","",""
"jp-13-tokyo-038","えびめ","東京都","島しょ","indexable","B","P1","missing_example","example_research","1","true","false","",""
"jp-13-tokyo-039","うにめ","東京都","島しょ","indexable","B","P1","missing_example","example_research","1","true","false","",""
"jp-13-tokyo-040","よ","東京都","島しょ","indexable","B","P1","missing_example","example_research","1","true","false","",""
"jp-13-tokyo-041","こけづぁ","東京都","島しょ","indexable","B","P1","missing_example","example_research","1","true","false","",""
"jp-13-tokyo-042","とびよ","東京都","島しょ","indexable","B","P1","missing_example","example_research","1","true","false","",""
"jp-13-tokyo-043","うめぢっぽ","東京都","島しょ","indexable","B","P1","missing_example","example_research","1","true","false","",""
"jp-13-tokyo-044","かながめ","東京都","島しょ","indexable","B","P1","missing_example","example_research","1","true","false","",""
"jp-13-tokyo-045","ぞく","東京都","島しょ","indexable","B","P1","missing_example","example_research","1","true","false","",""
"jp-13-tokyo-046","うまめ","東京都","島しょ","indexable","B","P1","missing_example","example_research","1","true","false","",""
"jp-13-tokyo-047","やぎめ","東京都","島しょ","indexable","B","P1","missing_example","example_research","1","true","false","",""
"jp-13-tokyo-048","ぶため","東京都","島しょ","indexable","B","P1","missing_example","example_research","1","true","false","",""
"jp-13-tokyo-049","いぬめ","東京都","島しょ","indexable","B","P1","missing_example","example_research","1","true","false","",""
"jp-13-tokyo-050","ねっこめ","東京都","島しょ","indexable","B","P1","missing_example","example_research","1","true","false","",""
"jp-13-tokyo-051","うさぎめ","東京都","島しょ","indexable","B","P1","missing_example","example_research","1","true","false","",""
"jp-13-tokyo-052","よめどの","東京都","島しょ","indexable","B","P1","missing_example","example_research","1","true","false","",""
"jp-13-tokyo-053","むしめ","東京都","島しょ","indexable","B","P1","missing_example","example_research","1","true","false","",""
"jp-13-tokyo-054","ありめ","東京都","島しょ","indexable","B","P1","missing_example","example_research","1","true","false","",""
"jp-13-tokyo-055","かぶめ","東京都","島しょ","indexable","B","P1","missing_example","example_research","1","true","false","",""
"jp-31-tottori-001","だんだん","鳥取県","西伯耆・県西部","indexable","C","P1","missing_reading|missing_example","reading_verification|example_research","2","false","false","",""
"jp-31-tottori-002","アソバイヤ","鳥取県","因幡・県東部","indexable","C","P1","missing_reading|missing_example","reading_verification|example_research","1","false","false","",""
"jp-31-tottori-003","スンマセン","鳥取県","因幡・県東部","indexable","C","P1","missing_reading|missing_example","reading_verification|example_research","1","false","false","",""
"jp-31-tottori-004","キガワルイ","鳥取県","因幡・県東部","indexable","C","P1","missing_reading|missing_example","reading_verification|example_research","1","false","false","",""
"jp-31-tottori-005","ヨーケ、ジョーニ","鳥取県","因幡・県東部","indexable","C","P1","missing_reading|missing_example","reading_verification|example_research","1","false","false","",""
"jp-31-tottori-006","オットロシイ","鳥取県","因幡・県東部","indexable","C","P1","missing_reading|missing_example","reading_verification|example_research","1","false","false","",""
"jp-31-tottori-007","スンマセンナア","鳥取県","因幡・県東部","indexable","C","P1","missing_reading|missing_example","reading_verification|example_research","1","false","false","",""
"jp-31-tottori-008","サブイ","鳥取県","因幡・県東部","indexable","C","P1","missing_reading|missing_example","reading_verification|example_research","1","false","false","",""
"jp-31-tottori-009","クタブレル","鳥取県","因幡・県東部","indexable","C","P1","missing_reading|missing_example","reading_verification|example_research","1","false","false","",""
"jp-31-tottori-010","ヨダキイ","鳥取県","因幡・県東部","indexable","C","P1","missing_reading|missing_example","reading_verification|example_research","1","false","false","",""
"jp-31-tottori-011","きなんせ","鳥取県","因幡・県東部","indexable","B","P1","missing_reading","reading_verification","1","false","true","",""
"jp-31-tottori-012","から","鳥取県","因幡・県東部","indexable","B","P1","missing_reading","reading_verification","1","false","true","",""
"jp-31-tottori-013","カケル／カケレル","鳥取県","東伯耆・県中部","indexable","B","P1","missing_reading","reading_verification","1","false","true","",""
"jp-31-tottori-014","クエン／クエレン","鳥取県","東伯耆・県中部","indexable","B","P1","missing_reading","reading_verification","1","false","true","",""
"jp-31-tottori-015","ミラレル／ミレル","鳥取県","東伯耆・県中部","indexable","B","P1","missing_reading","reading_verification","1","false","true","",""
"jp-31-tottori-016","ヨー カカン","鳥取県","東伯耆・県中部","indexable","B","P1","missing_reading","reading_verification","1","false","true","",""
"jp-31-tottori-017","ヨー セン","鳥取県","東伯耆・県中部","indexable","B","P1","missing_reading","reading_verification","1","false","true","",""
"jp-31-tottori-018","オラレル","鳥取県","東伯耆・県中部","indexable","B","P1","missing_reading","reading_verification","1","false","true","",""
"jp-31-tottori-019","コラレル","鳥取県","東伯耆・県中部","indexable","B","P1","missing_reading","reading_verification","1","false","true","",""
"jp-31-tottori-020","カキョール／カイトル","鳥取県","東伯耆・県中部","indexable","B","P1","missing_reading","reading_verification","1","false","true","",""
"jp-31-tottori-021","ミヨッジ／ミトッジ","鳥取県","東伯耆・県中部","indexable","B","P1","missing_reading","reading_verification","1","false","true","",""
"jp-31-tottori-022","ミチャーワイ","鳥取県","東伯耆・県中部","indexable","B","P1","missing_reading","reading_verification","1","false","true","",""
"jp-31-tottori-023","がいな","鳥取県","西伯耆・県西部","indexable","C","P1","missing_reading|missing_example","reading_verification|example_research","1","false","false","",""
"jp-31-tottori-024","えしこに","鳥取県","西伯耆・県西部","indexable","B","P1","missing_reading","reading_verification","1","false","true","",""
"jp-31-tottori-025","鳥籠","鳥取県","西伯耆・県西部","noindex","B","P3","missing_example|core_evidence_scope_incomplete","example_research|keep_noindex","1","true","false","","現時点ではnoindex維持を推奨。"
"jp-31-tottori-026","藁籠","鳥取県","西伯耆・県西部","noindex","B","P3","missing_example|core_evidence_scope_incomplete","example_research|keep_noindex","1","true","false","","現時点ではnoindex維持を推奨。"
"jp-31-tottori-027","花籠","鳥取県","西伯耆・県西部","noindex","B","P3","missing_example|core_evidence_scope_incomplete","example_research|keep_noindex","1","true","false","","現時点ではnoindex維持を推奨。"
"jp-31-tottori-028","筆箱","鳥取県","西伯耆・県西部","noindex","B","P3","missing_example|core_evidence_scope_incomplete","example_research|keep_noindex","1","true","false","","現時点ではnoindex維持を推奨。"
"jp-31-tottori-029","下駄箱","鳥取県","西伯耆・県西部","noindex","B","P3","missing_example|core_evidence_scope_incomplete","example_research|keep_noindex","1","true","false","","現時点ではnoindex維持を推奨。"
"jp-31-tottori-030","屑箱","鳥取県","西伯耆・県西部","noindex","B","P3","missing_example|core_evidence_scope_incomplete","example_research|keep_noindex","1","true","false","","現時点ではnoindex維持を推奨。"
"jp-31-tottori-031","箸箱","鳥取県","西伯耆・県西部","noindex","B","P3","missing_example|core_evidence_scope_incomplete","example_research|keep_noindex","1","true","false","","現時点ではnoindex維持を推奨。"
"jp-31-tottori-032","ごみ箱","鳥取県","西伯耆・県西部","noindex","B","P3","missing_example|core_evidence_scope_incomplete","example_research|keep_noindex","1","true","false","","現時点ではnoindex維持を推奨。"
"jp-31-tottori-033","靴箱","鳥取県","西伯耆・県西部","noindex","B","P3","missing_example|core_evidence_scope_incomplete","example_research|keep_noindex","1","true","false","","現時点ではnoindex維持を推奨。"
"jp-31-tottori-034","さんだがない","鳥取県","日野地域","indexable","C","P1","missing_reading|missing_example","reading_verification|example_research","1","false","false","",""
"jp-31-tottori-035","いんぜぇ","鳥取県","日野地域","indexable","C","P1","missing_reading|missing_example","reading_verification|example_research","1","false","false","",""
"jp-31-tottori-036","ずんど","鳥取県","日野地域","indexable","C","P1","missing_reading|missing_example","reading_verification|example_research","1","false","false","",""
"jp-31-tottori-037","とぶ","鳥取県","日野地域","indexable","C","P1","missing_reading|missing_example","reading_verification|example_research","1","false","false","",""
"jp-31-tottori-038","はしる","鳥取県","日野地域","indexable","C","P1","missing_reading|missing_example","reading_verification|example_research","1","false","false","",""
"jp-31-tottori-039","ひぃさん","鳥取県","日野地域","indexable","C","P1","missing_reading|missing_example","reading_verification|example_research","1","false","false","",""
"jp-31-tottori-040","だだくさな","鳥取県","日野地域","indexable","C","P1","missing_reading|missing_example","reading_verification|example_research","1","false","false","",""
"jp-31-tottori-041","へねる","鳥取県","日野地域","indexable","C","P1","missing_reading|missing_example","reading_verification|example_research","1","false","false","",""
"jp-31-tottori-042","いかばる","鳥取県","日野地域","indexable","C","P1","missing_reading|missing_example","reading_verification|example_research","1","false","false","",""
"jp-31-tottori-043","にょうばんこ","鳥取県","日野地域","indexable","C","P1","missing_reading|missing_example","reading_verification|example_research","1","false","false","",""
"jp-31-tottori-044","たったも","鳥取県","日野地域","indexable","C","P1","missing_reading|missing_example","reading_verification|example_research","1","false","false","",""
"jp-31-tottori-045","やんばいけな","鳥取県","日野地域","indexable","C","P1","missing_reading|missing_example","reading_verification|example_research","1","false","false","",""
"jp-31-tottori-046","わったいな","鳥取県","因幡・県東部","indexable","C","P1","missing_reading|missing_example","reading_verification|example_research","1","false","false","",""
"jp-31-tottori-047","どんどろけ","鳥取県","東伯耆・県中部","indexable","C","P1","missing_reading|missing_example","reading_verification|example_research","1","false","false","",""
"jp-31-tottori-048","ばえる","鳥取県","東伯耆・県中部","indexable","C","P1","missing_reading|missing_example","reading_verification|example_research","1","false","false","",""
"jp-31-tottori-049","まめなかや？","鳥取県","日野地域","indexable","C","P1","missing_reading|missing_example","reading_verification|example_research","1","false","false","",""
"jp-31-tottori-050","はっとうじ","鳥取県","日野地域","indexable","C","P1","missing_reading|missing_example","reading_verification|example_research","1","false","false","",""
"jp-31-tottori-051","きょうとし","鳥取県","西伯耆・県西部","indexable","C","P1","missing_reading|missing_example","reading_verification|example_research","1","false","false","",""
"jp-31-tottori-052","ようこそ、ようこそ","鳥取県","因幡・県東部","indexable","C","P1","missing_reading|missing_example","reading_verification|example_research","1","false","false","",""
"jp-16-toyama-001","きときと","富山県","呉東","indexable","A","P3","","manual_editor_review","4","true","true","",""
"jp-16-toyama-002","トフヤニ ドー トフ ヒトツ ユーテ","富山県","呉西","indexable","C","P1","missing_reading|missing_example","reading_verification|example_research","1","false","false","",""
"jp-16-toyama-003","キッカエシタモンデスチャ","富山県","呉西","indexable","C","P1","missing_reading|missing_example","reading_verification|example_research","1","false","false","",""
"jp-16-toyama-004","ハーン ソーデス タイショクヤッタモンジャクデ","富山県","呉西","indexable","C","P1","missing_reading|missing_example","reading_verification|example_research","1","false","false","",""
"jp-16-toyama-005","ソーシタラ トフ ヒトツ タベテ","富山県","呉西","indexable","C","P1","missing_reading|missing_example","reading_verification|example_research","1","false","false","",""
"jp-16-toyama-006","ニショクベントァ ヤッパリ チョッコ モノエモンジャカラ","富山県","呉西","indexable","C","P1","missing_reading|missing_example","reading_verification|example_research","1","false","false","",""
"jp-16-toyama-007","チョコル ノコエトエテ","富山県","呉西","indexable","C","P1","missing_reading|missing_example","reading_verification|example_research","1","false","false","",""
"jp-16-toyama-008","ヒトァ ヒャクショノ ヒトラチャ イップクシトラッシャル","富山県","呉西","indexable","C","P1","missing_reading|missing_example","reading_verification|example_research","1","false","false","",""
"jp-16-toyama-009","ソルオ ミタサイ ヒモジーナッテ マタ","富山県","呉西","indexable","C","P1","missing_reading|missing_example","reading_verification|example_research","1","false","false","",""
"jp-16-toyama-010","ケナルーナルガヤロ","富山県","呉西","indexable","C","P1","missing_reading|missing_example","reading_verification|example_research","1","false","false","",""
"jp-16-toyama-011","ソイデ ソルオ ベント ノコエトエタケレド","富山県","呉西","indexable","C","P1","missing_reading|missing_example","reading_verification|example_research","1","false","false","",""
"jp-16-toyama-012","スコスイダケ タベテ","富山県","呉西","indexable","C","P1","missing_reading|missing_example","reading_verification|example_research","1","false","false","",""
"jp-16-toyama-013","コッチャヤト ホレ マツノ ヒトト チゴーテ","富山県","呉西","indexable","C","P1","missing_reading|missing_example","reading_verification|example_research","1","false","false","",""
"jp-16-toyama-014","ホレ タバゴ チューモン タベトッタ クセ","富山県","呉西","indexable","C","P1","missing_reading|missing_example","reading_verification|example_research","1","false","false","",""
"jp-16-toyama-015","アルモンデッサカイ","富山県","呉西","indexable","C","P1","missing_reading|missing_example","reading_verification|example_research","1","false","false","",""
"jp-16-toyama-016","ソシテ ヤッパ スゴイテキタモンデス","富山県","呉西","indexable","C","P1","missing_reading|missing_example","reading_verification|example_research","1","false","false","",""
"jp-16-toyama-017","ソデ ナン イッショクプラエ イチニチニ","富山県","呉西","indexable","C","P1","missing_reading|missing_example","reading_verification|example_research","1","false","false","",""
"jp-16-toyama-018","クー コト ナン メズラシナカッタ","富山県","呉西","indexable","C","P1","missing_reading|missing_example","reading_verification|example_research","1","false","false","",""
"jp-16-toyama-019","ニショージャ ユーテ","富山県","呉西","indexable","C","P1","missing_reading|missing_example","reading_verification|example_research","1","false","false","",""
"jp-16-toyama-020","ソヤデ ヤッパ ロードーシャ チューモンナ","富山県","呉西","indexable","C","P1","missing_reading|missing_example","reading_verification|example_research","1","false","false","",""
"jp-16-toyama-021","ナン イッショクニ ヤッパ サンゴープラエ","富山県","呉西","indexable","C","P1","missing_reading|missing_example","reading_verification|example_research","1","false","false","",""
"jp-16-toyama-022","ナン フツーノ モンジャデ","富山県","呉西","indexable","C","P1","missing_reading|missing_example","reading_verification|example_research","1","false","false","",""
"jp-16-toyama-023","イマノ コドンダチ イチニチニデモ サンゴー ヨリ ナン","富山県","呉西","indexable","C","P1","missing_reading|missing_example","reading_verification|example_research","1","false","false","",""
"jp-16-toyama-024","タベンガイ","富山県","呉西","indexable","C","P1","missing_reading|missing_example","reading_verification|example_research","1","false","false","",""
"jp-16-toyama-025","イチニチニ サンゴーサエ イランワ","富山県","呉西","indexable","C","P1","missing_reading|missing_example","reading_verification|example_research","1","false","false","",""
"jp-16-toyama-026","イランチャ イマノ オコダチャ","富山県","呉西","indexable","C","P1","missing_reading|missing_example","reading_verification|example_research","1","false","false","",""
"jp-16-toyama-027","サンゴーノ ゴハンサエ タベッサランチャ","富山県","呉西","indexable","C","P1","missing_reading|missing_example","reading_verification|example_research","1","false","false","",""
"jp-16-toyama-028","ソッカラ ソンカワンニ フクショク チューモンナ","富山県","呉西","indexable","C","P1","missing_reading|missing_example","reading_verification|example_research","1","false","false","",""
"jp-16-toyama-029","エーヨーナイモン ダッテ トチューナカデモ","富山県","呉西","indexable","C","P1","missing_reading|missing_example","reading_verification|example_research","1","false","false","",""
"jp-16-toyama-030","ナンモ","富山県","呉西","indexable","C","P1","missing_reading|missing_example","reading_verification|example_research","1","false","false","",""
"jp-16-toyama-031","トーフナンカ チューモンナ ソリャ イチバン エーヨーガ アッタモンナチャ","富山県","呉西","indexable","C","P1","missing_reading|missing_example","reading_verification|example_research","1","false","false","",""
"jp-16-toyama-032","タニテー シメボシンカ","富山県","呉西","indexable","C","P1","missing_reading|missing_example","reading_verification|example_research","1","false","false","",""
"jp-16-toyama-033","ベントノ オカズヤチャ シメボシ","富山県","呉西","indexable","C","P1","missing_reading|missing_example","reading_verification|example_research","1","false","false","",""
"jp-16-toyama-034","アノ コノゴロノ ナスビン ツケタヨーナ ナスビン シオズケガ","富山県","呉西","indexable","C","P1","missing_reading|missing_example","reading_verification|example_research","1","false","false","",""
"jp-16-toyama-035","ガッコーエ イクヨーニ ナット","富山県","呉西","indexable","C","P1","missing_reading|missing_example","reading_verification|example_research","1","false","false","",""
"jp-16-toyama-036","アノ ダイコンノ ツケタ アサズケオ タベルガ","富山県","呉西","indexable","C","P1","missing_reading|missing_example","reading_verification|example_research","1","false","false","",""
"jp-16-toyama-037","オエシテネ","富山県","呉西","indexable","C","P1","missing_reading|missing_example","reading_verification|example_research","1","false","false","",""
"jp-16-toyama-038","ソイデ イッショケンメー タベトッタモンデ","富山県","呉西","indexable","C","P1","missing_reading|missing_example","reading_verification|example_research","1","false","false","",""
"jp-16-toyama-039","ベツニ ナットランシ ガッコーエ イキャ","富山県","呉西","indexable","C","P1","missing_reading|missing_example","reading_verification|example_research","1","false","false","",""
"jp-16-toyama-040","キューショクデ ナン チャーント エーヨー ハカットレド","富山県","呉西","indexable","C","P1","missing_reading|missing_example","reading_verification|example_research","1","false","false","",""
"jp-16-toyama-041","ムカシノ モンナ ナンデモ タベサエシリャ","富山県","呉西","indexable","C","P1","missing_reading|missing_example","reading_verification|example_research","1","false","false","",""
"jp-16-toyama-042","ハラサエ フクレリャ ヨカッタモンジャ","富山県","呉西","indexable","C","P1","missing_reading|missing_example","reading_verification|example_research","1","false","false","",""
"jp-16-toyama-043","ソイデ ヤッパリ ナカニ","富山県","呉西","indexable","C","P1","missing_reading|missing_example","reading_verification|example_research","1","false","false","",""
"jp-16-toyama-044","オーキエ オラチャ X1サマ ユーテ","富山県","呉西","indexable","C","P1","missing_reading|missing_example","reading_verification|example_research","1","false","false","",""
"jp-16-toyama-045","X1 アノー X1サマ ユートッタガ","富山県","呉西","indexable","C","P1","missing_reading|missing_example","reading_verification|example_research","1","false","false","",""
"jp-16-toyama-046","アノ ヒトラチャ ムカシカラ ホレ モンモ アルヨーナ","富山県","呉西","indexable","C","P1","missing_reading|missing_example","reading_verification|example_research","1","false","false","",""
"jp-16-toyama-047","オーキエ ウチャッタモンジャデ","富山県","呉西","indexable","C","P1","missing_reading|missing_example","reading_verification|example_research","1","false","false","",""
"jp-16-toyama-048","コンデ ショーガユユーテ アノ ヒトノ ベントノ","富山県","呉西","indexable","C","P1","missing_reading|missing_example","reading_verification|example_research","1","false","false","",""
"jp-16-toyama-049","オカズ イチバン ヨカッタロ トオモトルワ","富山県","呉西","indexable","C","P1","missing_reading|missing_example","reading_verification|example_research","1","false","false","",""
"jp-16-toyama-050","オレ ミトル","富山県","呉西","indexable","C","P1","missing_reading|missing_example","reading_verification|example_research","1","false","false","",""
"jp-16-toyama-051","モンダイ オッキタガ ナツネ","富山県","呉西","indexable","C","P1","missing_reading|missing_example","reading_verification|example_research","1","false","false","",""
"jp-16-toyama-052","ソコノ ウチノ ショクジガ イチバン ヨカッタ チューガケ","富山県","呉西","indexable","C","P1","missing_reading|missing_example","reading_verification|example_research","1","false","false","",""
"jp-16-toyama-053","ドーモ ソーラシカッタ","富山県","呉西","indexable","C","P1","missing_reading|missing_example","reading_verification|example_research","1","false","false","",""
"jp-16-toyama-054","アンタ エカヤトカ タラノコズケミタイモン","富山県","呉西","indexable","C","P1","missing_reading|missing_example","reading_verification|example_research","1","false","false","",""
"jp-16-toyama-055","モッテキテクレタモン","富山県","呉西","indexable","C","P1","missing_reading|missing_example","reading_verification|example_research","1","false","false","",""
"jp-30-wakayama-001","つれもて","和歌山県","紀北","noindex","E","P2","publication_basis_review","candidate_for_index","1","true","true","","表示項目は揃っているが、公開根拠・確認状態の編集審査が必要なindex候補。公開状態は未変更。"
"jp-30-wakayama-002","ヨダチ（ヨダテ・ヨダッテ）","和歌山県","県内複数地域","indexable","C","P1","missing_reading|missing_example","reading_verification|example_research","1","false","false","",""
"jp-30-wakayama-003","ザブリ（ダブリ）","和歌山県","県内複数地域","indexable","C","P1","missing_reading|missing_example","reading_verification|example_research","1","false","false","",""
"jp-30-wakayama-004","アマ","和歌山県","県内複数地域","indexable","C","P1","missing_reading|missing_example","reading_verification|example_research","1","false","false","",""
"jp-30-wakayama-005","アマメ","和歌山県","紀南","indexable","C","P1","missing_reading|missing_example","reading_verification|example_research","1","false","false","",""
"jp-30-wakayama-006","アブラムシ","和歌山県","県内複数地域","indexable","C","P1","missing_reading|missing_example","reading_verification|example_research","1","false","false","",""
"jp-30-wakayama-007","ヘイハチ","和歌山県","紀南","indexable","C","P1","missing_reading|missing_example","reading_verification|example_research","1","false","false","",""
"jp-30-wakayama-008","アガ","和歌山県","県内複数地域","indexable","C","P1","missing_reading|missing_example","reading_verification|example_research","1","false","false","",""
"jp-30-wakayama-009","アタイ","和歌山県","県内複数地域","indexable","C","P1","missing_reading|missing_example","reading_verification|example_research","1","false","false","",""
"jp-30-wakayama-010","ウチ","和歌山県","県内複数地域","indexable","C","P1","missing_reading|missing_example","reading_verification|example_research","1","false","false","",""
"jp-30-wakayama-011","ウラ","和歌山県","県内複数地域","indexable","C","P1","missing_reading|missing_example","reading_verification|example_research","1","false","false","",""
"jp-30-wakayama-012","オラ","和歌山県","紀南","indexable","C","P1","missing_reading|missing_example","reading_verification|example_research","1","false","false","",""
"jp-30-wakayama-013","オレ","和歌山県","県内複数地域","indexable","C","P1","missing_reading|missing_example","reading_verification|example_research","1","false","false","",""
"jp-30-wakayama-014","ワイ","和歌山県","県内複数地域","indexable","C","P1","missing_reading|missing_example","reading_verification|example_research","1","false","false","",""
"jp-30-wakayama-015","ワエ","和歌山県","県内複数地域","indexable","C","P1","missing_reading|missing_example","reading_verification|example_research","1","false","false","",""
"jp-30-wakayama-016","ワガ","和歌山県","県内複数地域","indexable","C","P1","missing_reading|missing_example","reading_verification|example_research","1","false","false","",""
"jp-30-wakayama-017","ワタエ","和歌山県","県内複数地域","indexable","C","P1","missing_reading|missing_example","reading_verification|example_research","1","false","false","",""
"jp-30-wakayama-018","ワテ","和歌山県","県内複数地域","indexable","C","P1","missing_reading|missing_example","reading_verification|example_research","1","false","false","",""
"jp-30-wakayama-019","ワレ","和歌山県","紀北","indexable","C","P1","missing_reading|missing_example","reading_verification|example_research","1","false","false","",""
"jp-30-wakayama-020","オマイ","和歌山県","県内複数地域","indexable","C","P1","missing_reading|missing_example","reading_verification|example_research","1","false","false","",""
"jp-30-wakayama-021","オマエ","和歌山県","県内複数地域","indexable","C","P1","missing_reading|missing_example","reading_verification|example_research","1","false","false","",""
"jp-30-wakayama-022","オマハン","和歌山県","県内複数地域","indexable","C","P1","missing_reading|missing_example","reading_verification|example_research","1","false","false","",""
"jp-30-wakayama-023","オマン","和歌山県","県内複数地域","indexable","C","P1","missing_reading|missing_example","reading_verification|example_research","1","false","false","",""
"jp-30-wakayama-024","オンシャ","和歌山県","県内複数地域","indexable","C","P1","missing_reading|missing_example","reading_verification|example_research","1","false","false","",""
"jp-30-wakayama-025","テキ","和歌山県","県内複数地域","indexable","C","P1","missing_reading|missing_example","reading_verification|example_research","1","false","false","",""
"jp-30-wakayama-026","ワレ","和歌山県","県内複数地域","indexable","C","P1","missing_reading|missing_example","reading_verification|example_research","1","false","false","",""
"jp-30-wakayama-027","アマエタ","和歌山県","県内複数地域","indexable","D","P0","missing_reading|missing_example|possible_content_duplicate","reading_verification|example_research|duplicate_review","1","false","false","","重複は文字列・SEO一致に基づく候補であり、統合には地域差と原資料の人間確認が必要。"
"jp-30-wakayama-028","アバエタ","和歌山県","県内複数地域","indexable","C","P1","missing_reading|missing_example","reading_verification|example_research","1","false","false","",""
"jp-30-wakayama-029","アマエタレ","和歌山県","県内複数地域","indexable","C","P1","missing_reading|missing_example","reading_verification|example_research","1","false","false","",""
"jp-30-wakayama-030","アマエボシ","和歌山県","県内複数地域","indexable","C","P1","missing_reading|missing_example","reading_verification|example_research","1","false","false","",""
"jp-30-wakayama-031","アマッタレ","和歌山県","県内複数地域","indexable","C","P1","missing_reading|missing_example","reading_verification|example_research","1","false","false","",""
"jp-30-wakayama-032","ギリ","和歌山県","県内複数地域","indexable","C","P1","missing_reading|missing_example","reading_verification|example_research","1","false","false","",""
"jp-30-wakayama-033","ツジ","和歌山県","県内複数地域","indexable","D","P0","missing_reading|missing_example|possible_content_duplicate","reading_verification|example_research|duplicate_review","1","false","false","","重複は文字列・SEO一致に基づく候補であり、統合には地域差と原資料の人間確認が必要。"
"jp-30-wakayama-034","マイマイ","和歌山県","県内複数地域","indexable","C","P1","missing_reading|missing_example","reading_verification|example_research","1","false","false","",""
"jp-30-wakayama-035","メバチコ","和歌山県","県内複数地域","indexable","C","P1","missing_reading|missing_example","reading_verification|example_research","1","false","false","",""
"jp-30-wakayama-036","メコジキ","和歌山県","紀南","indexable","C","P1","missing_reading|missing_example","reading_verification|example_research","1","false","false","",""
"jp-30-wakayama-037","オチャ","和歌山県","県内複数地域","indexable","C","P1","missing_reading|missing_example","reading_verification|example_research","1","false","false","",""
"jp-30-wakayama-038","オヤツ","和歌山県","県内複数地域","indexable","C","P1","missing_reading|missing_example","reading_verification|example_research","1","false","false","",""
"jp-30-wakayama-039","ケイショク","和歌山県","紀北","indexable","C","P1","missing_reading|missing_example","reading_verification|example_research","1","false","false","",""
"jp-30-wakayama-040","ケンズイ","和歌山県","県内複数地域","indexable","C","P1","missing_reading|missing_example","reading_verification|example_research","1","false","false","",""
"jp-30-wakayama-041","コジャ","和歌山県","紀南","indexable","C","P1","missing_reading|missing_example","reading_verification|example_research","1","false","false","",""
"jp-30-wakayama-042","コビリ","和歌山県","紀北","indexable","C","P1","missing_reading|missing_example","reading_verification|example_research","1","false","false","",""
"jp-30-wakayama-043","コビル","和歌山県","県内複数地域","indexable","C","P1","missing_reading|missing_example","reading_verification|example_research","1","false","false","",""
"jp-30-wakayama-044","ジュージノオヤツ","和歌山県","紀南","indexable","C","P1","missing_reading|missing_example","reading_verification|example_research","1","false","false","",""
"jp-30-wakayama-045","ジュンノー","和歌山県","紀北","indexable","C","P1","missing_reading|missing_example","reading_verification|example_research","1","false","false","",""
"jp-30-wakayama-046","ハヤビル","和歌山県","県内複数地域","indexable","C","P1","missing_reading|missing_example","reading_verification|example_research","1","false","false","",""
"jp-30-wakayama-047","オマゼ（オマデ）","和歌山県","県内複数地域","indexable","C","P1","missing_reading|missing_example","reading_verification|example_research","1","false","false","",""
"jp-30-wakayama-048","カキマゼ（カキマデ）","和歌山県","県内複数地域","indexable","C","P1","missing_reading|missing_example","reading_verification|example_research","1","false","false","",""
"jp-30-wakayama-049","カキマゼメシ（カキマデメシ）","和歌山県","県内複数地域","indexable","C","P1","missing_reading|missing_example","reading_verification|example_research","1","false","false","",""
"jp-30-wakayama-050","カヤクゴハン","和歌山県","県内複数地域","indexable","C","P1","missing_reading|missing_example","reading_verification|example_research","1","false","false","",""
"jp-30-wakayama-051","カヤクメシ","和歌山県","県内複数地域","indexable","C","P1","missing_reading|missing_example","reading_verification|example_research","1","false","false","",""
"jp-30-wakayama-052","ゴモクゴハン","和歌山県","県内複数地域","indexable","C","P1","missing_reading|missing_example","reading_verification|example_research","1","false","false","",""
"jp-30-wakayama-053","ショーユゴハン","和歌山県","県内複数地域","indexable","C","P1","missing_reading|missing_example","reading_verification|example_research","1","false","false","",""
"jp-30-wakayama-054","ショーユメシ","和歌山県","県内複数地域","indexable","C","P1","missing_reading|missing_example","reading_verification|example_research","1","false","false","",""
"jp-30-wakayama-055","タキコミ","和歌山県","県内複数地域","indexable","C","P1","missing_reading|missing_example","reading_verification|example_research","1","false","false","",""
"jp-30-wakayama-056","タキコミゴハン","和歌山県","県内複数地域","indexable","C","P1","missing_reading|missing_example","reading_verification|example_research","1","false","false","",""
"jp-30-wakayama-057","シバ","和歌山県","県内複数地域","indexable","C","P1","missing_reading|missing_example","reading_verification|example_research","1","false","false","",""
"jp-30-wakayama-058","タキモノ","和歌山県","県内複数地域","indexable","C","P1","missing_reading|missing_example","reading_verification|example_research","1","false","false","",""
"jp-30-wakayama-059","タキモン","和歌山県","県内複数地域","indexable","C","P1","missing_reading|missing_example","reading_verification|example_research","1","false","false","",""
"jp-30-wakayama-060","タンバ","和歌山県","県内複数地域","indexable","C","P1","missing_reading|missing_example","reading_verification|example_research","1","false","false","",""
"jp-30-wakayama-061","マキ","和歌山県","県内複数地域","indexable","C","P1","missing_reading|missing_example","reading_verification|example_research","1","false","false","",""
"jp-30-wakayama-062","テンテラテン","和歌山県","紀北","indexable","C","P1","missing_reading|missing_example","reading_verification|example_research","1","false","false","",""
"jp-30-wakayama-063","チッチリコ","和歌山県","紀北","indexable","C","P1","missing_reading|missing_example","reading_verification|example_research","1","false","false","",""
"jp-30-wakayama-064","イグイモ","和歌山県","紀北","indexable","C","P1","missing_reading|missing_example","reading_verification|example_research","1","false","false","",""
"jp-30-wakayama-065","アエラ","和歌山県","紀北","indexable","C","P1","missing_reading|missing_example","reading_verification|example_research","1","false","false","",""
"jp-30-wakayama-066","アノガキ","和歌山県","紀北","indexable","C","P1","missing_reading|missing_example","reading_verification|example_research","1","false","false","",""
"jp-30-wakayama-067","テキャラ","和歌山県","紀中","indexable","C","P1","missing_reading|missing_example","reading_verification|example_research","1","false","false","",""
"jp-30-wakayama-068","アバレ","和歌山県","紀中","indexable","C","P1","missing_reading|missing_example","reading_verification|example_research","1","false","false","",""
"jp-30-wakayama-069","ヤクザボシ","和歌山県","紀北","indexable","C","P1","missing_reading|missing_example","reading_verification|example_research","1","false","false","",""
"jp-30-wakayama-070","インゲハン","和歌山県","紀北","indexable","C","P1","missing_reading|missing_example","reading_verification|example_research","1","false","false","",""
"jp-30-wakayama-071","インギャン","和歌山県","紀北","indexable","C","P1","missing_reading|missing_example","reading_verification|example_research","1","false","false","",""
"jp-30-wakayama-072","カバチ","和歌山県","紀南","indexable","C","P1","missing_reading|missing_example","reading_verification|example_research","1","false","false","",""
"jp-30-wakayama-073","ヒャッカン","和歌山県","紀北","indexable","C","P1","missing_reading|missing_example","reading_verification|example_research","1","false","false","",""
"jp-30-wakayama-074","アツサアタリ","和歌山県","紀南","indexable","C","P1","missing_reading|missing_example","reading_verification|example_research","1","false","false","",""
"jp-30-wakayama-075","ハクラ","和歌山県","紀南","indexable","C","P1","missing_reading|missing_example","reading_verification|example_research","1","false","false","",""
"jp-30-wakayama-076","オイスケ","和歌山県","紀南","indexable","C","P1","missing_reading|missing_example","reading_verification|example_research","1","false","false","",""
"jp-30-wakayama-077","オイバンチャ","和歌山県","紀南","indexable","C","P1","missing_reading|missing_example","reading_verification|example_research","1","false","false","",""
"jp-30-wakayama-078","オッパドーギ","和歌山県","紀北","indexable","C","P1","missing_reading|missing_example","reading_verification|example_research","1","false","false","",""
"jp-30-wakayama-079","カメ","和歌山県","紀北","indexable","C","P1","missing_reading|missing_example","reading_verification|example_research","1","false","false","",""
"jp-30-wakayama-080","ドンギ","和歌山県","紀北","indexable","C","P1","missing_reading|missing_example","reading_verification|example_research","1","false","false","",""
"jp-30-wakayama-081","ドンダ","和歌山県","紀中","indexable","C","P1","missing_reading|missing_example","reading_verification|example_research","1","false","false","",""
"jp-30-wakayama-082","モリオビ","和歌山県","紀北","indexable","C","P1","missing_reading|missing_example","reading_verification|example_research","1","false","false","",""
"jp-30-wakayama-083","モリドーギ","和歌山県","紀北","indexable","C","P1","missing_reading|missing_example","reading_verification|example_research","1","false","false","",""
"jp-30-wakayama-084","モリドンギ","和歌山県","紀北","indexable","C","P1","missing_reading|missing_example","reading_verification|example_research","1","false","false","",""
"jp-30-wakayama-085","ヨツチャ","和歌山県","紀中","indexable","C","P1","missing_reading|missing_example","reading_verification|example_research","1","false","false","",""
"jp-30-wakayama-086","ヨッシャ（ヨッシャー）","和歌山県","紀中","indexable","C","P1","missing_reading|missing_example","reading_verification|example_research","1","false","false","",""
"jp-30-wakayama-087","タッコミゴハン","和歌山県","紀南","indexable","C","P1","missing_reading|missing_example","reading_verification|example_research","1","false","false","",""
"jp-30-wakayama-088","タキメシ","和歌山県","紀南","indexable","C","P1","missing_reading|missing_example","reading_verification|example_research","1","false","false","",""
"jp-30-wakayama-089","マゼコミ","和歌山県","紀南","indexable","C","P1","missing_reading|missing_example","reading_verification|example_research","1","false","false","",""
"jp-30-wakayama-090","イタヤキ","和歌山県","紀北","indexable","C","P1","missing_reading|missing_example","reading_verification|example_research","1","false","false","",""
"jp-30-wakayama-091","カシワマンジュー","和歌山県","紀北","indexable","C","P1","missing_reading|missing_example","reading_verification|example_research","1","false","false","",""
"jp-30-wakayama-092","イビツ","和歌山県","紀南","indexable","C","P1","missing_reading|missing_example","reading_verification|example_research","1","false","false","",""
"jp-30-wakayama-093","イビツモチ","和歌山県","紀南","indexable","C","P1","missing_reading|missing_example","reading_verification|example_research","1","false","false","",""
"jp-30-wakayama-094","エビツ","和歌山県","紀南","indexable","C","P1","missing_reading|missing_example","reading_verification|example_research","1","false","false","",""
"jp-30-wakayama-095","オサスリ","和歌山県","紀南","indexable","C","P1","missing_reading|missing_example","reading_verification|example_research","1","false","false","",""
"jp-06-yamagata-001","おしょうしな","山形県","置賜","indexable","A","P3","","manual_editor_review","2","true","true","",""
"jp-06-yamagata-002","今日のテストわがらねくて","山形県","村山","indexable","B","P1","missing_reading","reading_verification","1","false","true","",""
"jp-06-yamagata-003","しゃますした","山形県","村山","indexable","B","P1","missing_reading","reading_verification","1","false","true","",""
"jp-06-yamagata-004","わがらなねたって","山形県","村山","indexable","B","P1","missing_reading","reading_verification","1","false","true","",""
"jp-06-yamagata-005","さすかえなえ","山形県","村山","indexable","B","P1","missing_reading","reading_verification","1","false","true","",""
"jp-06-yamagata-006","お前だ","山形県","村山","indexable","B","P1","missing_reading","reading_verification","1","false","true","",""
"jp-06-yamagata-007","だめだっぺした","山形県","村山","indexable","B","P1","missing_reading","reading_verification","1","false","true","",""
"jp-06-yamagata-008","勉強すねど","山形県","村山","indexable","B","P1","missing_reading","reading_verification","1","false","true","",""
"jp-06-yamagata-009","偉ぐならんねぞ","山形県","村山","indexable","B","P1","missing_reading","reading_verification","1","false","true","",""
"jp-06-yamagata-010","偉ぐあて","山形県","村山","indexable","B","P1","missing_reading","reading_verification","1","false","true","",""
"jp-06-yamagata-011","ならんたて","山形県","村山","indexable","B","P1","missing_reading","reading_verification","1","false","true","",""
"jp-06-yamagata-012","へらから言わねで","山形県","村山","indexable","B","P1","missing_reading","reading_verification","1","false","true","",""
"jp-06-yamagata-013","ちゃっちゃど勉強すろ","山形県","村山","indexable","B","P1","missing_reading","reading_verification","1","false","true","",""
"jp-06-yamagata-014","かすますえづね","山形県","村山","indexable","B","P1","missing_reading","reading_verification","1","false","true","",""
"jp-06-yamagata-015","ごしゃぐがらな","山形県","村山","indexable","B","P1","missing_reading","reading_verification","1","false","true","",""
"jp-06-yamagata-016","わがらねぐで","山形県","庄内","indexable","B","P1","missing_reading","reading_verification","1","false","true","",""
"jp-06-yamagata-017","よいでねけ","山形県","庄内","indexable","B","P1","missing_reading","reading_verification","1","false","true","",""
"jp-06-yamagata-018","なんでもね","山形県","庄内","indexable","B","P1","missing_reading","reading_verification","1","false","true","",""
"jp-06-yamagata-019","おめだ","山形県","庄内","indexable","B","P1","missing_reading","reading_verification","1","false","true","",""
"jp-06-yamagata-020","だめだんねあんが","山形県","庄内","indexable","B","P1","missing_reading","reading_verification","1","false","true","",""
"jp-06-yamagata-021","勉強しねど","山形県","庄内","indexable","B","P1","missing_reading","reading_verification","1","false","true","",""
"jp-06-yamagata-022","偉ぐならんねさげの","山形県","庄内","indexable","B","P1","missing_reading","reading_verification","1","false","true","",""
"jp-06-yamagata-023","なんねぐても","山形県","庄内","indexable","B","P1","missing_reading","reading_verification","1","false","true","",""
"jp-06-yamagata-024","いさげ","山形県","庄内","indexable","B","P1","missing_reading","reading_verification","1","false","true","",""
"jp-06-yamagata-025","しゃべっちょこいでねで","山形県","庄内","indexable","B","P1","missing_reading","reading_verification","1","false","true","",""
"jp-06-yamagata-026","ちゃっちゃど勉強せ","山形県","庄内","indexable","B","P1","missing_reading","reading_verification","1","false","true","",""
"jp-06-yamagata-027","やがましちゃ","山形県","庄内","indexable","B","P1","missing_reading","reading_verification","1","false","true","",""
"jp-06-yamagata-028","ごげっぞ","山形県","庄内","indexable","B","P1","missing_reading","reading_verification","1","false","true","",""
"jp-06-yamagata-029","せば く～","山形県","庄内","indexable","B","P1","missing_reading","reading_verification","1","false","true","",""
"jp-06-yamagata-030","わがんねくて","山形県","置賜","indexable","B","P1","missing_reading","reading_verification","1","false","true","",""
"jp-06-yamagata-031","大変だっけ","山形県","置賜","indexable","B","P1","missing_reading","reading_verification","1","false","true","",""
"jp-06-yamagata-032","え～ごで","山形県","置賜","indexable","B","P1","missing_reading","reading_verification","1","false","true","",""
"jp-06-yamagata-033","お前だ","山形県","置賜","indexable","B","P1","missing_reading","reading_verification","1","false","true","",""
"jp-06-yamagata-034","だめだごで","山形県","置賜","indexable","B","P1","missing_reading","reading_verification","1","false","true","",""
"jp-06-yamagata-035","勉強しねごんば","山形県","置賜","indexable","B","P1","missing_reading","reading_verification","1","false","true","",""
"jp-06-yamagata-036","偉ぐならんねぞ","山形県","置賜","indexable","B","P1","missing_reading","reading_verification","1","false","true","",""
"jp-06-yamagata-037","なんねたて","山形県","置賜","indexable","B","P1","missing_reading","reading_verification","1","false","true","",""
"jp-06-yamagata-038","え～もは","山形県","置賜","indexable","B","P1","missing_reading","reading_verification","1","false","true","",""
"jp-06-yamagata-039","へらからしねで","山形県","置賜","indexable","B","P1","missing_reading","reading_verification","1","false","true","",""
"jp-06-yamagata-040","勉強すんなねごで","山形県","置賜","indexable","B","P1","missing_reading","reading_verification","1","false","true","",""
"jp-06-yamagata-041","やがましぇな","山形県","置賜","indexable","B","P1","missing_reading","reading_verification","1","false","true","",""
"jp-06-yamagata-042","ごしゃぐぞ","山形県","置賜","indexable","B","P1","missing_reading","reading_verification","1","false","true","",""
"jp-06-yamagata-043","かしぇでけろ","山形県","置賜","indexable","B","P1","missing_reading","reading_verification","1","false","true","",""
"jp-06-yamagata-044","どさやったが","山形県","最上","indexable","B","P1","missing_reading","reading_verification","1","false","true","",""
"jp-06-yamagata-045","めねぐなった","山形県","最上","indexable","B","P1","missing_reading","reading_verification","1","false","true","",""
"jp-06-yamagata-046","しゃねが","山形県","最上","indexable","B","P1","missing_reading","reading_verification","1","false","true","",""
"jp-06-yamagata-047","やっちゃねぐしてっがら","山形県","最上","indexable","B","P1","missing_reading","reading_verification","1","false","true","",""
"jp-06-yamagata-048","ねぐすなあじゅ","山形県","最上","indexable","B","P1","missing_reading","reading_verification","1","false","true","",""
"jp-06-yamagata-049","んだじゅ","山形県","最上","indexable","B","P1","missing_reading","reading_verification","1","false","true","",""
"jp-06-yamagata-050","部屋ばたねろ","山形県","最上","indexable","B","P1","missing_reading","reading_verification","1","false","true","",""
"jp-06-yamagata-051","すこだま物あって","山形県","最上","indexable","B","P1","missing_reading","reading_verification","1","false","true","",""
"jp-06-yamagata-052","しゃあますしったんじゅ","山形県","最上","indexable","B","P1","missing_reading","reading_verification","1","false","true","",""
"jp-06-yamagata-053","なげだんんねがやぁ","山形県","最上","indexable","B","P1","missing_reading","reading_verification","1","false","true","",""
"jp-06-yamagata-054","かっちゃして","山形県","最上","indexable","B","P1","missing_reading","reading_verification","1","false","true","",""
"jp-06-yamagata-055","ごしゃがれっけぇわ","山形県","最上","indexable","B","P1","missing_reading","reading_verification","1","false","true","",""
"jp-06-yamagata-056","さだげねじゅ","山形県","最上","indexable","B","P1","missing_reading","reading_verification","1","false","true","",""
"jp-06-yamagata-057","きかなす","山形県","最上","indexable","B","P1","missing_reading","reading_verification","1","false","true","",""
"jp-35-yamaguchi-001","ぶち","山口県","県西部（宇部・下関など）","noindex","E","P2","publication_basis_review","candidate_for_index","1","true","true","","表示項目は揃っているが、公開根拠・確認状態の編集審査が必要なindex候補。公開状態は未変更。"
"jp-35-yamaguchi-002","あーた","山口県","周南地方","indexable","A","P3","","manual_editor_review","1","true","true","",""
"jp-35-yamaguchi-003","ああぬく","山口県","周南地方","indexable","A","P3","","manual_editor_review","1","true","true","",""
"jp-35-yamaguchi-004","あーや こーや","山口県","周南地方","indexable","A","P3","","manual_editor_review","1","true","true","",""
"jp-35-yamaguchi-005","あいた","山口県","県東部（岩国・柳井など）","indexable","A","P3","","manual_editor_review","1","true","true","",""
"jp-35-yamaguchi-006","あいだけ","山口県","県東部（岩国・柳井など）","indexable","A","P3","","manual_editor_review","1","true","true","",""
"jp-35-yamaguchi-007","あえ","山口県","県東部（岩国・柳井など）","indexable","A","P3","","manual_editor_review","1","true","true","",""
"jp-35-yamaguchi-008","あぇーた","山口県","県東部（岩国・柳井など）","indexable","A","P3","","manual_editor_review","1","true","true","",""
"jp-35-yamaguchi-009","あおじ","山口県","県東部（岩国・柳井など）","indexable","A","P3","","manual_editor_review","1","true","true","",""
"jp-35-yamaguchi-010","あかー","山口県","県東部（岩国・柳井など）","indexable","A","P3","","manual_editor_review","1","true","true","",""
"jp-35-yamaguchi-011","あかい","山口県","県東部（岩国・柳井など）","indexable","A","P3","","manual_editor_review","1","true","true","",""
"jp-35-yamaguchi-012","あがいな","山口県","県東部（岩国・柳井など）","indexable","A","P3","","manual_editor_review","1","true","true","",""
"jp-35-yamaguchi-013","あがく","山口県","県東部（岩国・柳井など）","indexable","A","P3","","manual_editor_review","1","true","true","",""
"jp-35-yamaguchi-014","あがりいの","山口県","県東部（岩国・柳井など）","indexable","A","P3","","manual_editor_review","1","true","true","",""
"jp-35-yamaguchi-015","あがりこぐち","山口県","県東部（岩国・柳井など）","indexable","A","P3","","manual_editor_review","1","true","true","",""
"jp-35-yamaguchi-016","あがりはな","山口県","県東部（岩国・柳井など）","indexable","A","P3","","manual_editor_review","1","true","true","",""
"jp-35-yamaguchi-017","あきらめんこーに","山口県","県東部（岩国・柳井など）","indexable","A","P3","","manual_editor_review","1","true","true","",""
"jp-35-yamaguchi-018","あぐ","山口県","県東部（岩国・柳井など）","indexable","A","P3","","manual_editor_review","1","true","true","",""
"jp-35-yamaguchi-019","あくばる","山口県","県東部（岩国・柳井など）","indexable","A","P3","","manual_editor_review","1","true","true","",""
"jp-35-yamaguchi-020","あげえに","山口県","県東部（岩国・柳井など）","indexable","A","P3","","manual_editor_review","1","true","true","",""
"jp-35-yamaguchi-021","あげんさい","山口県","県東部（岩国・柳井など）","indexable","A","P3","","manual_editor_review","1","true","true","",""
"jp-35-yamaguchi-022","あこーなる","山口県","県東部（岩国・柳井など）","indexable","A","P3","","manual_editor_review","1","true","true","",""
"jp-35-yamaguchi-023","あさってのほーみちょる","山口県","県東部（岩国・柳井など）","indexable","A","P3","","manual_editor_review","1","true","true","",""
"jp-35-yamaguchi-024","あさま","山口県","県東部（岩国・柳井など）","indexable","A","P3","","manual_editor_review","1","true","true","",""
"jp-35-yamaguchi-025","あずる","山口県","県東部（岩国・柳井など）","indexable","A","P3","","manual_editor_review","1","true","true","",""
"jp-35-yamaguchi-026","あそーだ","山口県","県東部（岩国・柳井など）","indexable","A","P3","","manual_editor_review","1","true","true","",""
"jp-35-yamaguchi-027","あたまにいく","山口県","県東部（岩国・柳井など）","indexable","A","P3","","manual_editor_review","1","true","true","",""
"jp-35-yamaguchi-028","あたまをまるがす","山口県","県東部（岩国・柳井など）","indexable","A","P3","","manual_editor_review","1","true","true","",""
"jp-35-yamaguchi-029","あたん","山口県","県東部（岩国・柳井など）","indexable","A","P3","","manual_editor_review","1","true","true","",""
"jp-35-yamaguchi-030","あっこ","山口県","県東部（岩国・柳井など）","indexable","A","P3","","manual_editor_review","1","true","true","",""
"jp-35-yamaguchi-031","あっちゃ こっちゃ","山口県","県東部（岩国・柳井など）","indexable","A","P3","","manual_editor_review","1","true","true","",""
"jp-35-yamaguchi-032","あてっぽうに","山口県","県東部（岩国・柳井など）","indexable","A","P3","","manual_editor_review","1","true","true","",""
"jp-35-yamaguchi-033","カナフグ","山口県","県東部（岩国・柳井など）","indexable","C","P1","missing_reading|missing_example","reading_verification|example_research","1","false","false","",""
"jp-35-yamaguchi-034","デゴン","山口県","県東部（岩国・柳井など）","indexable","C","P1","missing_reading|missing_example","reading_verification|example_research","1","false","false","",""
"jp-35-yamaguchi-035","タイワン","山口県","県東部（岩国・柳井など）","indexable","C","P1","missing_reading|missing_example","reading_verification|example_research","1","false","false","",""
"jp-35-yamaguchi-036","カラスガイ","山口県","県東部（岩国・柳井など）","indexable","C","P1","missing_reading|missing_example","reading_verification|example_research","1","false","false","",""
"jp-35-yamaguchi-037","マツンボ","山口県","県東部（岩国・柳井など）","indexable","C","P1","missing_reading|missing_example","reading_verification|example_research","1","false","false","",""
"jp-35-yamaguchi-038","アカイカ","山口県","県東部（岩国・柳井など）","indexable","C","P1","missing_reading|missing_example","reading_verification|example_research","1","false","false","",""
"jp-35-yamaguchi-039","ワタリガニ","山口県","県東部（岩国・柳井など）","indexable","C","P1","missing_reading|missing_example","reading_verification|example_research","1","false","false","",""
"jp-35-yamaguchi-040","ゲイシャガニ","山口県","県東部（岩国・柳井など）","indexable","C","P1","missing_reading|missing_example","reading_verification|example_research","1","false","false","",""
"jp-35-yamaguchi-041","アカアシ","山口県","県東部（岩国・柳井など）","indexable","C","P1","missing_reading|missing_example","reading_verification|example_research","1","false","false","",""
"jp-35-yamaguchi-042","ギロ","山口県","県東部（岩国・柳井など）","indexable","C","P1","missing_reading|missing_example","reading_verification|example_research","1","false","false","",""
"jp-35-yamaguchi-043","よかぐら","山口県","県中央部（山口・防府など）","noindex","B","P3","missing_example|core_evidence_scope_incomplete","example_research|keep_noindex","1","true","false","","現時点ではnoindex維持を推奨。"
"jp-35-yamaguchi-044","あまがえる","山口県","県中央部（山口・防府など）","noindex","B","P3","missing_example|core_evidence_scope_incomplete","example_research|keep_noindex","1","true","false","","現時点ではnoindex維持を推奨。"
"jp-35-yamaguchi-045","かたぐるま","山口県","県中央部（山口・防府など）","noindex","B","P3","missing_example|core_evidence_scope_incomplete","example_research|keep_noindex","1","true","false","","現時点ではnoindex維持を推奨。"
"jp-35-yamaguchi-046","こだから","山口県","県中央部（山口・防府など）","noindex","B","P3","missing_example|core_evidence_scope_incomplete","example_research|keep_noindex","1","true","false","","現時点ではnoindex維持を推奨。"
"jp-35-yamaguchi-047","きごころ","山口県","県中央部（山口・防府など）","noindex","B","P3","missing_example|core_evidence_scope_incomplete","example_research|keep_noindex","1","true","false","","現時点ではnoindex維持を推奨。"
"jp-35-yamaguchi-048","きたまくら","山口県","県中央部（山口・防府など）","noindex","B","P3","missing_example|core_evidence_scope_incomplete","example_research|keep_noindex","1","true","false","","現時点ではnoindex維持を推奨。"
"jp-35-yamaguchi-049","あまがさ","山口県","県中央部（山口・防府など）","noindex","B","P3","missing_example|core_evidence_scope_incomplete","example_research|keep_noindex","1","true","false","","現時点ではnoindex維持を推奨。"
"jp-35-yamaguchi-050","はるさめ","山口県","県中央部（山口・防府など）","noindex","B","P3","missing_example|core_evidence_scope_incomplete","example_research|keep_noindex","1","true","false","","現時点ではnoindex維持を推奨。"
"jp-35-yamaguchi-051","みずうみ","山口県","県中央部（山口・防府など）","noindex","B","P3","missing_example|core_evidence_scope_incomplete","example_research|keep_noindex","1","true","false","","現時点ではnoindex維持を推奨。"
"jp-35-yamaguchi-052","せなか","山口県","県中央部（山口・防府など）","noindex","B","P3","missing_example|core_evidence_scope_incomplete","example_research|keep_noindex","1","true","false","","現時点ではnoindex維持を推奨。"
"jp-35-yamaguchi-053","いっちょったん？","山口県","県西部（宇部・下関など）","indexable","B","P1","missing_reading","reading_verification","1","false","true","",""
"jp-35-yamaguchi-054","探したっちゃ。","山口県","県西部（宇部・下関など）","indexable","B","P1","missing_reading","reading_verification","1","false","true","",""
"jp-35-yamaguchi-055","来んにゃあ","山口県","県西部（宇部・下関など）","indexable","B","P1","missing_reading","reading_verification","1","false","true","",""
"jp-35-yamaguchi-056","おっちゃってですか","山口県","県西部（宇部・下関など）","indexable","B","P1","missing_reading","reading_verification","1","false","true","",""
"jp-35-yamaguchi-057","カンバレ","山口県","県西部（宇部・下関など）","indexable","C","P1","missing_reading|missing_example","reading_verification|example_research","1","false","false","",""
"jp-35-yamaguchi-058","アビタクム","山口県","県西部（宇部・下関など）","indexable","C","P1","missing_reading|missing_example","reading_verification|example_research","1","false","false","",""
"jp-35-yamaguchi-059","アナジ","山口県","県西部（宇部・下関など）","indexable","C","P1","missing_reading|missing_example","reading_verification|example_research","1","false","false","",""
"jp-35-yamaguchi-060","ハエニシ","山口県","県西部（宇部・下関など）","indexable","C","P1","missing_reading|missing_example","reading_verification|example_research","1","false","false","",""
"jp-35-yamaguchi-061","ドネージャッタロー カェエ。","山口県","県西部（宇部・下関など）","indexable","B","P1","missing_reading","reading_verification","1","false","true","",""
"jp-35-yamaguchi-062","ソエソエ。","山口県","県西部（宇部・下関など）","indexable","C","P1","missing_reading|missing_example","reading_verification|example_research","1","false","false","",""
"jp-35-yamaguchi-063","オイキンサンセ","山口県","県北部（萩・長門など）","indexable","B","P1","missing_reading","reading_verification","1","false","true","",""
"jp-35-yamaguchi-064","ミーシャイ","山口県","県北部（萩・長門など）","indexable","B","P1","missing_reading","reading_verification","1","false","true","",""
"jp-35-yamaguchi-065","イキサェエル","山口県","県北部（萩・長門など）","indexable","B","P1","missing_reading","reading_verification","1","false","true","",""
"jp-35-yamaguchi-066","オッテジャ","山口県","県北部（萩・長門など）","indexable","B","P1","missing_reading","reading_verification","1","false","true","",""
"jp-35-yamaguchi-067","ネバッチャッタ","山口県","県北部（萩・長門など）","indexable","B","P1","missing_reading","reading_verification","1","false","true","",""
"jp-35-yamaguchi-068","オカエリマシタ デ","山口県","県北部（萩・長門など）","indexable","B","P1","missing_reading","reading_verification","1","false","true","",""
"jp-35-yamaguchi-069","キヤーレ","山口県","県北部（萩・長門など）","indexable","B","P1","missing_reading","reading_verification","1","false","true","",""
"jp-35-yamaguchi-070","オー。マメナ マメナ。","山口県","県北部（萩・長門など）","indexable","B","P1","missing_reading","reading_verification","1","false","true","",""
"jp-35-yamaguchi-071","サーリャ ノンタ。","山口県","県北部（萩・長門など）","indexable","B","P1","missing_reading","reading_verification","1","false","true","",""
"jp-35-yamaguchi-072","ドーデショー キャエ。オボエマセン チャ。","山口県","県北部（萩・長門など）","indexable","B","P1","missing_reading","reading_verification","1","false","true","",""
"jp-35-yamaguchi-073","ノーマイ","山口県","島嶼部（周防大島・平郡島など）","indexable","B","P1","missing_reading","reading_verification","1","false","true","",""
"jp-35-yamaguchi-074","ワー","山口県","島嶼部（周防大島・平郡島など）","indexable","B","P1","missing_reading","reading_verification","1","false","true","",""
"jp-35-yamaguchi-075","ワ","山口県","島嶼部（周防大島・平郡島など）","indexable","B","P1","missing_reading","reading_verification","1","false","true","",""
"jp-35-yamaguchi-076","ミンサイ","山口県","島嶼部（周防大島・平郡島など）","indexable","B","P1","missing_reading","reading_verification","1","false","true","",""
"jp-35-yamaguchi-077","トミー","山口県","島嶼部（周防大島・平郡島など）","indexable","B","P1","missing_reading","reading_verification","1","false","true","",""
"jp-35-yamaguchi-078","〜トサイガ","山口県","島嶼部（周防大島・平郡島など）","indexable","B","P1","missing_reading","reading_verification","1","false","true","",""
"jp-35-yamaguchi-079","オギンチャン","山口県","島嶼部（周防大島・平郡島など）","indexable","C","P1","missing_reading|missing_example","reading_verification|example_research","1","false","false","",""
"jp-35-yamaguchi-080","ゲイシャ","山口県","島嶼部（周防大島・平郡島など）","indexable","C","P1","missing_reading|missing_example","reading_verification|example_research","1","false","false","",""
"jp-35-yamaguchi-081","ギッチョ","山口県","島嶼部（周防大島・平郡島など）","indexable","C","P1","missing_reading|missing_example","reading_verification|example_research","1","false","false","",""
"jp-35-yamaguchi-082","スミイカ","山口県","島嶼部（周防大島・平郡島など）","indexable","C","P1","missing_reading|missing_example","reading_verification|example_research","1","false","false","",""
"jp-19-yamanashi-001","ほうけ","山梨県","国中","noindex","E","P2","missing_source","source_research|keep_noindex","0","true","true","","記録済み出典がないため、資料確認まで根拠を補完しない。 現時点ではnoindex維持を推奨。"
"jp-19-yamanashi-002","あかやかん","山梨県","国中","indexable","A","P3","","manual_editor_review","1","true","true","",""
"jp-19-yamanashi-003","いんめい","山梨県","国中","indexable","A","P3","","manual_editor_review","1","true","true","",""
"jp-19-yamanashi-004","おべえとう","山梨県","国中","indexable","A","P3","","manual_editor_review","1","true","true","",""
"jp-19-yamanashi-005","かあとるまい","山梨県","国中","indexable","A","P3","","manual_editor_review","1","true","true","",""
"jp-19-yamanashi-006","がい","山梨県","国中","indexable","A","P3","","manual_editor_review","1","true","true","",""
"jp-19-yamanashi-007","きびしょ","山梨県","国中","indexable","A","P3","","manual_editor_review","1","true","true","",""
"jp-19-yamanashi-008","きんぽうじ","山梨県","国中","indexable","A","P3","","manual_editor_review","1","true","true","",""
"jp-19-yamanashi-009","くんねぷる","山梨県","国中","indexable","A","P3","","manual_editor_review","1","true","true","",""
"jp-19-yamanashi-010","だいやびん","山梨県","国中","indexable","A","P3","","manual_editor_review","1","true","true","",""
"jp-19-yamanashi-011","ひっちのやえん","山梨県","国中","indexable","A","P3","","manual_editor_review","1","true","true","",""
"jp-19-yamanashi-012","あかりい","山梨県","国中","indexable","C","P1","missing_reading|missing_example","reading_verification|example_research","1","false","false","",""
"jp-19-yamanashi-013","あがあの","山梨県","国中","indexable","C","P1","missing_reading|missing_example","reading_verification|example_research","1","false","false","",""
"jp-19-yamanashi-014","あがりませ","山梨県","国中","indexable","C","P1","missing_reading|missing_example","reading_verification|example_research","1","false","false","",""
"jp-19-yamanashi-015","あのもなあ","山梨県","国中","indexable","C","P1","missing_reading|missing_example","reading_verification|example_research","1","false","false","",""
"jp-19-yamanashi-016","あらく","山梨県","国中","indexable","C","P1","missing_reading|missing_example","reading_verification|example_research","1","false","false","",""
"jp-19-yamanashi-017","あんしゃあ","山梨県","国中","indexable","C","P1","missing_reading|missing_example","reading_verification|example_research","1","false","false","",""
"jp-19-yamanashi-018","いかのう","山梨県","国中","indexable","C","P1","missing_reading|missing_example","reading_verification|example_research","1","false","false","",""
"jp-19-yamanashi-019","いかい","山梨県","国中","indexable","C","P1","missing_reading|missing_example","reading_verification|example_research","1","false","false","",""
"jp-19-yamanashi-020","あんくれえ","山梨県","国中","indexable","C","P1","missing_reading|missing_example","reading_verification|example_research","1","false","false","",""
"jp-19-yamanashi-021","あんにょうに","山梨県","国中","indexable","C","P1","missing_reading|missing_example","reading_verification|example_research","1","false","false","",""
"jp-19-yamanashi-022","あんま","山梨県","国中","indexable","C","P1","missing_reading|missing_example","reading_verification|example_research","1","false","false","",""
"jp-19-yamanashi-023","あんやん","山梨県","国中","indexable","C","P1","missing_reading|missing_example","reading_verification|example_research","1","false","false","",""
"jp-19-yamanashi-024","あくぴ","山梨県","国中","indexable","C","P1","missing_reading|missing_example","reading_verification|example_research","1","false","false","",""
"jp-19-yamanashi-025","ありんどう","山梨県","国中","indexable","C","P1","missing_reading|missing_example","reading_verification|example_research","1","false","false","",""
"jp-19-yamanashi-026","あきんぎゃーぎゃー","山梨県","国中","indexable","C","P1","missing_reading|missing_example","reading_verification|example_research","1","false","false","",""
"jp-19-yamanashi-027","いせき","山梨県","国中","indexable","C","P1","missing_reading|missing_example","reading_verification|example_research","1","false","false","",""
"jp-19-yamanashi-028","ありしっけい","山梨県","国中","indexable","C","P1","missing_reading|missing_example","reading_verification|example_research","1","false","false","",""
"jp-19-yamanashi-029","あぶっか","山梨県","国中","indexable","C","P1","missing_reading|missing_example","reading_verification|example_research","1","false","false","",""
"jp-19-yamanashi-030","あばらや","山梨県","国中","indexable","C","P1","missing_reading|missing_example","reading_verification|example_research","1","false","false","",""
"jp-19-yamanashi-031","あそばだあ","山梨県","国中","indexable","C","P1","missing_reading|missing_example","reading_verification|example_research","1","false","false","",""
"jp-19-yamanashi-032","いってこい","山梨県","国中","indexable","C","P1","missing_reading|missing_example","reading_verification|example_research","1","false","false","",""
"jp-19-yamanashi-033","いとど","山梨県","国中","indexable","C","P1","missing_reading|missing_example","reading_verification|example_research","1","false","false","",""
"jp-19-yamanashi-034","いっぱした","山梨県","国中","indexable","C","P1","missing_reading|missing_example","reading_verification|example_research","1","false","false","",""
"jp-19-yamanashi-035","いらう","山梨県","国中","indexable","C","P1","missing_reading|missing_example","reading_verification|example_research","1","false","false","",""
"jp-19-yamanashi-036","あろうず","山梨県","国中","indexable","C","P1","missing_reading|missing_example","reading_verification|example_research","1","false","false","",""
"jp-19-yamanashi-037","あそびにん","山梨県","国中","indexable","C","P1","missing_reading|missing_example","reading_verification|example_research","1","false","false","",""
"jp-19-yamanashi-038","あんびん","山梨県","国中","indexable","C","P1","missing_reading|missing_example","reading_verification|example_research","1","false","false","",""
"jp-19-yamanashi-039","あばよ","山梨県","国中","indexable","C","P1","missing_reading|missing_example","reading_verification|example_research","1","false","false","",""
"jp-19-yamanashi-040","いんにゃあ","山梨県","国中","indexable","C","P1","missing_reading|missing_example","reading_verification|example_research","1","false","false","",""
"jp-19-yamanashi-041","いきやしょう","山梨県","国中","indexable","C","P1","missing_reading|missing_example","reading_verification|example_research","1","false","false","",""
"jp-19-yamanashi-042","うっちゃぁーる","山梨県","国中","indexable","C","P1","missing_reading|missing_example","reading_verification|example_research","1","false","false","",""
"jp-19-yamanashi-043","あかんぺろん","山梨県","国中","indexable","C","P1","missing_reading|missing_example","reading_verification|example_research","1","false","false","",""
"jp-19-yamanashi-044","あじめし","山梨県","国中","indexable","C","P1","missing_reading|missing_example","reading_verification|example_research","1","false","false","",""
"jp-19-yamanashi-045","あぶく","山梨県","国中","indexable","C","P1","missing_reading|missing_example","reading_verification|example_research","1","false","false","",""
"jp-19-yamanashi-046","ありき","山梨県","国中","indexable","C","P1","missing_reading|missing_example","reading_verification|example_research","1","false","false","",""
"jp-19-yamanashi-047","あれえざれえ","山梨県","国中","indexable","C","P1","missing_reading|missing_example","reading_verification|example_research","1","false","false","",""
"jp-19-yamanashi-048","いじくる","山梨県","国中","indexable","C","P1","missing_reading|missing_example","reading_verification|example_research","1","false","false","",""
"jp-19-yamanashi-049","あるどうに","山梨県","国中","indexable","C","P1","missing_reading|missing_example","reading_verification|example_research","1","false","false","",""
"jp-19-yamanashi-050","あだあだしている","山梨県","国中","indexable","C","P1","missing_reading|missing_example","reading_verification|example_research","1","false","false","",""
"jp-19-yamanashi-051","いくどうに","山梨県","国中","indexable","C","P1","missing_reading|missing_example","reading_verification|example_research","1","false","false","",""
"jp-19-yamanashi-052","いっとうけ","山梨県","国中","indexable","C","P1","missing_reading|missing_example","reading_verification|example_research","1","false","false","",""
"jp-19-yamanashi-053","いきやすけ","山梨県","国中","indexable","C","P1","missing_reading|missing_example","reading_verification|example_research","1","false","false","",""
"jp-19-yamanashi-054","えらあ","山梨県","国中","indexable","C","P1","missing_reading|missing_example","reading_verification|example_research","1","false","false","",""
"jp-19-yamanashi-055","なるい","山梨県","郡内","indexable","C","P1","missing_reading|missing_example","reading_verification|example_research","1","false","false","",""
